Date,HomeTeam,AwayTeam,Home team Points,Home team Goal scored,Home team Goal conceded,Home team Shot on target,Home team Red Cards,Away team Points,Away team Goal scored,Away team Goal conceded,Away team Shot on target,Away team Red Cards
5/8/2022,Crystal Palace,Arsenal,483.0,482.0,589.0,1620.0,17.0,1683.0,1625.0,927.0,5933.0,78.0
6/8/2022,Fulham,Liverpool,623.0,613.0,790.0,2895.0,41.0,1697.0,1625.0,826.0,6122.0,46.0
6/8/2022,Bournemouth,Aston Villa,181.0,196.0,261.0,610.0,9.0,965.0,963.0,1100.0,3945.0,52.0
6/8/2022,Leeds,Wolves,387.0,403.0,507.0,1515.0,25.0,392.0,358.0,513.0,1572.0,20.0
6/8/2022,Newcastle,Nottingham,1026.0,988.0,1180.0,4168.0,73.0,,,,,
6/8/2022,Tottenham,Southampton,1458.0,1406.0,1055.0,5576.0,58.0,733.0,733.0,890.0,2983.0,42.0
6/8/2022,Everton,Chelsea,1226.0,1147.0,1146.0,4676.0,84.0,1750.0,1634.0,779.0,5952.0,63.0
7/8/2022,Leicester,Brentford,616.0,664.0,667.0,2045.0,35.0,138.0,144.0,168.0,462.0,9.0
7/8/2022,Man United,Brighton,1746.0,1611.0,861.0,6038.0,53.0,282.0,250.0,292.0,871.0,18.0
7/8/2022,West Ham,Man City,961.0,980.0,1115.0,3762.0,59.0,1542.0,1591.0,878.0,5516.0,63.0
13/08/2022,Aston Villa,Everton,965.0,963.0,1100.0,3945.0,52.0,1226.0,1147.0,1146.0,4676.0,84.0
13/08/2022,Arsenal,Leicester,1683.0,1625.0,927.0,5933.0,78.0,616.0,664.0,667.0,2045.0,35.0
13/08/2022,Brighton,Newcastle,282.0,250.0,292.0,871.0,18.0,1026.0,988.0,1180.0,4168.0,73.0
13/08/2022,Man City,Bournemouth,1542.0,1591.0,878.0,5516.0,63.0,181.0,196.0,261.0,610.0,9.0
13/08/2022,Southampton,Leeds,733.0,733.0,890.0,2983.0,42.0,387.0,403.0,507.0,1515.0,25.0
13/08/2022,Wolves,Fulham,392.0,358.0,513.0,1572.0,20.0,623.0,613.0,790.0,2895.0,41.0
13/08/2022,Brentford,Man United,138.0,144.0,168.0,462.0,9.0,1746.0,1611.0,861.0,6038.0,53.0
14/08/2022,Nottingham,West Ham,,,,,,961.0,980.0,1115.0,3762.0,59.0
14/08/2022,Chelsea,Tottenham,1750.0,1634.0,779.0,5952.0,63.0,1458.0,1406.0,1055.0,5576.0,58.0
15/08/2022,Liverpool,Crystal Palace,1697.0,1625.0,826.0,6122.0,46.0,483.0,482.0,589.0,1620.0,17.0
20/08/2022,Tottenham,Wolves,1458.0,1406.0,1055.0,5576.0,58.0,392.0,358.0,513.0,1572.0,20.0
20/08/2022,Crystal Palace,Aston Villa,483.0,482.0,589.0,1620.0,17.0,965.0,963.0,1100.0,3945.0,52.0
20/08/2022,Everton,Nottingham,1226.0,1147.0,1146.0,4676.0,84.0,,,,,
20/08/2022,Fulham,Brentford,623.0,613.0,790.0,2895.0,41.0,138.0,144.0,168.0,462.0,9.0
20/08/2022,Leicester,Southampton,616.0,664.0,667.0,2045.0,35.0,733.0,733.0,890.0,2983.0,42.0
20/08/2022,Bournemouth,Arsenal,181.0,196.0,261.0,610.0,9.0,1683.0,1625.0,927.0,5933.0,78.0
21/08/2022,Leeds,Chelsea,387.0,403.0,507.0,1515.0,25.0,1750.0,1634.0,779.0,5952.0,63.0
21/08/2022,West Ham,Brighton,961.0,980.0,1115.0,3762.0,59.0,282.0,250.0,292.0,871.0,18.0
21/08/2022,Newcastle,Man City,1026.0,988.0,1180.0,4168.0,73.0,1542.0,1591.0,878.0,5516.0,63.0
22/08/2022,Man United,Liverpool,1746.0,1611.0,861.0,6038.0,53.0,1697.0,1625.0,826.0,6122.0,46.0
27/08/2022,Southampton,Man United,733.0,733.0,890.0,2983.0,42.0,1746.0,1611.0,861.0,6038.0,53.0
27/08/2022,Brentford,Everton,138.0,144.0,168.0,462.0,9.0,1226.0,1147.0,1146.0,4676.0,84.0
27/08/2022,Brighton,Leeds,282.0,250.0,292.0,871.0,18.0,387.0,403.0,507.0,1515.0,25.0
27/08/2022,Chelsea,Leicester,1750.0,1634.0,779.0,5952.0,63.0,616.0,664.0,667.0,2045.0,35.0
27/08/2022,Liverpool,Bournemouth,1697.0,1625.0,826.0,6122.0,46.0,181.0,196.0,261.0,610.0,9.0
27/08/2022,Man City,Crystal Palace,1542.0,1591.0,878.0,5516.0,63.0,483.0,482.0,589.0,1620.0,17.0
27/08/2022,Arsenal,Fulham,1683.0,1625.0,927.0,5933.0,78.0,623.0,613.0,790.0,2895.0,41.0
28/08/2022,Aston Villa,West Ham,965.0,963.0,1100.0,3945.0,52.0,961.0,980.0,1115.0,3762.0,59.0
28/08/2022,Wolves,Newcastle,392.0,358.0,513.0,1572.0,20.0,1026.0,988.0,1180.0,4168.0,73.0
28/08/2022,Nottingham,Tottenham,,,,,,1458.0,1406.0,1055.0,5576.0,58.0
30/08/2022,Crystal Palace,Brentford,483.0,482.0,589.0,1620.0,17.0,138.0,144.0,168.0,462.0,9.0
30/08/2022,Fulham,Brighton,623.0,613.0,790.0,2895.0,41.0,282.0,250.0,292.0,871.0,18.0
30/08/2022,Southampton,Chelsea,733.0,733.0,890.0,2983.0,42.0,1750.0,1634.0,779.0,5952.0,63.0
30/08/2022,Leeds,Everton,387.0,403.0,507.0,1515.0,25.0,1226.0,1147.0,1146.0,4676.0,84.0
31/08/2022,Arsenal,Aston Villa,1683.0,1625.0,927.0,5933.0,78.0,965.0,963.0,1100.0,3945.0,52.0
31/08/2022,Bournemouth,Wolves,181.0,196.0,261.0,610.0,9.0,392.0,358.0,513.0,1572.0,20.0
31/08/2022,Man City,Nottingham,1542.0,1591.0,878.0,5516.0,63.0,,,,,
31/08/2022,West Ham,Tottenham,961.0,980.0,1115.0,3762.0,59.0,1458.0,1406.0,1055.0,5576.0,58.0
31/08/2022,Liverpool,Newcastle,1697.0,1625.0,826.0,6122.0,46.0,1026.0,988.0,1180.0,4168.0,73.0
1/9/2022,Leicester,Man United,616.0,664.0,667.0,2045.0,35.0,1746.0,1611.0,861.0,6038.0,53.0
3/9/2022,Everton,Liverpool,1226.0,1147.0,1146.0,4676.0,84.0,1697.0,1625.0,826.0,6122.0,46.0
3/9/2022,Brentford,Leeds,138.0,144.0,168.0,462.0,9.0,387.0,403.0,507.0,1515.0,25.0
3/9/2022,Chelsea,West Ham,1750.0,1634.0,779.0,5952.0,63.0,961.0,980.0,1115.0,3762.0,59.0
3/9/2022,Newcastle,Crystal Palace,1026.0,988.0,1180.0,4168.0,73.0,483.0,482.0,589.0,1620.0,17.0
3/9/2022,Nottingham,Bournemouth,,,,,,181.0,196.0,261.0,610.0,9.0
3/9/2022,Tottenham,Fulham,1458.0,1406.0,1055.0,5576.0,58.0,623.0,613.0,790.0,2895.0,41.0
3/9/2022,Wolves,Southampton,392.0,358.0,513.0,1572.0,20.0,733.0,733.0,890.0,2983.0,42.0
3/9/2022,Aston Villa,Man City,965.0,963.0,1100.0,3945.0,52.0,1542.0,1591.0,878.0,5516.0,63.0
4/9/2022,Brighton,Leicester,282.0,250.0,292.0,871.0,18.0,616.0,664.0,667.0,2045.0,35.0
4/9/2022,Man United,Arsenal,1746.0,1611.0,861.0,6038.0,53.0,1683.0,1625.0,927.0,5933.0,78.0
16/09/2022,Aston Villa,Southampton,965.0,963.0,1100.0,3945.0,52.0,733.0,733.0,890.0,2983.0,42.0
16/09/2022,Nottingham,Fulham,,,,,,623.0,613.0,790.0,2895.0,41.0
17/09/2022,Wolves,Man City,392.0,358.0,513.0,1572.0,20.0,1542.0,1591.0,878.0,5516.0,63.0
17/09/2022,Newcastle,Bournemouth,1026.0,988.0,1180.0,4168.0,73.0,181.0,196.0,261.0,610.0,9.0
17/09/2022,Tottenham,Leicester,1458.0,1406.0,1055.0,5576.0,58.0,616.0,664.0,667.0,2045.0,35.0
18/09/2022,Brentford,Arsenal,138.0,144.0,168.0,462.0,9.0,1683.0,1625.0,927.0,5933.0,78.0
18/09/2022,Everton,West Ham,1226.0,1147.0,1146.0,4676.0,84.0,961.0,980.0,1115.0,3762.0,59.0
1/10/2022,Arsenal,Tottenham,1683.0,1625.0,927.0,5933.0,78.0,1458.0,1406.0,1055.0,5576.0,58.0
1/10/2022,Bournemouth,Brentford,181.0,196.0,261.0,610.0,9.0,138.0,144.0,168.0,462.0,9.0
1/10/2022,Crystal Palace,Chelsea,483.0,482.0,589.0,1620.0,17.0,1750.0,1634.0,779.0,5952.0,63.0
1/10/2022,Fulham,Newcastle,623.0,613.0,790.0,2895.0,41.0,1026.0,988.0,1180.0,4168.0,73.0
1/10/2022,Liverpool,Brighton,1697.0,1625.0,826.0,6122.0,46.0,282.0,250.0,292.0,871.0,18.0
1/10/2022,Southampton,Everton,733.0,733.0,890.0,2983.0,42.0,1226.0,1147.0,1146.0,4676.0,84.0
1/10/2022,West Ham,Wolves,961.0,980.0,1115.0,3762.0,59.0,392.0,358.0,513.0,1572.0,20.0
2/10/2022,Man City,Man United,1542.0,1591.0,878.0,5516.0,63.0,1746.0,1611.0,861.0,6038.0,53.0
2/10/2022,Leeds,Aston Villa,387.0,403.0,507.0,1515.0,25.0,965.0,963.0,1100.0,3945.0,52.0
3/10/2022,Leicester,Nottingham,616.0,664.0,667.0,2045.0,35.0,,,,,
8/10/2022,Bournemouth,Leicester,181.0,196.0,261.0,610.0,9.0,616.0,664.0,667.0,2045.0,35.0
8/10/2022,Chelsea,Wolves,1750.0,1634.0,779.0,5952.0,63.0,392.0,358.0,513.0,1572.0,20.0
8/10/2022,Man City,Southampton,1542.0,1591.0,878.0,5516.0,63.0,733.0,733.0,890.0,2983.0,42.0
8/10/2022,Newcastle,Brentford,1026.0,988.0,1180.0,4168.0,73.0,138.0,144.0,168.0,462.0,9.0
8/10/2022,Brighton,Tottenham,282.0,250.0,292.0,871.0,18.0,1458.0,1406.0,1055.0,5576.0,58.0
9/10/2022,Crystal Palace,Leeds,483.0,482.0,589.0,1620.0,17.0,387.0,403.0,507.0,1515.0,25.0
9/10/2022,West Ham,Fulham,961.0,980.0,1115.0,3762.0,59.0,623.0,613.0,790.0,2895.0,41.0
9/10/2022,Arsenal,Liverpool,1683.0,1625.0,927.0,5933.0,78.0,1697.0,1625.0,826.0,6122.0,46.0
9/10/2022,Everton,Man United,1226.0,1147.0,1146.0,4676.0,84.0,1746.0,1611.0,861.0,6038.0,53.0
10/10/2022,Nottingham,Aston Villa,,,,,,965.0,963.0,1100.0,3945.0,52.0
14/10/2022,Brentford,Brighton,138.0,144.0,168.0,462.0,9.0,282.0,250.0,292.0,871.0,18.0
15/10/2022,Leicester,Crystal Palace,616.0,664.0,667.0,2045.0,35.0,483.0,482.0,589.0,1620.0,17.0
15/10/2022,Fulham,Bournemouth,623.0,613.0,790.0,2895.0,41.0,181.0,196.0,261.0,610.0,9.0
15/10/2022,Wolves,Nottingham,392.0,358.0,513.0,1572.0,20.0,,,,,
15/10/2022,Tottenham,Everton,1458.0,1406.0,1055.0,5576.0,58.0,1226.0,1147.0,1146.0,4676.0,84.0
16/10/2022,Aston Villa,Chelsea,965.0,963.0,1100.0,3945.0,52.0,1750.0,1634.0,779.0,5952.0,63.0
16/10/2022,Leeds,Arsenal,387.0,403.0,507.0,1515.0,25.0,1683.0,1625.0,927.0,5933.0,78.0
16/10/2022,Man United,Newcastle,1746.0,1611.0,861.0,6038.0,53.0,1026.0,988.0,1180.0,4168.0,73.0
16/10/2022,Southampton,West Ham,733.0,733.0,890.0,2983.0,42.0,961.0,980.0,1115.0,3762.0,59.0
16/10/2022,Liverpool,Man City,1697.0,1625.0,826.0,6122.0,46.0,1542.0,1591.0,878.0,5516.0,63.0
18/10/2022,Brighton,Nottingham,282.0,250.0,292.0,871.0,18.0,,,,,
18/10/2022,Crystal Palace,Wolves,483.0,482.0,589.0,1620.0,17.0,392.0,358.0,513.0,1572.0,20.0
19/10/2022,Bournemouth,Southampton,181.0,196.0,261.0,610.0,9.0,733.0,733.0,890.0,2983.0,42.0
19/10/2022,Brentford,Chelsea,138.0,144.0,168.0,462.0,9.0,1750.0,1634.0,779.0,5952.0,63.0
19/10/2022,Liverpool,West Ham,1697.0,1625.0,826.0,6122.0,46.0,961.0,980.0,1115.0,3762.0,59.0
19/10/2022,Newcastle,Everton,1026.0,988.0,1180.0,4168.0,73.0,1226.0,1147.0,1146.0,4676.0,84.0
19/10/2022,Man United,Tottenham,1746.0,1611.0,861.0,6038.0,53.0,1458.0,1406.0,1055.0,5576.0,58.0
20/10/2022,Fulham,Aston Villa,623.0,613.0,790.0,2895.0,41.0,965.0,963.0,1100.0,3945.0,52.0
20/10/2022,Leicester,Leeds,616.0,664.0,667.0,2045.0,35.0,387.0,403.0,507.0,1515.0,25.0
22/10/2022,Nottingham,Liverpool,,,,,,1697.0,1625.0,826.0,6122.0,46.0
22/10/2022,Everton,Crystal Palace,1226.0,1147.0,1146.0,4676.0,84.0,483.0,482.0,589.0,1620.0,17.0
22/10/2022,Man City,Brighton,1542.0,1591.0,878.0,5516.0,63.0,282.0,250.0,292.0,871.0,18.0
22/10/2022,Chelsea,Man United,1750.0,1634.0,779.0,5952.0,63.0,1746.0,1611.0,861.0,6038.0,53.0
23/10/2022,Aston Villa,Brentford,965.0,963.0,1100.0,3945.0,52.0,138.0,144.0,168.0,462.0,9.0
23/10/2022,Leeds,Fulham,387.0,403.0,507.0,1515.0,25.0,623.0,613.0,790.0,2895.0,41.0
23/10/2022,Southampton,Arsenal,733.0,733.0,890.0,2983.0,42.0,1683.0,1625.0,927.0,5933.0,78.0
23/10/2022,Wolves,Leicester,392.0,358.0,513.0,1572.0,20.0,616.0,664.0,667.0,2045.0,35.0
23/10/2022,Tottenham,Newcastle,1458.0,1406.0,1055.0,5576.0,58.0,1026.0,988.0,1180.0,4168.0,73.0
24/10/2022,West Ham,Bournemouth,961.0,980.0,1115.0,3762.0,59.0,181.0,196.0,261.0,610.0,9.0
29/10/2022,Leicester,Man City,616.0,664.0,667.0,2045.0,35.0,1542.0,1591.0,878.0,5516.0,63.0
29/10/2022,Bournemouth,Tottenham,181.0,196.0,261.0,610.0,9.0,1458.0,1406.0,1055.0,5576.0,58.0
29/10/2022,Brentford,Wolves,138.0,144.0,168.0,462.0,9.0,392.0,358.0,513.0,1572.0,20.0
29/10/2022,Brighton,Chelsea,282.0,250.0,292.0,871.0,18.0,1750.0,1634.0,779.0,5952.0,63.0
29/10/2022,Crystal Palace,Southampton,483.0,482.0,589.0,1620.0,17.0,733.0,733.0,890.0,2983.0,42.0
29/10/2022,Newcastle,Aston Villa,1026.0,988.0,1180.0,4168.0,73.0,965.0,963.0,1100.0,3945.0,52.0
29/10/2022,Fulham,Everton,623.0,613.0,790.0,2895.0,41.0,1226.0,1147.0,1146.0,4676.0,84.0
29/10/2022,Liverpool,Leeds,1697.0,1625.0,826.0,6122.0,46.0,387.0,403.0,507.0,1515.0,25.0
30/10/2022,Arsenal,Nottingham,1683.0,1625.0,927.0,5933.0,78.0,,,,,
30/10/2022,Man United,West Ham,1746.0,1611.0,861.0,6038.0,53.0,961.0,980.0,1115.0,3762.0,59.0
5/11/2022,Leeds,Bournemouth,387.0,403.0,507.0,1515.0,25.0,181.0,196.0,261.0,610.0,9.0
5/11/2022,Man City,Fulham,1542.0,1591.0,878.0,5516.0,63.0,623.0,613.0,790.0,2895.0,41.0
5/11/2022,Nottingham,Brentford,,,,,,138.0,144.0,168.0,462.0,9.0
5/11/2022,Wolves,Brighton,392.0,358.0,513.0,1572.0,20.0,282.0,250.0,292.0,871.0,18.0
5/11/2022,Everton,Leicester,1226.0,1147.0,1146.0,4676.0,84.0,616.0,664.0,667.0,2045.0,35.0
6/11/2022,Chelsea,Arsenal,1750.0,1634.0,779.0,5952.0,63.0,1683.0,1625.0,927.0,5933.0,78.0
6/11/2022,Aston Villa,Man United,965.0,963.0,1100.0,3945.0,52.0,1746.0,1611.0,861.0,6038.0,53.0
6/11/2022,Southampton,Newcastle,733.0,733.0,890.0,2983.0,42.0,1026.0,988.0,1180.0,4168.0,73.0
6/11/2022,West Ham,Crystal Palace,961.0,980.0,1115.0,3762.0,59.0,483.0,482.0,589.0,1620.0,17.0
6/11/2022,Tottenham,Liverpool,1458.0,1406.0,1055.0,5576.0,58.0,1697.0,1625.0,826.0,6122.0,46.0
12/11/2022,Man City,Brentford,1542.0,1591.0,878.0,5516.0,63.0,138.0,144.0,168.0,462.0,9.0
12/11/2022,Bournemouth,Everton,181.0,196.0,261.0,610.0,9.0,1226.0,1147.0,1146.0,4676.0,84.0
12/11/2022,Liverpool,Southampton,1697.0,1625.0,826.0,6122.0,46.0,733.0,733.0,890.0,2983.0,42.0
12/11/2022,Nottingham,Crystal Palace,,,,,,483.0,482.0,589.0,1620.0,17.0
12/11/2022,Tottenham,Leeds,1458.0,1406.0,1055.0,5576.0,58.0,387.0,403.0,507.0,1515.0,25.0
12/11/2022,West Ham,Leicester,961.0,980.0,1115.0,3762.0,59.0,616.0,664.0,667.0,2045.0,35.0
12/11/2022,Newcastle,Chelsea,1026.0,988.0,1180.0,4168.0,73.0,1750.0,1634.0,779.0,5952.0,63.0
12/11/2022,Wolves,Arsenal,392.0,358.0,513.0,1572.0,20.0,1683.0,1625.0,927.0,5933.0,78.0
13/11/2022,Brighton,Aston Villa,282.0,250.0,292.0,871.0,18.0,965.0,963.0,1100.0,3945.0,52.0
13/11/2022,Fulham,Man United,623.0,613.0,790.0,2895.0,41.0,1746.0,1611.0,861.0,6038.0,53.0
26/12/2022,Brentford,Tottenham,138.0,144.0,168.0,462.0,9.0,1458.0,1406.0,1055.0,5576.0,58.0
26/12/2022,Crystal Palace,Fulham,483.0,482.0,589.0,1620.0,17.0,623.0,613.0,790.0,2895.0,41.0
26/12/2022,Everton,Wolves,1226.0,1147.0,1146.0,4676.0,84.0,392.0,358.0,513.0,1572.0,20.0
26/12/2022,Leicester,Newcastle,616.0,664.0,667.0,2045.0,35.0,1026.0,988.0,1180.0,4168.0,73.0
26/12/2022,Southampton,Brighton,733.0,733.0,890.0,2983.0,42.0,282.0,250.0,292.0,871.0,18.0
26/12/2022,Aston Villa,Liverpool,965.0,963.0,1100.0,3945.0,52.0,1697.0,1625.0,826.0,6122.0,46.0
26/12/2022,Arsenal,West Ham,1683.0,1625.0,927.0,5933.0,78.0,961.0,980.0,1115.0,3762.0,59.0
27/12/2022,Chelsea,Bournemouth,1750.0,1634.0,779.0,5952.0,63.0,181.0,196.0,261.0,610.0,9.0
27/12/2022,Man United,Nottingham,1746.0,1611.0,861.0,6038.0,53.0,,,,,
28/12/2022,Leeds,Man City,387.0,403.0,507.0,1515.0,25.0,1542.0,1591.0,878.0,5516.0,63.0
30/12/2022,West Ham,Brentford,961.0,980.0,1115.0,3762.0,59.0,138.0,144.0,168.0,462.0,9.0
30/12/2022,Liverpool,Leicester,1697.0,1625.0,826.0,6122.0,46.0,616.0,664.0,667.0,2045.0,35.0
31/12/2022,Wolves,Man United,392.0,358.0,513.0,1572.0,20.0,1746.0,1611.0,861.0,6038.0,53.0
31/12/2022,Bournemouth,Crystal Palace,181.0,196.0,261.0,610.0,9.0,483.0,482.0,589.0,1620.0,17.0
31/12/2022,Fulham,Southampton,623.0,613.0,790.0,2895.0,41.0,733.0,733.0,890.0,2983.0,42.0
31/12/2022,Man City,Everton,1542.0,1591.0,878.0,5516.0,63.0,1226.0,1147.0,1146.0,4676.0,84.0
31/12/2022,Newcastle,Leeds,1026.0,988.0,1180.0,4168.0,73.0,387.0,403.0,507.0,1515.0,25.0
31/12/2022,Brighton,Arsenal,282.0,250.0,292.0,871.0,18.0,1683.0,1625.0,927.0,5933.0,78.0
1/1/2023,Tottenham,Aston Villa,1458.0,1406.0,1055.0,5576.0,58.0,965.0,963.0,1100.0,3945.0,52.0
1/1/2023,Nottingham,Chelsea,,,,,,1750.0,1634.0,779.0,5952.0,63.0
2/1/2023,Brentford,Liverpool,138.0,144.0,168.0,462.0,9.0,1697.0,1625.0,826.0,6122.0,46.0
3/1/2023,Arsenal,Newcastle,1683.0,1625.0,927.0,5933.0,78.0,1026.0,988.0,1180.0,4168.0,73.0
3/1/2023,Everton,Brighton,1226.0,1147.0,1146.0,4676.0,84.0,282.0,250.0,292.0,871.0,18.0
3/1/2023,Leicester,Fulham,616.0,664.0,667.0,2045.0,35.0,623.0,613.0,790.0,2895.0,41.0
3/1/2023,Man United,Bournemouth,1746.0,1611.0,861.0,6038.0,53.0,181.0,196.0,261.0,610.0,9.0
4/1/2023,Southampton,Nottingham,733.0,733.0,890.0,2983.0,42.0,,,,,
4/1/2023,Leeds,West Ham,387.0,403.0,507.0,1515.0,25.0,961.0,980.0,1115.0,3762.0,59.0
4/1/2023,Aston Villa,Wolves,965.0,963.0,1100.0,3945.0,52.0,392.0,358.0,513.0,1572.0,20.0
4/1/2023,Crystal Palace,Tottenham,483.0,482.0,589.0,1620.0,17.0,1458.0,1406.0,1055.0,5576.0,58.0
5/1/2023,Chelsea,Man City,1750.0,1634.0,779.0,5952.0,63.0,1542.0,1591.0,878.0,5516.0,63.0
12/1/2023,Fulham,Chelsea,623.0,613.0,790.0,2895.0,41.0,1750.0,1634.0,779.0,5952.0,63.0
13/01/2023,Aston Villa,Leeds,965.0,963.0,1100.0,3945.0,52.0,387.0,403.0,507.0,1515.0,25.0
14/01/2023,Man United,Man City,1746.0,1611.0,861.0,6038.0,53.0,1542.0,1591.0,878.0,5516.0,63.0
14/01/2023,Brighton,Liverpool,282.0,250.0,292.0,871.0,18.0,1697.0,1625.0,826.0,6122.0,46.0
14/01/2023,Everton,Southampton,1226.0,1147.0,1146.0,4676.0,84.0,733.0,733.0,890.0,2983.0,42.0
14/01/2023,Nottingham,Leicester,,,,,,616.0,664.0,667.0,2045.0,35.0
14/01/2023,Wolves,West Ham,392.0,358.0,513.0,1572.0,20.0,961.0,980.0,1115.0,3762.0,59.0
14/01/2023,Brentford,Bournemouth,138.0,144.0,168.0,462.0,9.0,181.0,196.0,261.0,610.0,9.0
15/01/2023,Chelsea,Crystal Palace,1750.0,1634.0,779.0,5952.0,63.0,483.0,482.0,589.0,1620.0,17.0
15/01/2023,Newcastle,Fulham,1026.0,988.0,1180.0,4168.0,73.0,623.0,613.0,790.0,2895.0,41.0
15/01/2023,Tottenham,Arsenal,1458.0,1406.0,1055.0,5576.0,58.0,1683.0,1625.0,927.0,5933.0,78.0
18/01/2023,Crystal Palace,Man United,483.0,482.0,589.0,1620.0,17.0,1746.0,1611.0,861.0,6038.0,53.0
19/01/2023,Man City,Tottenham,1542.0,1591.0,878.0,5516.0,63.0,1458.0,1406.0,1055.0,5576.0,58.0
21/01/2023,Liverpool,Chelsea,1697.0,1625.0,826.0,6122.0,46.0,1750.0,1634.0,779.0,5952.0,63.0
21/01/2023,Bournemouth,Nottingham,181.0,196.0,261.0,610.0,9.0,,,,,
21/01/2023,Leicester,Brighton,616.0,664.0,667.0,2045.0,35.0,282.0,250.0,292.0,871.0,18.0
21/01/2023,Southampton,Aston Villa,733.0,733.0,890.0,2983.0,42.0,965.0,963.0,1100.0,3945.0,52.0
21/01/2023,West Ham,Everton,961.0,980.0,1115.0,3762.0,59.0,1226.0,1147.0,1146.0,4676.0,84.0
21/01/2023,Crystal Palace,Newcastle,483.0,482.0,589.0,1620.0,17.0,1026.0,988.0,1180.0,4168.0,73.0
22/01/2023,Leeds,Brentford,387.0,403.0,507.0,1515.0,25.0,138.0,144.0,168.0,462.0,9.0
22/01/2023,Man City,Wolves,1542.0,1591.0,878.0,5516.0,63.0,392.0,358.0,513.0,1572.0,20.0
22/01/2023,Arsenal,Man United,1683.0,1625.0,927.0,5933.0,78.0,1746.0,1611.0,861.0,6038.0,53.0
23/01/2023,Fulham,Tottenham,623.0,613.0,790.0,2895.0,41.0,1458.0,1406.0,1055.0,5576.0,58.0
3/2/2023,Chelsea,Fulham,1750.0,1634.0,779.0,5952.0,63.0,623.0,613.0,790.0,2895.0,41.0
4/2/2023,Everton,Arsenal,1226.0,1147.0,1146.0,4676.0,84.0,1683.0,1625.0,927.0,5933.0,78.0
4/2/2023,Aston Villa,Leicester,965.0,963.0,1100.0,3945.0,52.0,616.0,664.0,667.0,2045.0,35.0
4/2/2023,Brentford,Southampton,138.0,144.0,168.0,462.0,9.0,733.0,733.0,890.0,2983.0,42.0
4/2/2023,Brighton,Bournemouth,282.0,250.0,292.0,871.0,18.0,181.0,196.0,261.0,610.0,9.0
4/2/2023,Man United,Crystal Palace,1746.0,1611.0,861.0,6038.0,53.0,483.0,482.0,589.0,1620.0,17.0
4/2/2023,Wolves,Liverpool,392.0,358.0,513.0,1572.0,20.0,1697.0,1625.0,826.0,6122.0,46.0
4/2/2023,Newcastle,West Ham,1026.0,988.0,1180.0,4168.0,73.0,961.0,980.0,1115.0,3762.0,59.0
5/2/2023,Nottingham,Leeds,,,,,,387.0,403.0,507.0,1515.0,25.0
5/2/2023,Tottenham,Man City,1458.0,1406.0,1055.0,5576.0,58.0,1542.0,1591.0,878.0,5516.0,63.0
8/2/2023,Man United,Leeds,1746.0,1611.0,861.0,6038.0,53.0,387.0,403.0,507.0,1515.0,25.0
11/2/2023,West Ham,Chelsea,961.0,980.0,1115.0,3762.0,59.0,1750.0,1634.0,779.0,5952.0,63.0
11/2/2023,Arsenal,Brentford,1683.0,1625.0,927.0,5933.0,78.0,138.0,144.0,168.0,462.0,9.0
11/2/2023,Crystal Palace,Brighton,483.0,482.0,589.0,1620.0,17.0,282.0,250.0,292.0,871.0,18.0
11/2/2023,Fulham,Nottingham,623.0,613.0,790.0,2895.0,41.0,,,,,
11/2/2023,Leicester,Tottenham,616.0,664.0,667.0,2045.0,35.0,1458.0,1406.0,1055.0,5576.0,58.0
11/2/2023,Southampton,Wolves,733.0,733.0,890.0,2983.0,42.0,392.0,358.0,513.0,1572.0,20.0
11/2/2023,Bournemouth,Newcastle,181.0,196.0,261.0,610.0,9.0,1026.0,988.0,1180.0,4168.0,73.0
12/2/2023,Leeds,Man United,387.0,403.0,507.0,1515.0,25.0,1746.0,1611.0,861.0,6038.0,53.0
12/2/2023,Man City,Aston Villa,1542.0,1591.0,878.0,5516.0,63.0,965.0,963.0,1100.0,3945.0,52.0
13/02/2023,Liverpool,Everton,1697.0,1625.0,826.0,6122.0,46.0,1226.0,1147.0,1146.0,4676.0,84.0
15/02/2023,Arsenal,Man City,1683.0,1625.0,927.0,5933.0,78.0,1542.0,1591.0,878.0,5516.0,63.0
18/02/2023,Aston Villa,Arsenal,965.0,963.0,1100.0,3945.0,52.0,1683.0,1625.0,927.0,5933.0,78.0
18/02/2023,Brentford,Crystal Palace,138.0,144.0,168.0,462.0,9.0,483.0,482.0,589.0,1620.0,17.0
18/02/2023,Brighton,Fulham,282.0,250.0,292.0,871.0,18.0,623.0,613.0,790.0,2895.0,41.0
18/02/2023,Chelsea,Southampton,1750.0,1634.0,779.0,5952.0,63.0,733.0,733.0,890.0,2983.0,42.0
18/02/2023,Everton,Leeds,1226.0,1147.0,1146.0,4676.0,84.0,387.0,403.0,507.0,1515.0,25.0
18/02/2023,Nottingham,Man City,,,,,,1542.0,1591.0,878.0,5516.0,63.0
18/02/2023,Wolves,Bournemouth,392.0,358.0,513.0,1572.0,20.0,181.0,196.0,261.0,610.0,9.0
18/02/2023,Newcastle,Liverpool,1026.0,988.0,1180.0,4168.0,73.0,1697.0,1625.0,826.0,6122.0,46.0
19/02/2023,Man United,Leicester,1746.0,1611.0,861.0,6038.0,53.0,616.0,664.0,667.0,2045.0,35.0
19/02/2023,Tottenham,West Ham,1458.0,1406.0,1055.0,5576.0,58.0,961.0,980.0,1115.0,3762.0,59.0
24/02/2023,Fulham,Wolves,623.0,613.0,790.0,2895.0,41.0,392.0,358.0,513.0,1572.0,20.0
25/02/2023,Everton,Aston Villa,1226.0,1147.0,1146.0,4676.0,84.0,965.0,963.0,1100.0,3945.0,52.0
25/02/2023,Leeds,Southampton,387.0,403.0,507.0,1515.0,25.0,733.0,733.0,890.0,2983.0,42.0
25/02/2023,Leicester,Arsenal,616.0,664.0,667.0,2045.0,35.0,1683.0,1625.0,927.0,5933.0,78.0
25/02/2023,West Ham,Nottingham,961.0,980.0,1115.0,3762.0,59.0,,,,,
25/02/2023,Bournemouth,Man City,181.0,196.0,261.0,610.0,9.0,1542.0,1591.0,878.0,5516.0,63.0
25/02/2023,Crystal Palace,Liverpool,483.0,482.0,589.0,1620.0,17.0,1697.0,1625.0,826.0,6122.0,46.0
26/02/2023,Tottenham,Chelsea,1458.0,1406.0,1055.0,5576.0,58.0,1750.0,1634.0,779.0,5952.0,63.0
1/3/2023,Arsenal,Everton,1683.0,1625.0,927.0,5933.0,78.0,1226.0,1147.0,1146.0,4676.0,84.0
1/3/2023,Liverpool,Wolves,1697.0,1625.0,826.0,6122.0,46.0,392.0,358.0,513.0,1572.0,20.0
4/3/2023,Man City,Newcastle,1542.0,1591.0,878.0,5516.0,63.0,1026.0,988.0,1180.0,4168.0,73.0
4/3/2023,Arsenal,Bournemouth,1683.0,1625.0,927.0,5933.0,78.0,181.0,196.0,261.0,610.0,9.0
4/3/2023,Aston Villa,Crystal Palace,965.0,963.0,1100.0,3945.0,52.0,483.0,482.0,589.0,1620.0,17.0
4/3/2023,Brighton,West Ham,282.0,250.0,292.0,871.0,18.0,961.0,980.0,1115.0,3762.0,59.0
4/3/2023,Chelsea,Leeds,1750.0,1634.0,779.0,5952.0,63.0,387.0,403.0,507.0,1515.0,25.0
4/3/2023,Wolves,Tottenham,392.0,358.0,513.0,1572.0,20.0,1458.0,1406.0,1055.0,5576.0,58.0
4/3/2023,Southampton,Leicester,733.0,733.0,890.0,2983.0,42.0,616.0,664.0,667.0,2045.0,35.0
5/3/2023,Nottingham,Everton,,,,,,1226.0,1147.0,1146.0,4676.0,84.0
5/3/2023,Liverpool,Man United,1697.0,1625.0,826.0,6122.0,46.0,1746.0,1611.0,861.0,6038.0,53.0
6/3/2023,Brentford,Fulham,138.0,144.0,168.0,462.0,9.0,623.0,613.0,790.0,2895.0,41.0
11/3/2023,Bournemouth,Liverpool,181.0,196.0,261.0,610.0,9.0,1697.0,1625.0,826.0,6122.0,46.0
11/3/2023,Everton,Brentford,1226.0,1147.0,1146.0,4676.0,84.0,138.0,144.0,168.0,462.0,9.0
11/3/2023,Leeds,Brighton,387.0,403.0,507.0,1515.0,25.0,282.0,250.0,292.0,871.0,18.0
11/3/2023,Leicester,Chelsea,616.0,664.0,667.0,2045.0,35.0,1750.0,1634.0,779.0,5952.0,63.0
11/3/2023,Tottenham,Nottingham,1458.0,1406.0,1055.0,5576.0,58.0,,,,,
11/3/2023,Crystal Palace,Man City,483.0,482.0,589.0,1620.0,17.0,1542.0,1591.0,878.0,5516.0,63.0
12/3/2023,Fulham,Arsenal,623.0,613.0,790.0,2895.0,41.0,1683.0,1625.0,927.0,5933.0,78.0
12/3/2023,Man United,Southampton,1746.0,1611.0,861.0,6038.0,53.0,733.0,733.0,890.0,2983.0,42.0
12/3/2023,West Ham,Aston Villa,961.0,980.0,1115.0,3762.0,59.0,965.0,963.0,1100.0,3945.0,52.0
12/3/2023,Newcastle,Wolves,1026.0,988.0,1180.0,4168.0,73.0,392.0,358.0,513.0,1572.0,20.0
15/03/2023,Brighton,Crystal Palace,282.0,250.0,292.0,871.0,18.0,483.0,482.0,589.0,1620.0,17.0
15/03/2023,Southampton,Brentford,733.0,733.0,890.0,2983.0,42.0,138.0,144.0,168.0,462.0,9.0
17/03/2023,Nottingham,Newcastle,,,,,,1026.0,988.0,1180.0,4168.0,73.0
18/03/2023,Aston Villa,Bournemouth,965.0,963.0,1100.0,3945.0,52.0,181.0,196.0,261.0,610.0,9.0
18/03/2023,Brentford,Leicester,138.0,144.0,168.0,462.0,9.0,616.0,664.0,667.0,2045.0,35.0
18/03/2023,Southampton,Tottenham,733.0,733.0,890.0,2983.0,42.0,1458.0,1406.0,1055.0,5576.0,58.0
18/03/2023,Wolves,Leeds,392.0,358.0,513.0,1572.0,20.0,387.0,403.0,507.0,1515.0,25.0
18/03/2023,Chelsea,Everton,1750.0,1634.0,779.0,5952.0,63.0,1226.0,1147.0,1146.0,4676.0,84.0
19/03/2023,Arsenal,Crystal Palace,1683.0,1625.0,927.0,5933.0,78.0,483.0,482.0,589.0,1620.0,17.0
1/4/2023,Man City,Liverpool,1542.0,1591.0,878.0,5516.0,63.0,1697.0,1625.0,826.0,6122.0,46.0
1/4/2023,Arsenal,Leeds,1683.0,1625.0,927.0,5933.0,78.0,387.0,403.0,507.0,1515.0,25.0
1/4/2023,Bournemouth,Fulham,181.0,196.0,261.0,610.0,9.0,623.0,613.0,790.0,2895.0,41.0
1/4/2023,Brighton,Brentford,282.0,250.0,292.0,871.0,18.0,138.0,144.0,168.0,462.0,9.0
1/4/2023,Crystal Palace,Leicester,483.0,482.0,589.0,1620.0,17.0,616.0,664.0,667.0,2045.0,35.0
1/4/2023,Nottingham,Wolves,,,,,,392.0,358.0,513.0,1572.0,20.0
1/4/2023,Chelsea,Aston Villa,1750.0,1634.0,779.0,5952.0,63.0,965.0,963.0,1100.0,3945.0,52.0
2/4/2023,West Ham,Southampton,961.0,980.0,1115.0,3762.0,59.0,733.0,733.0,890.0,2983.0,42.0
2/4/2023,Newcastle,Man United,1026.0,988.0,1180.0,4168.0,73.0,1746.0,1611.0,861.0,6038.0,53.0
3/4/2023,Everton,Tottenham,1226.0,1147.0,1146.0,4676.0,84.0,1458.0,1406.0,1055.0,5576.0,58.0
4/4/2023,Bournemouth,Brighton,181.0,196.0,261.0,610.0,9.0,282.0,250.0,292.0,871.0,18.0
4/4/2023,Leeds,Nottingham,387.0,403.0,507.0,1515.0,25.0,,,,,
4/4/2023,Leicester,Aston Villa,616.0,664.0,667.0,2045.0,35.0,965.0,963.0,1100.0,3945.0,52.0
4/4/2023,Chelsea,Liverpool,1750.0,1634.0,779.0,5952.0,63.0,1697.0,1625.0,826.0,6122.0,46.0
5/4/2023,Man United,Brentford,1746.0,1611.0,861.0,6038.0,53.0,138.0,144.0,168.0,462.0,9.0
5/4/2023,West Ham,Newcastle,961.0,980.0,1115.0,3762.0,59.0,1026.0,988.0,1180.0,4168.0,73.0
8/4/2023,Man United,Everton,1746.0,1611.0,861.0,6038.0,53.0,1226.0,1147.0,1146.0,4676.0,84.0
8/4/2023,Aston Villa,Nottingham,965.0,963.0,1100.0,3945.0,52.0,,,,,
8/4/2023,Brentford,Newcastle,138.0,144.0,168.0,462.0,9.0,1026.0,988.0,1180.0,4168.0,73.0
8/4/2023,Fulham,West Ham,623.0,613.0,790.0,2895.0,41.0,961.0,980.0,1115.0,3762.0,59.0
8/4/2023,Leicester,Bournemouth,616.0,664.0,667.0,2045.0,35.0,181.0,196.0,261.0,610.0,9.0
8/4/2023,Tottenham,Brighton,1458.0,1406.0,1055.0,5576.0,58.0,282.0,250.0,292.0,871.0,18.0
8/4/2023,Wolves,Chelsea,392.0,358.0,513.0,1572.0,20.0,1750.0,1634.0,779.0,5952.0,63.0
8/4/2023,Southampton,Man City,733.0,733.0,890.0,2983.0,42.0,1542.0,1591.0,878.0,5516.0,63.0
9/4/2023,Leeds,Crystal Palace,387.0,403.0,507.0,1515.0,25.0,483.0,482.0,589.0,1620.0,17.0
9/4/2023,Liverpool,Arsenal,1697.0,1625.0,826.0,6122.0,46.0,1683.0,1625.0,927.0,5933.0,78.0
15/04/2023,Aston Villa,Newcastle,965.0,963.0,1100.0,3945.0,52.0,1026.0,988.0,1180.0,4168.0,73.0
15/04/2023,Chelsea,Brighton,1750.0,1634.0,779.0,5952.0,63.0,282.0,250.0,292.0,871.0,18.0
15/04/2023,Everton,Fulham,1226.0,1147.0,1146.0,4676.0,84.0,623.0,613.0,790.0,2895.0,41.0
15/04/2023,Southampton,Crystal Palace,733.0,733.0,890.0,2983.0,42.0,483.0,482.0,589.0,1620.0,17.0
15/04/2023,Tottenham,Bournemouth,1458.0,1406.0,1055.0,5576.0,58.0,181.0,196.0,261.0,610.0,9.0
15/04/2023,Wolves,Brentford,392.0,358.0,513.0,1572.0,20.0,138.0,144.0,168.0,462.0,9.0
15/04/2023,Man City,Leicester,1542.0,1591.0,878.0,5516.0,63.0,616.0,664.0,667.0,2045.0,35.0
16/04/2023,West Ham,Arsenal,961.0,980.0,1115.0,3762.0,59.0,1683.0,1625.0,927.0,5933.0,78.0
16/04/2023,Nottingham,Man United,,,,,,1746.0,1611.0,861.0,6038.0,53.0
17/04/2023,Leeds,Liverpool,387.0,403.0,507.0,1515.0,25.0,1697.0,1625.0,826.0,6122.0,46.0
21/04/2023,Arsenal,Southampton,1683.0,1625.0,927.0,5933.0,78.0,733.0,733.0,890.0,2983.0,42.0
22/04/2023,Fulham,Leeds,623.0,613.0,790.0,2895.0,41.0,387.0,403.0,507.0,1515.0,25.0
22/04/2023,Brentford,Aston Villa,138.0,144.0,168.0,462.0,9.0,965.0,963.0,1100.0,3945.0,52.0
22/04/2023,Crystal Palace,Everton,483.0,482.0,589.0,1620.0,17.0,1226.0,1147.0,1146.0,4676.0,84.0
22/04/2023,Leicester,Wolves,616.0,664.0,667.0,2045.0,35.0,392.0,358.0,513.0,1572.0,20.0
22/04/2023,Liverpool,Nottingham,1697.0,1625.0,826.0,6122.0,46.0,,,,,
23/04/2023,Bournemouth,West Ham,181.0,196.0,261.0,610.0,9.0,961.0,980.0,1115.0,3762.0,59.0
23/04/2023,Newcastle,Tottenham,1026.0,988.0,1180.0,4168.0,73.0,1458.0,1406.0,1055.0,5576.0,58.0
25/04/2023,Wolves,Crystal Palace,392.0,358.0,513.0,1572.0,20.0,483.0,482.0,589.0,1620.0,17.0
25/04/2023,Aston Villa,Fulham,965.0,963.0,1100.0,3945.0,52.0,623.0,613.0,790.0,2895.0,41.0
25/04/2023,Leeds,Leicester,387.0,403.0,507.0,1515.0,25.0,616.0,664.0,667.0,2045.0,35.0
26/04/2023,Nottingham,Brighton,,,,,,282.0,250.0,292.0,871.0,18.0
26/04/2023,Chelsea,Brentford,1750.0,1634.0,779.0,5952.0,63.0,138.0,144.0,168.0,462.0,9.0
26/04/2023,West Ham,Liverpool,961.0,980.0,1115.0,3762.0,59.0,1697.0,1625.0,826.0,6122.0,46.0
26/04/2023,Man City,Arsenal,1542.0,1591.0,878.0,5516.0,63.0,1683.0,1625.0,927.0,5933.0,78.0
27/04/2023,Everton,Newcastle,1226.0,1147.0,1146.0,4676.0,84.0,1026.0,988.0,1180.0,4168.0,73.0
27/04/2023,Southampton,Bournemouth,733.0,733.0,890.0,2983.0,42.0,181.0,196.0,261.0,610.0,9.0
27/04/2023,Tottenham,Man United,1458.0,1406.0,1055.0,5576.0,58.0,1746.0,1611.0,861.0,6038.0,53.0
29/04/2023,Crystal Palace,West Ham,483.0,482.0,589.0,1620.0,17.0,961.0,980.0,1115.0,3762.0,59.0
29/04/2023,Brentford,Nottingham,138.0,144.0,168.0,462.0,9.0,,,,,
29/04/2023,Brighton,Wolves,282.0,250.0,292.0,871.0,18.0,392.0,358.0,513.0,1572.0,20.0
30/04/2023,Bournemouth,Leeds,181.0,196.0,261.0,610.0,9.0,387.0,403.0,507.0,1515.0,25.0
30/04/2023,Fulham,Man City,623.0,613.0,790.0,2895.0,41.0,1542.0,1591.0,878.0,5516.0,63.0
30/04/2023,Man United,Aston Villa,1746.0,1611.0,861.0,6038.0,53.0,965.0,963.0,1100.0,3945.0,52.0
30/04/2023,Newcastle,Southampton,1026.0,988.0,1180.0,4168.0,73.0,733.0,733.0,890.0,2983.0,42.0
30/04/2023,Liverpool,Tottenham,1697.0,1625.0,826.0,6122.0,46.0,1458.0,1406.0,1055.0,5576.0,58.0
1/5/2023,Leicester,Everton,616.0,664.0,667.0,2045.0,35.0,1226.0,1147.0,1146.0,4676.0,84.0
2/5/2023,Arsenal,Chelsea,1683.0,1625.0,927.0,5933.0,78.0,1750.0,1634.0,779.0,5952.0,63.0
3/5/2023,Liverpool,Fulham,1697.0,1625.0,826.0,6122.0,46.0,623.0,613.0,790.0,2895.0,41.0
3/5/2023,Man City,West Ham,1542.0,1591.0,878.0,5516.0,63.0,961.0,980.0,1115.0,3762.0,59.0
4/5/2023,Brighton,Man United,282.0,250.0,292.0,871.0,18.0,1746.0,1611.0,861.0,6038.0,53.0
6/5/2023,Bournemouth,Chelsea,181.0,196.0,261.0,610.0,9.0,1750.0,1634.0,779.0,5952.0,63.0
6/5/2023,Man City,Leeds,1542.0,1591.0,878.0,5516.0,63.0,387.0,403.0,507.0,1515.0,25.0
6/5/2023,Tottenham,Crystal Palace,1458.0,1406.0,1055.0,5576.0,58.0,483.0,482.0,589.0,1620.0,17.0
6/5/2023,Wolves,Aston Villa,392.0,358.0,513.0,1572.0,20.0,965.0,963.0,1100.0,3945.0,52.0
6/5/2023,Liverpool,Brentford,1697.0,1625.0,826.0,6122.0,46.0,138.0,144.0,168.0,462.0,9.0
7/5/2023,Newcastle,Arsenal,1026.0,988.0,1180.0,4168.0,73.0,1683.0,1625.0,927.0,5933.0,78.0
7/5/2023,West Ham,Man United,961.0,980.0,1115.0,3762.0,59.0,1746.0,1611.0,861.0,6038.0,53.0
8/5/2023,Fulham,Leicester,623.0,613.0,790.0,2895.0,41.0,616.0,664.0,667.0,2045.0,35.0
8/5/2023,Brighton,Everton,282.0,250.0,292.0,871.0,18.0,1226.0,1147.0,1146.0,4676.0,84.0
8/5/2023,Nottingham,Southampton,,,,,,733.0,733.0,890.0,2983.0,42.0
13/05/2023,Leeds,Newcastle,387.0,403.0,507.0,1515.0,25.0,1026.0,988.0,1180.0,4168.0,73.0
13/05/2023,Aston Villa,Tottenham,965.0,963.0,1100.0,3945.0,52.0,1458.0,1406.0,1055.0,5576.0,58.0
13/05/2023,Chelsea,Nottingham,1750.0,1634.0,779.0,5952.0,63.0,,,,,
13/05/2023,Crystal Palace,Bournemouth,483.0,482.0,589.0,1620.0,17.0,181.0,196.0,261.0,610.0,9.0
13/05/2023,Man United,Wolves,1746.0,1611.0,861.0,6038.0,53.0,392.0,358.0,513.0,1572.0,20.0
13/05/2023,Southampton,Fulham,733.0,733.0,890.0,2983.0,42.0,623.0,613.0,790.0,2895.0,41.0
14/05/2023,Brentford,West Ham,138.0,144.0,168.0,462.0,9.0,961.0,980.0,1115.0,3762.0,59.0
14/05/2023,Everton,Man City,1226.0,1147.0,1146.0,4676.0,84.0,1542.0,1591.0,878.0,5516.0,63.0
14/05/2023,Arsenal,Brighton,1683.0,1625.0,927.0,5933.0,78.0,282.0,250.0,292.0,871.0,18.0
15/05/2023,Leicester,Liverpool,616.0,664.0,667.0,2045.0,35.0,1697.0,1625.0,826.0,6122.0,46.0
18/05/2023,Newcastle,Brighton,1026.0,988.0,1180.0,4168.0,73.0,282.0,250.0,292.0,871.0,18.0
20/05/2023,Tottenham,Brentford,1458.0,1406.0,1055.0,5576.0,58.0,138.0,144.0,168.0,462.0,9.0
20/05/2023,Bournemouth,Man United,181.0,196.0,261.0,610.0,9.0,1746.0,1611.0,861.0,6038.0,53.0
20/05/2023,Fulham,Crystal Palace,623.0,613.0,790.0,2895.0,41.0,483.0,482.0,589.0,1620.0,17.0
20/05/2023,Liverpool,Aston Villa,1697.0,1625.0,826.0,6122.0,46.0,965.0,963.0,1100.0,3945.0,52.0
20/05/2023,Wolves,Everton,392.0,358.0,513.0,1572.0,20.0,1226.0,1147.0,1146.0,4676.0,84.0
20/05/2023,Nottingham,Arsenal,,,,,,1683.0,1625.0,927.0,5933.0,78.0
21/05/2023,West Ham,Leeds,961.0,980.0,1115.0,3762.0,59.0,387.0,403.0,507.0,1515.0,25.0
21/05/2023,Brighton,Southampton,282.0,250.0,292.0,871.0,18.0,733.0,733.0,890.0,2983.0,42.0
21/05/2023,Man City,Chelsea,1542.0,1591.0,878.0,5516.0,63.0,1750.0,1634.0,779.0,5952.0,63.0
22/05/2023,Newcastle,Leicester,1026.0,988.0,1180.0,4168.0,73.0,616.0,664.0,667.0,2045.0,35.0
24/05/2023,Brighton,Man City,282.0,250.0,292.0,871.0,18.0,1542.0,1591.0,878.0,5516.0,63.0
25/05/2023,Man United,Chelsea,1746.0,1611.0,861.0,6038.0,53.0,1750.0,1634.0,779.0,5952.0,63.0
28/05/2023,Arsenal,Wolves,1683.0,1625.0,927.0,5933.0,78.0,392.0,358.0,513.0,1572.0,20.0
28/05/2023,Aston Villa,Brighton,965.0,963.0,1100.0,3945.0,52.0,282.0,250.0,292.0,871.0,18.0
28/05/2023,Brentford,Man City,138.0,144.0,168.0,462.0,9.0,1542.0,1591.0,878.0,5516.0,63.0
28/05/2023,Chelsea,Newcastle,1750.0,1634.0,779.0,5952.0,63.0,1026.0,988.0,1180.0,4168.0,73.0
28/05/2023,Crystal Palace,Nottingham,483.0,482.0,589.0,1620.0,17.0,,,,,
28/05/2023,Everton,Bournemouth,1226.0,1147.0,1146.0,4676.0,84.0,181.0,196.0,261.0,610.0,9.0
28/05/2023,Leeds,Tottenham,387.0,403.0,507.0,1515.0,25.0,1458.0,1406.0,1055.0,5576.0,58.0
28/05/2023,Leicester,West Ham,616.0,664.0,667.0,2045.0,35.0,961.0,980.0,1115.0,3762.0,59.0
28/05/2023,Man United,Fulham,1746.0,1611.0,861.0,6038.0,53.0,623.0,613.0,790.0,2895.0,41.0
28/05/2023,Southampton,Liverpool,733.0,733.0,890.0,2983.0,42.0,1697.0,1625.0,826.0,6122.0,46.0
