Date,HomeTeam,AwayTeam,FTHG,FTAG,FTR,HST,AST,HR,AR,HomeTeamPointLast20,HomeTeamGoalScoredLast20,HomeTeamGoalConcededLast20,HomeTeamShotTargetLast20,HomeTeamRedLast20,AwayTeamPointLast20,AwayTeamGoalScoredLast20,AwayTeamGoalConcededLast20,AwayTeamShotTargetLast20,AwayTeamRedLast20,HomeTeamPointH2HLast10,HomeTeamGoalScoredH2HLast10,HomeTeamGoalConcededH2HLast10,HomeTeamShotTargetH2HLast10,HomeTeamRedH2HLast10,AwayTeamPointH2HLast10,AwayTeamGoalScoredH2HLast10,AwayTeamGoalConcededH2HLast10,AwayTeamShotTargetH2HLast10,AwayTeamRedH2HLast10,Home_Win_Prob,Draw_Prob,Away_Win_Prob,FTR_Prediction
2022-08-05,Crystal Palace,Arsenal,0,2,A,2,2,0,0,28,26,19,85,0,37,34,25,100,3,12,17,16,45,0,12,16,17,47,1,0.4153710316673799,0.2138950732533599,0.3707338950792601,H
2022-08-06,Fulham,Liverpool,2,2,D,3,4,0,0,16,12,26,67,0,51,44,11,133,0,10,9,22,53,0,19,22,9,84,1,0.0726238663311083,0.1985416196612577,0.7288345140076339,A
2022-08-06,Bournemouth,Aston Villa,2,0,H,3,2,0,0,16,15,30,59,3,23,28,26,101,1,9,6,4,15,1,3,4,6,16,0,0.2386115638401461,0.3306914393258107,0.4306969968340433,A
2022-08-06,Leeds,Wolves,2,1,H,4,6,0,0,22,24,43,78,2,26,25,29,79,1,11,13,12,41,1,11,12,13,41,2,0.3586465700717343,0.280724347473878,0.3606290824543877,H
2022-08-06,Newcastle,Nottingham,2,0,H,10,0,0,0,39,26,21,91,0,0,0,0,0,0,0,0,0,0,0,0,0,0,0,0,0.5829855457842154,0.2271640235745161,0.1898504306412685,H
2022-08-06,Tottenham,Southampton,4,1,H,8,2,0,0,38,46,20,110,0,20,24,39,97,1,15,19,15,56,1,12,15,19,54,2,0.6890471481305906,0.1838945465586369,0.1270583053107724,H
2022-08-06,Everton,Chelsea,0,1,A,4,6,0,0,20,20,34,65,5,36,37,21,109,0,16,8,7,27,0,10,7,8,65,0,0.1941416396157098,0.3494243619283787,0.4564339984559115,A
2022-08-07,Leicester,Brentford,2,2,D,5,3,0,0,27,31,26,82,0,26,27,31,82,2,12,8,4,20,0,0,4,8,22,0,0.5687294500929932,0.1939433465618163,0.2373272033451905,H
2022-08-07,Man United,Brighton,1,2,A,5,4,0,0,27,27,31,97,0,27,25,26,80,1,18,15,16,55,0,12,16,15,37,2,0.440766160426191,0.2599926779264755,0.2992411616473335,D
2022-08-07,West Ham,Man City,0,2,A,1,2,0,0,28,30,27,73,1,49,55,17,124,0,3,9,26,20,0,24,26,9,73,0,0.1475471255005856,0.182279305118813,0.6701735693806015,A
2022-08-13,Aston Villa,Everton,2,1,H,4,4,0,0,23,27,26,98,1,20,19,33,64,5,22,16,10,34,0,7,10,16,34,0,0.6704946108827733,0.1853118599634596,0.144193529153767,H
2022-08-13,Arsenal,Leicester,4,2,H,7,2,0,0,37,31,25,96,3,28,31,25,83,0,21,19,11,58,1,9,11,19,49,0,0.4756314317171969,0.2902944201369919,0.2340741481458112,H
2022-08-13,Brighton,Newcastle,0,0,D,7,1,0,0,27,24,25,79,1,41,27,20,93,0,16,12,6,41,3,10,6,12,28,0,0.3493023992731495,0.2836999137258819,0.3669976870009685,D
2022-08-13,Man City,Bournemouth,4,0,H,7,1,0,0,49,51,14,117,0,18,15,28,57,3,24,27,4,59,2,0,4,27,18,0,0.8623428350160424,0.088396629712159,0.0492605352717985,H
2022-08-13,Southampton,Leeds,2,2,D,4,5,0,0,19,24,42,97,0,22,23,43,75,2,16,10,11,55,0,10,11,10,46,1,0.5387998568726629,0.2377351183091139,0.2234650248182232,H
2022-08-13,Wolves,Fulham,0,0,D,1,3,0,0,23,25,31,79,1,16,14,28,67,0,18,10,10,44,1,9,10,10,53,0,0.4649051867067143,0.3042033403964079,0.2308914728968777,H
2022-08-13,Brentford,Man United,4,0,H,7,4,0,0,24,27,32,81,2,27,28,32,100,0,0,2,12,24,0,12,12,2,20,0,0.3466547733295063,0.3025584448801034,0.3507867817903902,H
2022-08-14,Nottingham,West Ham,1,0,H,6,5,0,0,0,0,2,0,0,25,26,28,68,1,0,0,0,0,0,0,0,0,0,0,0.3389803295087184,0.2674751933296181,0.3935444771616634,H
2022-08-14,Chelsea,Tottenham,2,2,D,3,5,0,0,36,35,20,111,0,38,47,19,108,0,22,17,7,50,0,7,7,17,36,1,0.3817219698302556,0.2361772219393961,0.3821008082303482,D
2022-08-15,Liverpool,Crystal Palace,1,1,D,4,3,1,0,52,46,12,133,0,25,23,21,81,0,30,28,4,76,0,0,4,28,33,1,0.7187211703494801,0.1783985469129384,0.1028802827375815,H
2022-08-20,Tottenham,Wolves,1,0,H,4,3,0,0,39,49,19,110,0,21,22,30,75,1,20,13,9,76,0,8,9,13,56,0,0.748018604859203,0.15138770511447,0.1005936900263269,H
2022-08-20,Crystal Palace,Aston Villa,3,1,H,9,5,0,0,26,22,19,78,0,25,27,25,93,1,12,10,13,40,0,15,13,10,39,2,0.3504588676911759,0.2779081480449241,0.3716329842639,H
2022-08-20,Everton,Nottingham,1,1,D,8,5,0,0,20,20,34,67,5,3,1,2,6,0,0,0,0,0,0,0,0,0,0,0,0.4208429990900302,0.3605276009856347,0.218629399924335,H
2022-08-20,Fulham,Brentford,3,2,H,9,5,0,0,16,12,26,63,0,27,30,28,84,2,0,0,0,0,0,0,0,0,0,0,0.3237732339164725,0.2378047999211311,0.4384219661623963,A
2022-08-20,Leicester,Southampton,1,2,A,1,3,0,0,27,32,28,80,0,17,22,43,95,0,19,27,10,66,0,7,10,27,44,3,0.5515630664182583,0.2510902148774357,0.1973467187043058,H
2022-08-20,Bournemouth,Arsenal,0,3,A,1,6,0,0,18,15,31,56,3,40,34,25,101,2,5,8,18,33,1,20,18,8,37,0,0.212330596965728,0.2718046283395598,0.5158647746947121,A
2022-08-21,Leeds,Chelsea,3,0,H,6,3,0,1,20,22,43,75,2,36,36,21,109,0,5,10,20,30,2,23,20,10,69,0,0.1406259464042521,0.2591073050356832,0.6002667485600646,A
2022-08-21,West Ham,Brighton,0,2,A,3,2,0,0,22,23,27,68,1,27,23,24,82,1,6,12,19,37,0,18,19,12,45,0,0.3431648199288357,0.2776921720645974,0.3791430080065668,H
2022-08-21,Newcastle,Man City,3,3,D,6,10,0,0,41,26,19,93,0,49,54,14,121,0,1,7,32,26,0,28,32,7,76,0,0.150661026906939,0.1817112610374286,0.6676277120556324,D
2022-08-22,Man United,Liverpool,2,1,H,4,5,0,0,26,26,34,98,0,52,45,11,131,1,6,5,26,26,2,21,26,5,53,0,0.1147534596261472,0.185510637662794,0.6997359027110587,A
2022-08-27,Southampton,Man United,0,1,A,5,6,0,0,20,23,41,88,0,26,25,34,97,0,7,9,20,35,3,16,20,9,64,0,0.3018788280418207,0.2939874325664584,0.4041337393917208,H
2022-08-27,Brentford,Everton,1,1,D,5,7,0,0,27,32,28,88,2,21,20,32,72,5,12,8,4,22,0,0,4,8,20,4,0.6702728609856755,0.1710405543182761,0.1586865846960483,H
2022-08-27,Brighton,Leeds,1,0,H,4,2,0,0,29,24,23,82,1,23,25,42,77,2,10,5,2,27,0,4,2,5,22,0,0.6234635172041774,0.2075037369857995,0.1690327458100231,H
2022-08-27,Chelsea,Leicester,2,1,H,3,5,1,0,35,34,22,106,1,27,33,28,80,0,17,15,9,60,0,8,9,15,27,1,0.5559875718314494,0.2386617321608068,0.2053506960077437,H
2022-08-27,Liverpool,Bournemouth,9,0,H,12,2,0,0,49,43,13,123,1,17,15,34,55,3,19,22,7,46,0,4,7,22,22,0,0.8477022655923439,0.1060553290512386,0.0462424053564174,H
2022-08-27,Man City,Crystal Palace,4,2,H,5,2,0,0,47,55,16,129,0,28,24,19,86,0,16,15,6,52,2,10,6,15,18,0,0.6944412659478016,0.1744746800446048,0.1310840540075934,H
2022-08-27,Arsenal,Fulham,2,1,H,8,3,0,0,42,37,25,102,2,19,15,26,71,0,19,22,11,77,2,7,11,22,46,2,0.6058845370121524,0.2480485205461461,0.1460669424417014,H
2022-08-28,Aston Villa,West Ham,0,1,A,3,2,0,0,22,27,28,95,1,19,21,29,66,1,5,8,20,48,3,23,20,8,50,1,0.4681303432315221,0.285799378497122,0.2460702782713559,D
2022-08-28,Wolves,Newcastle,1,1,D,4,6,0,0,18,20,30,76,1,39,28,22,96,0,14,12,11,38,0,11,11,12,36,2,0.2797893038377643,0.3022501716091771,0.4179605245530585,A
2022-08-28,Nottingham,Tottenham,0,2,A,1,7,0,0,4,2,3,11,0,42,48,16,111,0,0,0,0,0,0,0,0,0,0,0,0.1215130258108909,0.2028226495299671,0.6756643246591418,A
2022-08-30,Crystal Palace,Brentford,1,1,D,4,3,0,0,28,25,20,83,0,28,32,26,85,2,4,0,0,10,0,4,0,0,10,0,0.4572920071164035,0.2137982446266803,0.3289097482569162,H
2022-08-30,Fulham,Brighton,2,1,H,3,4,0,0,18,16,28,72,0,31,24,22,81,1,3,2,2,12,0,3,2,2,14,0,0.3239513859070814,0.2610634245248476,0.4149851895680709,A
2022-08-30,Southampton,Chelsea,2,1,H,7,4,0,0,19,22,41,90,0,38,36,22,108,2,5,11,32,32,2,23,32,11,75,0,0.1751864264215977,0.2171568877424871,0.6076566858359151,A
2022-08-30,Leeds,Everton,1,1,D,5,2,0,0,22,22,40,71,2,19,18,33,69,5,6,7,20,38,0,21,20,7,75,0,0.444901676699465,0.229439347197694,0.325658976102841,H
2022-08-31,Arsenal,Aston Villa,2,1,H,9,3,0,0,42,38,26,108,1,21,24,26,94,0,24,22,8,54,1,6,8,22,39,0,0.5172485742737302,0.2638159977207462,0.2189354280055235,H
2022-08-31,Bournemouth,Wolves,0,0,D,2,4,0,0,16,15,43,52,3,19,21,30,76,1,0,1,2,2,1,3,2,1,7,0,0.2895402886993578,0.3013624075027734,0.4090973037978688,D
2022-08-31,Man City,Nottingham,6,0,H,9,1,0,0,47,58,18,128,0,4,2,5,12,0,0,0,0,0,0,0,0,0,0,0,0.832659993507383,0.1106252218160197,0.0567147846765972,H
2022-08-31,West Ham,Tottenham,1,1,D,4,4,0,0,22,20,26,63,1,45,50,14,111,0,11,14,18,31,0,17,18,14,47,1,0.1372236899002413,0.2050974362598477,0.6576788738399109,A
2022-08-31,Liverpool,Newcastle,2,1,H,6,2,0,0,49,49,12,128,1,37,26,22,93,0,22,17,7,67,0,4,7,17,25,0,0.7054571642616905,0.1826012329172371,0.1119416028210725,H
2022-09-01,Leicester,Man United,0,1,A,2,2,0,0,26,32,28,83,0,26,25,34,100,0,13,17,16,47,1,13,16,17,51,0,0.4436660430188995,0.2673090229954268,0.2890249339856735,H
2022-09-03,Everton,Liverpool,0,0,D,3,8,0,0,20,19,32,71,5,49,49,13,123,1,6,9,21,27,1,21,21,9,50,0,0.1080298838959799,0.2628148260948818,0.6291552900091383,A
2022-09-03,Brentford,Leeds,5,2,H,8,6,0,0,29,32,25,87,2,23,23,38,76,2,2,6,8,16,2,8,8,6,24,0,0.6339013665473568,0.2064356019564132,0.1596630314962298,H
2022-09-03,Chelsea,West Ham,2,1,H,3,3,0,0,37,36,23,109,2,23,21,26,66,1,14,11,9,57,0,14,9,11,25,3,0.6162116979124224,0.2333296499490824,0.1504586521384951,H
2022-09-03,Newcastle,Crystal Palace,0,0,D,6,9,0,0,34,26,24,93,0,28,25,20,82,0,19,10,5,41,0,7,5,10,30,0,0.4136413379678914,0.2694672863204146,0.3168913757116938,H
2022-09-03,Nottingham,Bournemouth,2,3,A,3,3,0,0,4,2,11,13,0,14,14,43,48,3,0,0,0,0,0,0,0,0,0,0,0.5740024411662766,0.2194764634874608,0.2065210953462624,H
2022-09-03,Tottenham,Fulham,2,1,H,10,3,0,0,43,48,13,110,0,18,16,29,72,0,25,19,6,67,0,4,6,19,55,0,0.768362809431879,0.1563450886630877,0.0752921019050333,H
2022-09-03,Wolves,Southampton,1,0,H,2,1,0,0,17,19,30,73,1,19,21,40,87,0,23,18,11,43,0,5,11,18,63,0,0.4416346466434508,0.3261484560674617,0.2322168972890874,H
2022-09-03,Aston Villa,Man City,1,1,D,1,4,0,0,21,25,27,96,0,49,63,17,132,0,1,8,27,24,1,28,27,8,69,2,0.100938334927533,0.1766940208723891,0.7223676442000778,A
2022-09-04,Brighton,Leicester,5,2,H,11,4,0,0,28,23,24,79,1,26,31,27,78,0,9,8,16,34,0,18,16,8,46,2,0.3801696991803574,0.2799185734202217,0.3399117273994209,A
2022-09-04,Man United,Arsenal,3,1,H,6,3,0,0,28,25,33,97,0,42,38,26,109,1,12,13,17,53,0,15,17,13,51,0,0.2852547296038266,0.2393610343268291,0.4753842360693444,A
2022-09-16,Aston Villa,Southampton,1,0,H,3,1,0,0,22,26,27,96,0,18,20,40,84,0,10,17,20,57,0,19,20,17,48,0,0.4874977009450595,0.3000974487984567,0.2124048502564836,D
2022-09-16,Nottingham,Fulham,2,3,A,3,7,0,0,4,4,14,16,0,17,16,30,72,0,0,0,0,0,0,0,0,0,0,0,0.3189651640316358,0.3093938329629006,0.3716410030054636,D
2022-09-17,Wolves,Man City,0,3,A,1,7,1,0,17,18,29,72,1,47,62,18,129,0,7,10,24,26,2,22,24,10,69,1,0.0850032342456559,0.1800893873209784,0.7349073784333656,A
2022-09-17,Newcastle,Bournemouth,1,1,D,7,3,0,0,34,25,23,96,0,17,16,43,48,3,10,8,8,27,0,7,8,8,28,0,0.7618746568354773,0.144641792473798,0.0934835506907246,H
2022-09-17,Tottenham,Leicester,6,2,H,11,7,0,0,46,50,13,118,0,23,31,32,76,0,21,25,18,59,0,9,18,25,45,0,0.7694408118150722,0.1414330514414692,0.0891261367434586,H
2022-09-18,Brentford,Arsenal,0,3,A,2,7,0,0,32,37,25,93,2,39,37,28,107,1,6,6,4,10,0,6,4,6,24,0,0.4728394869814518,0.2312230577155674,0.2959374553029806,A
2022-09-18,Everton,West Ham,1,0,H,2,4,0,0,21,19,31,72,5,20,21,28,66,1,7,8,14,37,2,22,14,8,41,0,0.3626490525832261,0.375218625282722,0.2621323221340518,D
2022-10-01,Arsenal,Tottenham,3,1,H,9,3,0,1,39,37,26,110,1,46,52,15,118,0,16,16,16,48,2,13,16,16,51,2,0.2752202088531778,0.2222704240767958,0.5025093670700265,A
2022-10-01,Bournemouth,Brentford,0,0,D,1,4,0,0,18,16,42,49,2,31,37,28,93,2,0,0,0,0,0,0,0,0,0,0,0.2279161513923311,0.2090110722700028,0.563072776337666,A
2022-10-01,Crystal Palace,Chelsea,1,2,A,3,3,0,0,28,25,20,88,0,37,36,24,105,2,3,5,24,13,0,27,24,5,61,0,0.2940208683261664,0.2364171645189162,0.4695619671549174,A
2022-10-01,Fulham,Newcastle,1,4,A,1,10,1,0,17,18,32,72,0,32,24,24,92,0,14,11,10,52,1,14,10,11,72,0,0.2638774420138415,0.2976412045142547,0.4384813534719036,A
2022-10-01,Liverpool,Brighton,3,3,D,7,6,0,0,47,48,13,127,1,31,28,24,87,0,21,21,8,59,1,6,8,21,35,0,0.7019710141392592,0.185082360449468,0.1129466254112728,H
2022-10-01,Southampton,Everton,1,2,A,6,5,0,0,15,18,41,74,0,24,20,26,74,5,13,15,13,52,1,16,13,15,32,1,0.3481291951704578,0.2180587926818126,0.4338120121477294,A
2022-10-01,West Ham,Wolves,2,0,H,5,4,0,0,19,19,27,67,1,17,17,30,71,2,16,12,8,46,0,13,8,12,47,0,0.4356824703323725,0.287210470787367,0.2771070588802604,H
2022-10-02,Man City,Man United,6,3,H,10,8,0,0,47,61,18,127,0,30,27,33,95,0,19,20,11,61,0,10,11,20,31,0,0.7895106227483794,0.1301137544537047,0.0803756227979159,H
2022-10-02,Leeds,Aston Villa,0,0,D,1,7,1,0,23,23,39,76,2,22,25,27,95,0,10,12,16,45,0,16,16,12,56,2,0.2530861914570773,0.321783559694058,0.4251302488488647,A
2022-10-03,Leicester,Nottingham,4,0,H,7,3,0,0,20,32,38,79,0,4,6,17,19,0,0,0,0,0,0,0,0,0,0,0,0.5909778938654245,0.2156665390010634,0.193355567133512,H
2022-10-08,Bournemouth,Leicester,2,1,H,4,5,0,0,19,14,39,44,2,23,36,36,83,0,11,9,8,23,1,8,8,9,31,1,0.2728576638198283,0.2701592661575642,0.4569830700226073,D
2022-10-08,Chelsea,Wolves,3,0,H,7,2,0,0,37,37,25,105,2,17,17,31,74,2,14,16,11,52,0,11,11,16,27,0,0.6385308485005379,0.2212256108159185,0.1402435406835435,H
2022-10-08,Man City,Southampton,4,0,H,8,0,0,0,50,65,18,133,0,12,17,43,71,0,22,19,7,53,0,4,7,19,33,0,0.8934211378536668,0.0804087807265585,0.0261700814197745,H
2022-10-08,Newcastle,Brentford,5,1,H,6,3,0,0,32,26,24,98,0,32,36,26,95,2,8,10,6,40,0,2,6,10,10,2,0.4306663978504047,0.2151638028981881,0.3541697992514072,A
2022-10-08,Brighton,Tottenham,0,1,A,4,3,0,0,32,31,24,92,0,43,48,18,114,1,13,10,11,37,0,16,11,10,42,0,0.2573412641396605,0.2041070672513854,0.5385516686089542,A
2022-10-09,Crystal Palace,Leeds,2,1,H,5,4,0,0,28,26,21,91,0,24,23,33,75,3,5,4,5,25,0,11,5,4,20,0,0.5815868133171705,0.2026924799909589,0.2157207066918705,H
2022-10-09,West Ham,Fulham,3,1,H,8,2,0,0,21,20,26,69,1,16,19,36,69,1,15,17,12,66,2,12,12,17,55,1,0.4918990911862637,0.282367783483853,0.2257331253298831,H
2022-10-09,Arsenal,Liverpool,3,2,H,7,3,0,0,39,38,27,111,1,45,48,15,126,1,2,6,29,26,0,26,29,6,67,0,0.2153945056790833,0.208631297912666,0.5759741964082505,A
2022-10-09,Everton,Man United,1,2,A,2,4,0,0,27,22,26,77,4,27,28,39,96,0,10,10,17,26,0,16,17,10,61,0,0.4032506488886388,0.3551254600489546,0.2416238910624066,H
2022-10-10,Nottingham,Aston Villa,1,1,D,3,2,0,0,4,6,21,22,0,20,21,27,93,0,0,0,0,0,0,0,0,0,0,0,0.2091152120155944,0.2929912560255325,0.4978935319588731,D
2022-10-14,Brentford,Brighton,2,0,H,3,7,0,0,32,37,29,97,1,32,31,23,95,0,0,0,6,14,0,12,6,0,14,0,0.4098573155368306,0.2461972832677473,0.343945401195422,H
2022-10-15,Leicester,Crystal Palace,0,0,D,5,1,0,0,20,35,37,84,0,28,24,21,91,0,16,15,18,34,2,10,18,15,39,0,0.3629895846583305,0.2637670204084229,0.3732433949332465,H
2022-10-15,Fulham,Bournemouth,2,2,D,4,6,0,0,16,20,38,68,1,22,16,39,45,2,0,0,3,1,1,3,3,0,5,0,0.6137718126889072,0.2019464176823958,0.1842817696286967,H
2022-10-15,Wolves,Nottingham,1,0,H,2,2,0,0,17,17,32,71,2,5,7,22,25,0,0,0,0,0,0,0,0,0,0,0,0.4988560582980422,0.3023338508370352,0.1988100908649224,H
2022-10-15,Tottenham,Everton,2,0,H,7,0,0,0,46,47,15,114,1,24,22,28,76,3,19,23,6,47,1,7,6,23,23,2,0.7739819379661478,0.1334888366101923,0.0925292254236599,H
2022-10-16,Aston Villa,Chelsea,0,2,A,7,4,0,0,18,19,28,86,0,37,36,25,107,2,4,7,24,28,1,25,24,7,53,1,0.2200910743345883,0.2481596189621335,0.5317493067032781,A
2022-10-16,Leeds,Arsenal,0,1,A,4,4,0,0,24,24,31,76,3,42,41,27,116,1,4,11,31,33,2,25,31,11,89,1,0.2170505714299359,0.2774815259722067,0.5054679025978572,A
2022-10-16,Man United,Newcastle,0,0,D,2,2,0,0,27,26,38,91,0,32,29,24,100,0,20,24,11,72,0,8,11,24,47,0,0.2976952819996981,0.2711681363701071,0.4311365816301946,H
2022-10-16,Southampton,West Ham,1,1,D,8,4,0,0,12,17,43,70,0,21,22,27,73,1,12,10,16,40,0,15,16,10,47,3,0.2781453499362213,0.2785929343382867,0.4432617157254918,A
2022-10-16,Liverpool,Man City,1,0,H,2,6,0,0,42,44,18,114,1,50,68,18,133,0,12,17,22,39,1,12,22,17,39,0,0.3009954626177851,0.1880177179478127,0.510986819434402,A
2022-10-18,Brighton,Nottingham,0,0,D,7,0,0,0,32,30,23,98,0,5,7,23,27,0,0,0,0,0,0,0,0,0,0,0,0.6819737042054125,0.1989127843439471,0.1191135114506403,H
2022-10-18,Crystal Palace,Wolves,2,1,H,4,4,0,0,28,23,20,88,0,17,14,32,68,2,16,10,4,40,1,7,4,10,29,1,0.5880261135012963,0.2371432680250199,0.1748306184736839,H
2022-10-19,Bournemouth,Southampton,0,1,A,3,3,0,0,23,18,38,51,2,13,17,42,73,0,9,8,9,31,0,12,9,8,35,1,0.4103410726690628,0.3082196881088697,0.2814392392220675,H
2022-10-19,Brentford,Chelsea,0,0,D,5,5,0,0,32,36,28,94,1,37,35,24,104,2,6,8,4,26,0,6,4,8,18,0,0.4353510084236488,0.2089323859846321,0.355716605591719,H
2022-10-19,Liverpool,West Ham,1,0,H,7,3,0,0,42,44,18,111,1,22,23,27,72,1,24,25,10,62,0,6,10,25,32,0,0.7178878667472799,0.1742957164946066,0.1078164167581134,H
2022-10-19,Newcastle,Everton,1,0,H,4,0,0,0,33,29,23,100,0,24,21,28,74,2,14,14,11,51,0,14,11,14,40,2,0.5563078201862113,0.2255821029843638,0.2181100768294249,H
2022-10-19,Man United,Tottenham,2,0,H,10,2,0,0,27,26,38,90,0,46,47,15,114,1,21,19,17,47,1,9,17,19,37,0,0.1793499699890272,0.1918173513566924,0.6288326786542804,A
2022-10-20,Fulham,Aston Villa,3,0,H,8,6,0,1,14,21,40,69,1,18,18,28,86,0,13,10,12,68,0,13,12,10,50,0,0.2793938112097185,0.3319814430555779,0.3886247457347035,H
2022-10-20,Leicester,Leeds,2,0,H,1,2,0,0,20,34,36,86,0,24,24,31,76,3,15,17,13,59,0,12,13,17,56,1,0.5439854966288743,0.1988290637154862,0.2571854396556394,H
2022-10-22,Nottingham,Liverpool,1,0,H,7,7,0,0,6,7,23,27,0,42,43,18,109,1,0,0,0,0,0,0,0,0,0,0,0.12164480693919,0.1801037250788665,0.6982514679819434,A
2022-10-22,Everton,Crystal Palace,3,0,H,6,2,0,0,24,19,26,70,2,28,23,21,84,0,20,19,14,56,1,8,14,19,40,0,0.3252905476398924,0.3321327818018501,0.3425766705582574,A
2022-10-22,Man City,Brighton,3,1,H,4,2,0,0,47,64,18,129,0,33,30,21,102,0,27,28,6,73,1,3,6,28,27,0,0.7392343696172794,0.1465806741015824,0.1141849562811382,D
2022-10-22,Chelsea,Man United,1,1,D,2,6,0,0,35,34,24,106,2,30,27,34,98,0,7,7,14,52,0,16,14,7,35,0,0.5036753702230499,0.2839397840740443,0.2123848457029057,H
2022-10-23,Aston Villa,Brentford,4,0,H,11,3,0,0,18,18,30,91,1,30,34,28,95,1,2,4,6,20,0,8,6,4,12,0,0.299856106984675,0.2875122111076587,0.4126316819076662,A
2022-10-23,Leeds,Fulham,2,3,A,5,5,0,0,24,24,30,77,3,17,24,37,77,1,13,11,10,48,0,10,10,11,43,0,0.482756004585824,0.3007601582517757,0.2164838371624001,H
2022-10-23,Southampton,Arsenal,1,1,D,3,3,0,0,16,17,40,69,0,42,41,27,117,1,9,9,18,46,1,18,18,9,53,2,0.147517656170234,0.2101260275925466,0.6423563162372193,A
2022-10-23,Wolves,Leicester,0,4,A,5,4,0,0,14,14,34,69,2,20,34,35,84,0,10,4,7,26,0,16,7,4,42,2,0.2751301790189984,0.3335561073882153,0.3913137135927862,D
2022-10-23,Tottenham,Newcastle,1,2,A,5,5,0,0,43,44,16,112,1,36,30,22,98,0,23,24,11,57,0,5,11,24,22,3,0.6035427305971566,0.2176390480603211,0.1788182213425223,H
2022-10-24,West Ham,Bournemouth,2,0,H,4,3,0,0,19,21,27,71,1,20,17,39,52,2,12,20,16,45,1,12,16,20,50,1,0.6224076972487232,0.220478119682601,0.1571141830686757,H
2022-10-29,Leicester,Man City,0,1,A,5,5,0,0,23,37,33,86,0,49,67,19,129,0,3,14,30,35,0,27,30,14,75,0,0.133444656103697,0.1478108785098524,0.7187444653864505,A
2022-10-29,Bournemouth,Tottenham,2,3,A,4,7,0,0,20,17,40,55,2,40,40,17,111,1,1,4,20,15,0,19,20,4,54,0,0.1035899477164934,0.1958554494814178,0.7005546028020888,A
2022-10-29,Brentford,Wolves,1,1,D,3,4,0,1,30,33,30,92,1,14,12,35,66,1,6,6,4,8,2,6,4,6,4,0,0.6301550965953238,0.2220733391393143,0.1477715642653619,H
2022-10-29,Brighton,Chelsea,4,1,H,9,7,0,0,33,31,22,104,0,36,34,21,100,2,6,6,16,31,1,18,16,6,58,0,0.3803517865786971,0.2277444848360842,0.3919037285852186,A
2022-10-29,Crystal Palace,Southampton,1,0,H,3,4,0,0,27,23,24,85,0,16,17,40,66,0,15,13,15,41,0,12,15,13,45,0,0.579051963718219,0.2574948917276014,0.1634531445541796,H
2022-10-29,Newcastle,Aston Villa,4,0,H,7,0,0,0,39,31,18,102,0,21,21,28,97,1,12,5,10,27,0,15,10,5,35,0,0.4745132105180149,0.2674441923555433,0.2580425971264418,H
2022-10-29,Fulham,Everton,0,0,D,6,4,0,0,20,26,37,76,1,24,21,26,73,2,4,10,25,46,0,25,25,10,80,0,0.3612364673912859,0.2599798796289617,0.3787836529797523,A
2022-10-29,Liverpool,Leeds,1,2,A,10,6,0,0,39,41,19,113,1,21,24,32,75,3,26,32,8,100,0,2,8,32,42,2,0.7535341061418811,0.150461201458152,0.0960046923999668,H
2022-10-30,Arsenal,Nottingham,5,0,H,10,2,0,0,43,42,25,117,1,9,8,23,34,0,0,0,0,0,0,0,0,0,0,0,0.7559642623046786,0.1613920638968735,0.0826436737984478,H
2022-10-30,Man United,West Ham,1,0,H,3,5,0,0,28,25,33,98,0,22,22,24,74,1,22,15,8,55,0,7,8,15,28,0,0.4379276759681478,0.2684985827203544,0.2935737413114979,D
2022-11-05,Leeds,Bournemouth,4,3,H,4,6,0,0,21,23,31,75,3,19,18,42,55,2,0,0,0,0,0,0,0,0,0,0,0.6552313712702744,0.214158322624581,0.1306103061051445,H
2022-11-05,Man City,Fulham,2,1,H,5,2,1,0,49,66,19,128,0,21,25,34,75,1,26,27,6,92,0,2,6,27,36,1,0.8772264495636802,0.0808117118549488,0.0419618385813708,H
2022-11-05,Nottingham,Brentford,2,2,D,7,2,0,0,9,8,28,36,0,28,30,30,89,1,0,0,0,0,0,0,0,0,0,0,0.2454977394629911,0.2407776977475917,0.5137245627894171,D
2022-11-05,Wolves,Brighton,2,3,A,5,8,1,0,12,11,35,65,2,35,35,23,109,0,11,9,13,34,0,11,13,9,34,2,0.1454967923878072,0.3032013501678484,0.5513018574443445,A
2022-11-05,Everton,Leicester,0,2,A,2,8,0,0,24,20,25,74,2,22,36,33,88,0,18,14,11,39,0,9,11,14,44,1,0.3723997207504791,0.3102147429586786,0.3173855362908422,A
2022-11-06,Chelsea,Arsenal,0,1,A,1,2,0,0,33,29,25,93,2,46,46,23,123,1,14,18,19,51,0,14,19,18,39,1,0.276227009628934,0.2522667025329486,0.4715062878381174,A
2022-11-06,Aston Villa,Man United,3,1,H,4,3,0,0,21,21,28,89,1,30,25,32,96,0,9,11,16,41,1,18,16,11,55,0,0.3438593430264999,0.3323417762190152,0.3237988807544849,H
2022-11-06,Southampton,Newcastle,1,4,A,5,4,0,0,16,17,35,69,0,39,34,18,105,0,7,13,18,47,0,19,18,13,40,1,0.1432969643461227,0.2381781036692175,0.6185249319846596,A
2022-11-06,West Ham,Crystal Palace,1,2,A,2,6,0,0,19,20,24,74,1,27,21,24,83,0,16,20,18,42,0,10,18,20,36,1,0.3613672311306512,0.3262812880073695,0.3123514808619792,A
2022-11-06,Tottenham,Liverpool,1,2,A,5,6,0,0,40,39,19,113,1,36,40,21,120,1,5,12,18,37,0,20,18,12,69,2,0.3553046378082238,0.2477267548382179,0.3969686073535584,D
2022-11-12,Man City,Brentford,1,2,A,6,8,0,0,51,66,18,128,1,26,30,32,84,1,12,6,0,20,0,0,0,6,8,0,0.8540379579746211,0.0895930451728725,0.0563689968525063,H
2022-11-12,Bournemouth,Everton,3,0,H,9,3,0,0,19,21,44,59,2,24,20,25,75,2,11,16,17,43,1,11,17,16,36,1,0.3135552002113779,0.2647463534617397,0.4216984463268824,H
2022-11-12,Liverpool,Southampton,3,1,H,7,5,0,0,38,40,20,122,1,13,17,39,71,0,27,25,4,52,0,3,4,25,31,0,0.7434933448574443,0.1908548829184933,0.0656517722240623,H
2022-11-12,Nottingham,Crystal Palace,1,0,H,2,0,0,0,10,10,30,43,0,30,22,23,86,0,0,0,0,0,0,0,0,0,0,0,0.2296808858646158,0.2682478377581148,0.5020712763772692,D
2022-11-12,Tottenham,Leeds,4,3,H,8,5,0,1,40,40,20,118,1,23,26,33,76,3,25,23,8,60,1,4,8,23,43,0,0.7457434602374061,0.153452594304141,0.1008039454584527,H
2022-11-12,West Ham,Leicester,0,2,A,6,6,0,0,19,21,24,75,1,24,38,33,94,0,18,23,15,42,1,9,15,23,36,2,0.3588375497407655,0.2984809516230844,0.3426814986361501,A
2022-11-12,Newcastle,Chelsea,1,0,H,3,2,0,0,39,36,18,102,0,33,27,22,92,2,6,5,15,21,0,24,15,5,43,0,0.4807934410984231,0.2176400269746904,0.3015665319268864,H
2022-11-12,Wolves,Arsenal,0,2,A,2,4,0,0,12,13,37,68,3,49,47,22,119,1,9,9,14,47,2,18,14,9,50,4,0.1202902605651611,0.2525818413835204,0.6271278980513183,A
2022-11-13,Brighton,Aston Villa,1,2,A,2,2,0,0,35,36,24,114,0,23,24,29,90,1,5,4,12,25,2,17,12,4,34,0,0.5165065612025281,0.2441638855261204,0.2393295532713514,H
2022-11-13,Fulham,Man United,1,2,A,7,9,0,0,21,26,35,74,1,30,26,34,95,0,2,8,24,59,1,26,24,8,94,0,0.3212671915408622,0.2916002566036231,0.3871325518555147,A
2022-12-26,Brentford,Tottenham,2,2,D,5,8,0,0,26,30,32,87,1,42,44,23,126,1,2,0,4,8,0,8,4,0,12,0,0.2273828048456603,0.2177593077846322,0.5548578873697074,A
2022-12-26,Crystal Palace,Fulham,0,3,A,0,11,2,0,30,22,23,84,0,20,26,36,80,1,11,10,10,42,0,8,10,10,35,2,0.5036489079538587,0.245878849950249,0.2504722420958922,D
2022-12-26,Everton,Wolves,1,2,A,6,4,0,0,21,19,28,74,2,12,13,38,66,3,14,12,12,51,3,14,12,12,31,1,0.5325112650374825,0.2773403007848666,0.1901484341776508,H
2022-12-26,Leicester,Newcastle,0,3,A,2,5,0,0,27,39,30,98,0,39,36,18,101,0,18,25,11,47,0,12,11,25,35,1,0.3753167627052936,0.2374073251741336,0.3872759121205727,A
2022-12-26,Southampton,Brighton,1,3,A,4,4,0,0,13,18,40,73,0,32,36,26,111,0,13,15,13,38,0,10,13,15,39,1,0.1704690510637606,0.2578984105443602,0.5716325383918791,A
2022-12-26,Aston Villa,Liverpool,1,3,A,6,9,0,0,23,24,30,86,1,38,39,21,124,1,3,13,23,35,0,27,23,13,72,0,0.1546682944418568,0.2486497373352234,0.5966819682229197,A
2022-12-26,Arsenal,West Ham,3,1,H,5,4,0,0,49,45,20,119,1,18,20,25,73,1,26,23,9,64,0,2,9,23,29,2,0.7177473813894739,0.1752612463398908,0.1069913722706352,H
2022-12-27,Chelsea,Bournemouth,2,0,H,5,4,0,0,30,26,23,89,2,22,24,40,66,2,15,13,7,40,0,9,7,13,22,0,0.6557780766868142,0.2113218180017887,0.1329001053113971,H
2022-12-27,Man United,Nottingham,3,0,H,8,3,0,0,30,25,33,95,0,13,11,30,45,0,0,0,0,0,0,0,0,0,0,0,0.596846171032979,0.2276856821930504,0.1754681467739706,H
2022-12-28,Leeds,Man City,1,3,A,1,9,0,0,20,26,37,76,4,48,64,20,129,1,11,10,28,37,1,17,28,10,91,1,0.1244814046883368,0.2100830593895541,0.665435535922109,A
2022-12-30,West Ham,Brentford,0,2,A,5,6,0,0,18,21,27,75,0,26,32,34,90,1,0,2,8,12,0,12,8,2,26,0,0.3700459434824771,0.2535184836256906,0.3764355728918321,A
2022-12-30,Liverpool,Leicester,2,1,H,5,2,0,0,38,40,22,129,1,27,38,31,91,0,21,18,8,71,0,9,8,18,21,0,0.5947367574517121,0.2330435144573235,0.1722197280909643,H
2022-12-31,Wolves,Man United,0,1,A,3,6,0,0,15,15,36,69,3,33,28,29,102,0,9,5,12,49,1,18,12,5,48,0,0.2112098058471547,0.3575725798989173,0.4312176142539279,D
2022-12-31,Bournemouth,Crystal Palace,0,2,A,2,6,0,0,22,24,39,69,2,29,22,26,77,2,10,9,10,31,0,10,10,9,30,1,0.3855556737883567,0.257175877460814,0.3572684487508293,H
2022-12-31,Fulham,Southampton,2,1,H,2,3,0,0,23,29,34,88,1,12,17,41,72,0,11,11,16,41,0,14,16,11,53,0,0.5380777413490269,0.2806575057214771,0.1812647529294959,H
2022-12-31,Man City,Everton,1,1,D,3,1,0,0,48,62,20,130,1,18,18,29,76,2,28,25,5,74,1,1,5,25,25,1,0.8477950501522323,0.1035163557318082,0.0486885941159595,H
2022-12-31,Newcastle,Leeds,0,0,D,5,1,0,0,39,36,18,99,0,19,27,40,75,4,15,13,13,62,0,12,13,13,57,0,0.7405314799958623,0.1357595014611625,0.1237090185429751,H
2022-12-31,Brighton,Arsenal,2,4,A,5,7,0,0,35,39,24,114,0,49,45,20,117,1,14,8,9,29,0,11,9,8,44,0,0.3930299227098976,0.2091683117995008,0.3978017654906014,A
2023-01-01,Tottenham,Aston Villa,0,2,A,2,4,0,0,40,43,24,127,1,20,22,32,85,1,27,26,8,64,0,3,8,26,39,0,0.6904624381788756,0.2018168783144862,0.107720683506638,D
2023-01-01,Nottingham,Chelsea,1,1,D,5,2,0,0,13,11,33,48,0,32,27,22,88,2,0,0,0,0,0,0,0,0,0,0,0.2253821251675713,0.2160820085031607,0.558535866329268,A
2023-01-02,Brentford,Liverpool,3,1,H,7,6,0,0,29,34,31,92,1,38,41,23,124,1,2,6,12,10,0,8,12,6,38,0,0.2696694415979419,0.2255072745981422,0.504823283803916,A
2023-01-03,Arsenal,Newcastle,0,0,D,4,1,0,0,49,47,21,117,1,40,36,17,102,0,21,17,7,41,0,9,7,17,30,1,0.5322307369070275,0.2121789239628202,0.2555903391301522,H
2023-01-03,Everton,Brighton,1,4,A,4,8,0,0,18,19,30,72,2,34,39,26,114,0,19,20,12,47,0,10,12,20,35,1,0.2133608921958874,0.3112525387660181,0.4753865690380944,A
2023-01-03,Leicester,Fulham,0,1,A,6,2,0,0,24,36,33,85,0,26,31,33,87,1,6,4,7,31,0,12,7,4,29,0,0.4934653248120363,0.2112981097231476,0.2952365654648159,H
2023-01-03,Man United,Bournemouth,3,0,H,6,4,0,0,36,28,26,103,0,22,24,40,68,1,16,13,7,42,0,7,7,13,31,1,0.661110477406426,0.1951630471138571,0.1437264754797168,H
2023-01-04,Southampton,Nottingham,0,1,A,0,1,0,0,12,17,41,72,0,14,12,34,53,0,0,0,0,0,0,0,0,0,0,0,0.457882469766716,0.279308090473168,0.2628094397601159,A
2023-01-04,Leeds,West Ham,2,2,D,6,2,0,0,20,27,36,74,4,18,20,27,77,0,16,17,15,59,0,13,15,17,56,1,0.3727513182855474,0.3647803303093199,0.2624683514051326,D
2023-01-04,Aston Villa,Wolves,1,1,D,4,3,0,0,23,23,30,85,1,14,13,35,68,3,8,11,15,42,0,20,15,11,48,1,0.5130705417872075,0.2634947148329749,0.2234347433798176,D
2023-01-04,Crystal Palace,Tottenham,0,4,A,4,6,0,0,29,22,25,78,2,39,42,25,126,1,7,8,18,30,2,22,18,8,38,2,0.1882616629395202,0.2636037584696102,0.5481345785908694,A
2023-01-05,Chelsea,Man City,0,1,A,2,3,0,0,33,28,22,85,2,46,59,21,127,1,6,6,12,18,0,24,12,6,47,0,0.1810816036965895,0.2068582308570527,0.6120601654463578,A
2023-01-12,Fulham,Chelsea,2,1,H,3,10,0,1,29,31,30,86,1,32,26,21,81,2,4,3,15,51,1,22,15,3,89,0,0.395099652126058,0.2338871800202504,0.3710131678536915,H
2023-01-13,Aston Villa,Leeds,2,1,H,5,4,0,0,23,23,30,85,1,21,28,36,78,3,16,16,12,58,2,10,12,16,43,1,0.5093684623494914,0.2355843447233148,0.2550471929271938,H
2023-01-14,Man United,Man City,2,1,H,4,1,0,0,38,30,25,106,0,46,55,21,121,1,10,13,24,34,0,19,24,13,64,0,0.2357265048628443,0.193629533583193,0.5706439615539626,A
2023-01-14,Brighton,Liverpool,3,0,H,9,2,0,0,34,40,27,113,0,37,41,25,127,1,7,10,19,39,0,19,19,10,60,1,0.3279283122327801,0.2324753868905963,0.4395963008766235,A
2023-01-14,Everton,Southampton,1,2,A,4,5,0,0,18,18,31,71,0,12,17,39,68,0,19,14,12,35,1,10,12,14,53,1,0.467200935508829,0.3017198362437622,0.2310792282474087,H
2023-01-14,Nottingham,Leicester,2,0,H,5,1,0,0,17,13,34,54,0,21,31,33,84,0,0,0,4,3,0,3,4,0,7,0,0.2736725575924062,0.2526429145156509,0.4736845278919427,A
2023-01-14,Wolves,West Ham,1,0,H,4,4,0,0,15,13,31,68,3,16,18,29,74,0,12,7,13,46,0,18,13,7,44,0,0.2884497434131502,0.4040300699528031,0.3075201866340466,A
2023-01-14,Brentford,Bournemouth,2,0,H,4,2,0,0,29,34,32,94,1,19,21,42,69,1,1,0,0,4,0,1,0,0,1,0,0.6817790953192406,0.1840389157914558,0.1341819888893035,H
2023-01-15,Chelsea,Crystal Palace,1,0,H,5,5,0,0,29,24,23,87,3,26,21,29,75,2,30,25,4,59,0,0,4,25,11,0,0.570106544104827,0.2691530107226088,0.1607404451725642,H
2023-01-15,Newcastle,Fulham,1,0,H,5,0,0,0,41,36,12,100,0,31,32,30,84,1,16,14,12,75,0,13,12,14,45,2,0.6351000307152941,0.1876358663770487,0.177264102907657,H
2023-01-15,Tottenham,Arsenal,0,2,A,7,5,0,0,39,43,25,126,1,47,45,20,112,1,13,17,17,50,3,16,17,17,52,2,0.4371398170640489,0.2203565530747671,0.3425036298611839,H
2023-01-18,Crystal Palace,Man United,1,1,D,5,4,0,0,25,20,29,76,2,38,29,26,105,0,14,9,11,27,0,14,11,9,42,0,0.274108152384185,0.3202738010237147,0.4056180465921002,A
2023-01-19,Man City,Tottenham,4,2,H,6,3,0,0,43,51,22,117,1,36,42,27,125,1,10,13,15,54,1,19,15,13,30,0,0.4851058970617386,0.2127937232848364,0.3021003796534249,D
2023-01-21,Liverpool,Chelsea,0,0,D,3,2,0,0,34,39,27,123,1,31,24,22,85,3,12,12,11,51,0,12,11,12,39,3,0.5753357291520518,0.2124849623578319,0.2121793084901161,H
2023-01-21,Bournemouth,Nottingham,1,1,D,4,5,0,0,16,19,43,65,0,20,15,34,59,0,3,3,2,3,0,0,2,3,3,0,0.4501894921239306,0.2555907587405462,0.294219749135523,H
2023-01-21,Leicester,Brighton,2,2,D,2,4,0,0,20,30,34,84,0,34,39,27,116,0,15,16,13,46,2,12,13,16,43,0,0.2624593106411854,0.2543997370058899,0.4831409523529246,A
2023-01-21,Southampton,Aston Villa,0,1,A,5,5,0,0,15,18,38,71,0,25,24,30,81,1,16,14,17,38,0,13,17,14,56,0,0.3219314483998452,0.2788338302011647,0.3992347213989901,H
2023-01-21,West Ham,Everton,2,0,H,4,2,0,0,15,16,28,76,0,15,16,31,69,0,19,11,8,41,0,10,8,11,32,2,0.4037778834923444,0.3328772405198286,0.2633448759878269,D
2023-01-21,Crystal Palace,Newcastle,0,0,D,1,7,0,0,26,19,27,76,2,41,35,12,101,0,8,5,9,39,0,17,9,5,44,0,0.1754779413306308,0.2760129346319374,0.5485091240374319,A
2023-01-22,Leeds,Brentford,0,0,D,5,0,0,0,21,29,35,82,2,29,33,30,91,1,8,10,11,30,0,5,11,10,24,2,0.4076188273141626,0.2607645722243564,0.3316166004614809,H
2023-01-22,Man City,Wolves,3,0,H,7,1,0,0,45,53,22,115,1,17,13,30,68,3,22,25,10,67,1,7,10,25,23,3,0.8170447381101827,0.1173902521611236,0.0655650097286936,H
2023-01-22,Arsenal,Man United,3,2,H,5,4,0,0,50,47,17,113,0,39,30,23,104,0,15,17,14,51,0,12,14,17,56,0,0.5900547113072325,0.1946478767598448,0.2152974119329226,H
2023-01-23,Fulham,Tottenham,0,1,A,5,3,0,0,31,32,29,84,1,33,39,31,115,1,4,7,20,54,0,25,20,7,68,0,0.2996488971097759,0.2420876947077851,0.4582634081824389,A
2023-02-03,Chelsea,Fulham,0,0,D,3,4,0,0,29,22,21,79,3,30,30,28,86,1,21,16,5,90,1,6,5,16,46,1,0.4486741917318287,0.2999815239810672,0.2513442842871039,D
2023-02-04,Everton,Arsenal,1,0,H,4,3,0,0,15,15,28,69,0,53,50,17,116,0,13,12,25,28,1,16,25,12,57,0,0.1289868131164565,0.2062271471960197,0.6647860396875237,A
2023-02-04,Aston Villa,Leicester,2,4,A,4,5,0,0,28,23,27,84,1,18,28,35,80,0,12,10,13,32,1,15,13,10,48,1,0.4290889796099348,0.2937044248291758,0.2772065955608893,H
2023-02-04,Brentford,Southampton,3,0,H,4,6,0,0,30,32,28,86,0,15,17,35,74,0,6,8,8,18,0,6,8,8,20,0,0.5729319254238902,0.2332960969713435,0.1937719776047662,H
2023-02-04,Brighton,Bournemouth,1,0,H,6,2,0,0,34,40,28,114,0,17,19,42,67,0,4,6,7,22,0,7,7,6,16,0,0.7309708891118494,0.1717473458725393,0.0972817650156112,H
2023-02-04,Man United,Crystal Palace,2,1,H,5,3,1,0,39,32,25,104,0,24,18,27,74,2,12,8,10,39,0,15,10,8,31,0,0.5723332473944122,0.2144268091107932,0.2132399434947946,H
2023-02-04,Wolves,Liverpool,3,0,H,6,4,0,0,17,12,30,64,3,32,37,26,121,1,0,4,21,32,0,30,21,4,65,0,0.1137826124570328,0.2955839324261941,0.590633455116773,H
2023-02-04,Newcastle,West Ham,1,1,D,2,1,0,0,39,33,11,102,0,18,17,25,78,0,17,20,19,47,0,11,19,20,52,1,0.5811169202717731,0.2536614189045386,0.1652216608236882,H
2023-02-05,Nottingham,Leeds,1,0,H,2,4,0,0,21,16,35,64,0,21,28,34,82,2,0,0,0,0,0,0,0,0,0,0,0.3615382869446943,0.2225093970123878,0.4159523160429178,A
2023-02-05,Tottenham,Man City,1,0,H,3,5,1,0,33,36,30,110,1,45,53,20,117,1,19,16,14,30,0,10,14,16,54,1,0.3104123620697692,0.2164181937901591,0.4731694441400716,A
2023-02-08,Man United,Leeds,2,2,D,7,2,0,0,42,33,24,104,1,18,26,34,80,2,23,28,11,76,0,5,11,28,37,0,0.6322791921607139,0.2031765323647777,0.1645442754745084,H
2023-02-11,West Ham,Chelsea,1,1,D,2,4,0,0,19,18,24,78,0,27,21,21,76,3,11,9,13,26,3,17,13,9,58,0,0.3648351123943562,0.2588469750391696,0.3763179125664743,H
2023-02-11,Arsenal,Brentford,1,1,D,7,2,0,0,50,45,17,110,0,32,33,26,87,0,9,7,6,31,0,6,6,7,12,0,0.6530116751170336,0.1657400917505476,0.1812482331324187,H
2023-02-11,Crystal Palace,Brighton,1,1,D,1,7,0,0,24,19,27,75,2,34,38,27,113,0,13,12,12,32,0,10,12,12,44,2,0.2358592355545827,0.3054077337560049,0.4587330306894124,A
2023-02-11,Fulham,Nottingham,2,0,H,3,1,0,0,30,30,28,87,1,24,17,33,66,0,3,3,2,7,0,0,2,3,3,0,0.6158715726837152,0.2203186046401836,0.163809822676101,H
2023-02-11,Leicester,Tottenham,4,1,H,7,4,0,0,20,30,35,80,0,35,35,28,108,2,6,18,30,48,0,24,30,18,64,0,0.2780843127757138,0.2213764116067146,0.5005392756175715,A
2023-02-11,Southampton,Wolves,1,2,A,2,2,0,1,15,16,34,78,0,20,14,28,64,3,2,7,18,54,0,26,18,7,42,0,0.3629597231602904,0.2733740969130596,0.3636661799266499,A
2023-02-11,Bournemouth,Newcastle,1,1,D,5,7,0,0,14,17,43,66,0,37,32,12,94,0,8,9,9,31,0,11,9,9,34,0,0.1278596614847951,0.214748847379487,0.6573914911357178,A
2023-02-12,Leeds,Man United,0,2,A,6,5,0,0,16,26,35,78,2,43,35,22,107,1,3,12,30,37,0,24,30,12,78,0,0.2203062032349423,0.2695101558082042,0.5101836409568534,A
2023-02-12,Man City,Aston Villa,3,1,H,9,2,0,0,42,51,21,120,1,28,25,29,86,1,28,28,9,70,2,1,9,28,25,1,0.7529112761343076,0.155058264067263,0.0920304597984294,D
2023-02-13,Liverpool,Everton,2,0,H,6,1,0,0,29,34,28,117,1,18,16,27,69,0,21,20,8,55,0,6,8,20,28,1,0.582343682559299,0.2727938371101437,0.1448624803305572,H
2023-02-15,Arsenal,Man City,1,3,A,1,6,0,0,48,44,18,115,0,42,50,22,122,1,0,3,27,20,4,30,27,3,57,0,0.3475548135396005,0.1896598378027475,0.4627853486576518,H
2023-02-18,Aston Villa,Arsenal,2,4,A,5,5,0,0,25,24,31,84,1,45,41,19,109,0,6,9,19,40,0,24,19,9,55,1,0.1876365737462208,0.2456760533973601,0.5666873728564192,A
2023-02-18,Brentford,Crystal Palace,1,1,D,5,4,0,0,30,30,27,82,0,24,19,27,73,2,5,1,1,13,0,5,1,1,14,0,0.5477974283605836,0.2026014696193216,0.2496011020200946,H
2023-02-18,Brighton,Fulham,0,1,A,7,2,0,0,32,37,27,116,0,30,29,26,81,1,3,3,4,18,0,6,4,3,15,0,0.5669989305078232,0.2058078466127712,0.2271932228794055,H
2023-02-18,Chelsea,Southampton,0,1,A,5,5,0,0,27,20,20,77,3,14,15,34,76,0,20,30,11,74,0,8,11,30,32,2,0.4776322018212561,0.3543800284310884,0.1679877697476555,H
2023-02-18,Everton,Leeds,1,0,H,6,0,0,0,18,15,27,66,0,15,24,35,79,2,19,20,8,70,0,7,8,20,38,0,0.4120058231262941,0.2725307500302286,0.3154634268434772,H
2023-02-18,Nottingham,Man City,1,1,D,1,6,0,0,21,16,35,61,0,44,50,20,118,1,0,0,6,1,0,3,6,0,9,0,0.1214496248235111,0.1551174861057456,0.7234328890707433,A
2023-02-18,Wolves,Bournemouth,0,1,A,4,1,0,0,22,16,29,65,4,15,18,40,70,0,4,2,1,11,0,1,1,2,4,1,0.4717492234416304,0.3394386274893397,0.1888121490690297,D
2023-02-18,Newcastle,Liverpool,0,2,A,4,7,1,0,37,33,13,100,0,31,34,26,119,1,3,6,17,24,0,24,17,6,69,0,0.3556136373467504,0.2598749359077371,0.3845114267455125,D
2023-02-19,Man United,Leicester,3,0,H,8,3,0,0,43,35,21,108,1,23,32,32,85,0,13,15,17,46,0,13,17,15,45,1,0.5598762632958612,0.2358590842924423,0.2042646524116965,H
2023-02-19,Tottenham,West Ham,2,0,H,6,1,0,0,32,35,32,108,2,20,19,24,75,0,15,16,13,46,0,12,13,16,31,0,0.4910107134232866,0.2977182691574531,0.2112710174192602,D
2023-02-24,Fulham,Wolves,1,1,D,5,2,0,0,33,29,24,80,1,22,16,29,66,4,9,10,10,52,0,18,10,10,39,1,0.5956051085987445,0.1940510242968429,0.2103438671044125,H
2023-02-25,Everton,Aston Villa,0,2,A,5,5,0,0,20,15,26,64,0,25,25,32,84,1,7,9,15,33,0,22,15,9,34,0,0.3164800884481814,0.281322913052026,0.4021969984997925,D
2023-02-25,Leeds,Southampton,1,0,H,4,2,0,0,12,21,36,73,2,14,14,33,78,0,10,12,11,40,1,16,11,12,55,0,0.351192412131527,0.3733174404329248,0.2754901474355481,H
2023-02-25,Leicester,Arsenal,0,1,A,0,2,0,0,23,31,33,87,0,45,42,21,108,0,9,10,19,48,0,21,19,10,55,1,0.2446817347071883,0.2253395621455727,0.5299787031472389,A
2023-02-25,West Ham,Nottingham,4,0,H,5,3,0,0,20,19,24,73,0,21,16,35,57,0,0,0,1,5,0,3,1,0,6,0,0.5607134741608801,0.2455846060952306,0.1937019197438892,H
2023-02-25,Bournemouth,Man City,1,4,A,2,5,0,0,18,19,37,70,0,42,47,19,119,1,0,4,31,19,0,27,31,4,66,2,0.0933599522771296,0.1684283028695896,0.7382117448532807,A
2023-02-25,Crystal Palace,Liverpool,0,0,D,0,4,0,0,22,17,27,68,2,33,35,25,122,0,1,5,28,35,1,28,28,5,67,1,0.1377300696372648,0.296353658108888,0.5659162722538472,A
2023-02-26,Tottenham,Chelsea,2,0,H,3,2,0,0,32,35,32,107,2,27,20,18,79,2,8,8,17,35,1,20,17,8,51,0,0.4373433434997154,0.2710516198200635,0.291605036680221,H
2023-03-01,Arsenal,Everton,4,0,H,5,5,0,0,45,41,20,102,0,19,14,27,62,0,13,20,11,46,0,16,11,20,29,0,0.6779599001749342,0.1903420858970827,0.131698013927983,H
2023-03-01,Liverpool,Wolves,2,0,H,6,1,0,0,34,34,23,121,0,22,16,29,64,4,27,19,6,63,0,3,6,19,32,0,0.7385949828489068,0.1580216914329265,0.1033833257181666,H
2023-03-04,Man City,Newcastle,2,0,H,3,2,0,0,42,45,20,115,1,36,30,12,98,1,26,34,10,80,0,2,10,34,30,0,0.5358273919972336,0.2213152813080694,0.2428573266946969,H
2023-03-04,Arsenal,Bournemouth,3,2,H,9,4,0,0,45,43,19,98,0,18,20,32,70,0,23,21,8,43,0,5,8,21,34,1,0.7293488921553295,0.1637025553812784,0.106948552463392,H
2023-03-04,Aston Villa,Crystal Palace,1,0,H,1,0,0,1,28,27,31,86,1,23,15,23,66,2,14,14,13,41,2,14,13,14,49,0,0.4829938311527839,0.2553188512690995,0.2616873175781166,H
2023-03-04,Brighton,West Ham,4,0,H,9,2,0,0,31,37,28,116,0,20,22,24,76,0,18,18,11,42,0,6,11,18,39,0,0.5505477657209292,0.2510855727000293,0.1983666615790413,H
2023-03-04,Chelsea,Leeds,1,0,H,3,2,0,0,24,18,19,78,1,15,22,35,75,2,23,20,11,68,1,5,11,20,32,2,0.5250548271576488,0.2736842585909836,0.2012609142513674,H
2023-03-04,Wolves,Tottenham,1,0,H,5,6,0,0,21,16,31,61,4,34,36,31,106,2,8,9,12,53,0,20,12,9,69,0,0.2369773271210036,0.3061632979124341,0.4568593749665623,A
2023-03-04,Southampton,Leicester,1,0,H,5,0,0,0,14,14,33,75,0,23,30,32,82,0,9,12,28,45,3,18,28,12,64,0,0.2754913227591815,0.3035910359217498,0.4209176413190686,D
2023-03-05,Nottingham,Everton,2,2,D,4,3,0,0,21,16,37,59,0,18,13,30,65,0,1,1,1,5,0,1,1,1,8,0,0.385402164970235,0.2703062084756804,0.3442916265540844,H
2023-03-05,Liverpool,Man United,7,0,H,8,4,0,0,34,27,23,115,0,43,37,21,110,1,20,27,7,53,0,8,7,27,29,2,0.3635819721027314,0.259225176106017,0.3771928517912516,A
2023-03-06,Brentford,Fulham,3,2,H,6,5,0,0,31,29,25,82,0,31,28,24,82,1,0,2,3,5,0,3,3,2,9,0,0.463464263105622,0.2085002766382729,0.3280354602561049,H
2023-03-11,Bournemouth,Liverpool,1,0,H,2,6,0,0,17,22,35,72,0,34,32,22,117,0,4,7,31,24,0,22,31,7,58,0,0.1482224395294163,0.250150348243696,0.6016272122268876,A
2023-03-11,Everton,Brentford,1,0,H,6,4,0,0,18,15,32,65,0,33,31,26,83,0,1,5,9,27,4,13,9,5,27,0,0.2577319548873534,0.253804096543073,0.4884639485695736,D
2023-03-11,Leeds,Brighton,2,2,D,4,2,0,0,14,21,35,72,2,31,39,28,123,0,4,2,6,24,0,13,6,2,31,0,0.1665153013269306,0.2919411518829525,0.5415435467901168,A
2023-03-11,Leicester,Chelsea,1,3,A,7,6,1,0,23,30,32,80,0,27,18,17,77,1,8,9,15,30,1,17,15,9,57,1,0.3617776527030502,0.2560948377192613,0.3821275095776884,H
2023-03-11,Tottenham,Nottingham,3,1,H,7,5,0,0,31,34,31,102,2,22,18,33,62,0,3,2,0,7,0,0,0,2,1,0,0.6489861961467303,0.2197062569091858,0.1313075469440838,H
2023-03-11,Crystal Palace,Man City,0,1,A,0,4,0,0,22,14,23,62,3,44,46,19,114,1,10,8,14,20,0,16,14,8,48,2,0.1582425994588193,0.2621949593778649,0.5795624411633158,A
2023-03-12,Fulham,Arsenal,0,3,A,2,7,0,0,31,29,25,84,1,48,45,18,104,0,6,10,22,43,1,21,22,10,79,2,0.2579458023604203,0.2256081593019067,0.5164460383376729,A
2023-03-12,Man United,Southampton,0,0,D,4,4,0,0,40,36,28,112,1,14,13,32,73,0,16,20,9,66,0,7,9,20,36,3,0.6181081142767028,0.2454006135910078,0.1364912721322894,H
2023-03-12,West Ham,Aston Villa,1,1,D,6,4,0,0,19,21,27,74,0,31,27,29,84,1,26,21,7,51,1,2,7,21,46,3,0.4465066820866069,0.2600425551455017,0.2934507627678914,H
2023-03-12,Newcastle,Wolves,2,1,H,8,4,0,0,35,29,13,94,1,21,16,31,64,4,11,10,11,34,2,14,11,10,36,0,0.6939011225029759,0.1777973032689078,0.1283015742281162,H
2023-03-15,Brighton,Crystal Palace,1,0,H,5,3,0,0,29,40,30,121,0,21,14,24,53,3,10,13,13,47,2,13,13,13,29,0,0.6955800238225349,0.1710067577576603,0.1334132184198047,H
2023-03-15,Southampton,Brentford,0,2,A,1,5,0,0,15,13,31,76,0,32,30,26,84,0,6,8,11,26,0,9,11,8,22,0,0.2712825800116025,0.2856420468325185,0.4430753731558789,A
2023-03-17,Nottingham,Newcastle,1,2,A,3,4,0,0,22,17,33,64,0,38,30,12,100,1,0,0,2,0,0,3,2,0,10,0,0.1643829366647791,0.2026371059493145,0.6329799573859064,A
2023-03-18,Aston Villa,Bournemouth,3,0,H,9,3,0,0,31,27,29,87,1,17,20,33,71,0,3,4,8,18,0,12,8,4,18,1,0.4955414931819482,0.2687925476120056,0.2356659592060461,H
2023-03-18,Brentford,Leicester,1,1,D,2,1,1,0,32,27,24,81,0,23,29,30,83,1,1,6,10,25,0,13,10,6,25,0,0.4411812911487396,0.2274931882930217,0.3313255205582385,H
2023-03-18,Southampton,Tottenham,3,3,D,7,3,0,0,15,13,32,76,0,31,31,30,98,2,11,15,22,52,2,17,22,15,62,1,0.2482240453932186,0.2687926421184026,0.4829833124883788,A
2023-03-18,Wolves,Leeds,2,4,A,8,4,1,0,21,17,30,67,3,15,21,32,70,2,11,13,15,47,2,14,15,13,45,1,0.401657754955235,0.3168190788204187,0.2815231662243461,H
2023-03-18,Chelsea,Everton,2,2,D,7,3,0,0,27,19,17,80,1,18,15,32,69,0,10,6,8,64,0,16,8,6,31,0,0.4822922088457992,0.3159027510318409,0.2018050401223598,H
2023-03-19,Arsenal,Crystal Palace,4,1,H,5,4,0,0,48,45,18,104,0,21,13,23,53,3,12,14,16,39,1,12,16,14,42,0,0.7775304442807688,0.1209387679189798,0.1015307878002514,H
2023-04-01,Man City,Liverpool,4,1,H,8,1,0,0,44,44,19,111,1,33,32,23,115,0,9,17,18,38,0,15,18,17,38,0,0.4586880208869237,0.2512347081857989,0.2900772709272772,H
2023-04-01,Arsenal,Leeds,4,1,H,6,5,0,0,48,46,18,100,0,17,25,34,73,1,25,28,10,87,1,4,10,28,34,2,0.7667807082070759,0.1350489341722052,0.0981703576207188,H
2023-04-01,Bournemouth,Fulham,2,1,H,7,2,0,0,16,19,35,71,0,28,26,26,79,1,4,5,2,11,0,1,2,5,5,1,0.3464252877255098,0.2462429224707774,0.4073317898037129,D
2023-04-01,Brighton,Brentford,3,3,D,15,5,0,0,32,40,28,122,0,33,28,22,81,1,12,6,2,21,0,3,2,6,17,0,0.5893164117370774,0.2030783567554024,0.2076052315075201,H
2023-04-01,Crystal Palace,Leicester,2,1,H,9,2,0,0,18,12,26,52,3,24,28,25,77,1,10,16,13,36,0,16,13,16,37,2,0.2714966373554897,0.3252858155222724,0.4032175471222379,A
2023-04-01,Nottingham,Wolves,1,1,D,7,1,0,0,22,16,32,64,0,21,19,32,71,4,0,0,1,2,0,3,1,0,2,0,0.4517768277202508,0.202894224381002,0.3453289478987471,D
2023-04-01,Chelsea,Aston Villa,0,2,A,8,2,0,0,25,19,18,84,1,31,29,29,93,1,25,24,6,52,1,4,6,24,34,1,0.4367094716652406,0.2959143050759733,0.2673762232587861,H
2023-04-02,West Ham,Southampton,1,0,H,2,3,0,0,20,21,26,77,0,16,15,33,77,0,13,14,10,47,3,13,10,14,41,0,0.4327205323215514,0.314291656099978,0.2529878115784705,H
2023-04-02,Newcastle,Man United,2,0,H,6,1,0,0,40,32,13,98,1,38,33,27,110,1,6,10,24,46,0,21,24,10,68,0,0.433944535546337,0.2554073579198259,0.3106481065338372,A
2023-04-03,Everton,Tottenham,1,1,D,6,2,1,1,16,15,33,67,0,32,33,30,98,1,7,4,22,19,2,19,22,4,47,1,0.226828500210041,0.2565230508185716,0.5166484489713874,A
2023-04-04,Bournemouth,Brighton,0,2,A,3,6,0,0,18,21,36,77,0,30,38,29,126,0,7,7,7,18,0,7,7,7,28,0,0.1749849211964078,0.252906945037861,0.5721081337657311,A
2023-04-04,Leeds,Nottingham,2,1,H,6,1,0,0,17,25,36,74,1,23,17,29,68,0,0,0,1,4,0,3,1,0,2,0,0.4524079963008277,0.2731852586245811,0.274406745074591,D
2023-04-04,Leicester,Aston Villa,1,2,A,4,5,1,0,21,25,27,72,1,33,31,29,88,1,15,16,12,50,0,12,12,16,35,0,0.4099102350365587,0.2590353828649469,0.3310543820984944,H
2023-04-04,Chelsea,Liverpool,0,0,D,3,4,0,0,22,16,20,85,1,32,30,24,109,0,12,10,11,38,3,12,11,10,50,0,0.2481735108993556,0.3400845527727905,0.4117419363278538,A
2023-04-05,Man United,Brentford,1,0,H,3,1,0,0,38,30,23,103,1,33,31,25,82,1,12,12,6,24,0,3,6,12,31,0,0.5334840109068252,0.2228825948591428,0.2436333942340319,H
2023-04-05,West Ham,Newcastle,1,5,A,2,8,0,0,23,22,25,75,0,42,33,12,97,1,12,20,18,50,1,15,18,20,41,0,0.2269476447997578,0.2337297787820605,0.5393225764181817,A
2023-04-08,Man United,Everton,2,0,H,11,1,0,0,38,29,22,102,1,17,15,32,71,1,16,15,11,58,0,10,11,15,25,0,0.6015347942353492,0.2462419639438189,0.1522232418208319,H
2023-04-08,Aston Villa,Nottingham,2,0,H,3,2,0,0,35,32,29,91,1,22,17,30,66,0,1,1,1,2,0,1,1,1,3,0,0.5985370127503304,0.2194254418685927,0.1820375453810768,H
2023-04-08,Brentford,Newcastle,1,2,A,6,4,0,0,33,30,21,80,1,42,34,12,95,1,2,7,15,13,2,11,15,7,46,0,0.3178845590826426,0.2205624733328174,0.4615529675845399,A
2023-04-08,Fulham,West Ham,0,1,A,3,5,0,0,28,26,24,80,0,20,21,30,72,0,11,11,18,51,0,17,18,11,64,2,0.4713754217557046,0.2683449813606714,0.260279596883624,D
2023-04-08,Leicester,Bournemouth,0,1,A,4,7,0,0,21,25,27,71,2,15,19,37,76,0,8,9,11,36,1,14,11,9,27,1,0.4724069271585824,0.3116461047850907,0.2159469680563268,H
2023-04-08,Tottenham,Brighton,2,1,H,3,4,0,0,30,33,31,97,2,32,37,26,126,0,18,11,9,39,0,12,9,11,36,0,0.2780760199270469,0.3080238835299068,0.4139000965430462,D
2023-04-08,Wolves,Chelsea,1,0,H,4,1,0,0,22,20,30,70,4,20,14,20,84,1,11,11,16,27,0,14,16,11,48,0,0.2895038495487378,0.3851532291828474,0.3253429212684147,H
2023-04-08,Southampton,Man City,1,4,A,1,8,0,0,16,15,30,80,0,44,42,17,109,1,4,6,21,31,0,22,21,6,49,0,0.1344952819672369,0.2184489638500952,0.647055754182668,A
2023-04-09,Leeds,Crystal Palace,1,5,A,7,8,0,0,20,27,36,76,1,20,14,27,60,3,11,6,6,24,0,8,6,6,30,0,0.5323759728741417,0.2245629485415599,0.2430610785842983,H
2023-04-09,Liverpool,Arsenal,2,2,D,6,5,0,0,33,28,21,110,0,48,47,17,99,0,23,27,9,60,0,5,9,27,33,0,0.3732461129347263,0.2365870802906578,0.3901668067746158,D
2023-04-15,Aston Villa,Newcastle,3,0,H,6,2,0,0,38,34,27,87,1,42,31,12,93,1,15,10,8,32,0,12,8,10,29,0,0.3585931354027761,0.2227963304638786,0.4186105341333453,A
2023-04-15,Chelsea,Brighton,1,2,A,2,10,0,0,19,14,21,80,1,32,38,27,126,0,15,15,10,57,0,9,10,15,39,1,0.1903941603148069,0.3270094051637423,0.4825964345214509,A
2023-04-15,Everton,Fulham,1,3,A,7,7,0,0,17,15,32,72,1,28,25,22,81,0,23,23,9,72,0,5,9,23,46,0,0.2923285603486444,0.3229159936251741,0.3847554460261813,H
2023-04-15,Southampton,Crystal Palace,0,2,A,4,2,0,0,15,15,33,73,0,20,17,27,64,3,12,14,12,46,0,15,12,14,40,0,0.3886191917260153,0.263228338065268,0.3481524702087166,D
2023-04-15,Tottenham,Bournemouth,2,3,A,8,6,0,0,30,33,32,93,2,17,18,35,77,0,22,23,6,61,0,1,6,23,19,0,0.5849205043644295,0.2640937120033412,0.1509857836322292,H
2023-04-15,Wolves,Brentford,2,0,H,9,3,0,0,22,20,30,72,4,30,29,23,83,1,7,5,7,8,1,7,7,5,11,2,0.3309752559796438,0.3214289267903075,0.3475958172300487,A
2023-04-15,Man City,Leicester,3,1,H,4,4,0,0,44,42,18,109,1,20,25,28,70,2,27,29,13,75,0,3,13,29,36,0,0.7359714457806852,0.1569973685595183,0.1070311856597965,H
2023-04-16,West Ham,Arsenal,2,2,D,3,5,0,0,20,19,29,69,0,46,48,19,100,0,1,10,26,33,2,28,26,10,66,0,0.1505978542204573,0.196960034308766,0.6524421114707766,A
2023-04-16,Nottingham,Man United,0,2,A,0,8,0,0,22,17,31,66,0,40,31,22,111,1,0,0,3,3,0,3,3,0,8,0,0.2068877040746259,0.2225730299382077,0.5705392659871664,A
2023-04-17,Leeds,Liverpool,1,6,A,3,7,0,0,20,28,39,81,1,31,29,23,114,0,5,10,32,43,2,23,32,10,104,0,0.186922255641872,0.2812352581335721,0.531842486224556,A
2023-04-21,Arsenal,Southampton,3,3,D,6,6,0,0,46,49,20,102,0,12,14,35,74,0,16,17,10,52,2,10,10,17,46,1,0.7499319400583778,0.1590257882689998,0.0910422716726222,H
2023-04-22,Fulham,Leeds,2,1,H,5,2,0,0,30,26,21,84,0,20,27,42,79,1,13,13,13,48,0,13,13,13,53,0,0.5872146166115944,0.2228603241503403,0.1899250592380652,H
2023-04-22,Brentford,Aston Villa,1,1,D,5,2,0,0,29,29,25,81,1,41,37,24,87,0,8,6,8,15,0,5,8,6,31,0,0.4350909501774151,0.2283443472165721,0.3365647026060127,H
2023-04-22,Crystal Palace,Everton,0,0,D,2,5,0,1,23,19,24,64,3,17,16,34,79,1,8,13,19,38,0,20,19,13,57,1,0.4018410002892944,0.3479217173613855,0.2502372823493201,H
2023-04-22,Leicester,Wolves,2,1,H,8,3,0,0,17,24,31,73,2,25,21,28,77,4,18,11,4,40,2,9,4,11,28,0,0.4814880015308941,0.2476501923349916,0.2708618061341143,H
2023-04-22,Liverpool,Nottingham,3,2,H,6,5,0,0,31,34,24,114,0,21,17,33,66,0,0,0,1,7,0,3,1,0,7,0,0.6631928063885102,0.2074004904985459,0.1294067031129438,H
2023-04-23,Bournemouth,West Ham,0,4,A,5,10,0,0,20,21,36,80,0,20,20,30,68,0,12,16,22,53,1,15,22,16,49,1,0.3897208920839785,0.2912921052587878,0.3189870026572338,H
2023-04-23,Newcastle,Tottenham,6,1,H,8,3,0,0,41,31,15,93,1,30,35,33,99,2,8,13,23,24,2,20,23,13,56,0,0.5060141448972155,0.2218416698440118,0.2721441852587725,H
2023-04-25,Wolves,Crystal Palace,2,0,H,3,4,0,0,25,22,26,75,4,21,18,24,63,3,7,5,12,33,1,19,12,5,44,1,0.4511336471775273,0.2993424043011193,0.2495239485213533,A
2023-04-25,Aston Villa,Fulham,1,0,H,3,0,0,0,39,34,25,78,0,30,25,22,81,0,12,11,12,48,1,15,12,11,66,0,0.4560357515121939,0.2222283429020435,0.3217359055857627,H
2023-04-25,Leeds,Leicester,1,1,D,3,3,0,0,17,26,43,75,1,17,22,32,77,2,11,11,17,51,1,17,17,11,56,0,0.377545555669039,0.2656904660073298,0.3567639783236311,H
2023-04-26,Nottingham,Brighton,3,1,H,5,7,0,0,18,18,36,64,0,35,40,26,129,0,1,0,0,0,0,1,0,0,7,0,0.1388640688583239,0.2126996443108172,0.6484362868308589,A
2023-04-26,Chelsea,Brentford,0,2,A,4,1,0,0,18,14,22,80,1,30,30,22,83,1,7,4,8,23,0,7,8,4,31,0,0.3137053136850217,0.2980374842932637,0.3882572020217146,D
2023-04-26,West Ham,Liverpool,1,2,A,2,4,0,0,23,24,29,75,0,34,37,25,113,0,6,9,22,34,0,24,22,9,62,0,0.1977795348193104,0.2501895710128342,0.5520308941678554,A
2023-04-26,Man City,Arsenal,4,1,H,9,2,0,0,47,45,18,107,1,44,47,23,98,0,30,27,3,58,0,0,3,27,18,4,0.6180824166294004,0.1734080233814231,0.2085095599891764,D
2023-04-27,Everton,Newcastle,1,4,A,5,8,0,0,15,13,34,78,2,41,36,16,97,1,11,10,15,39,2,17,15,10,53,0,0.1622031583247236,0.2812846412909759,0.5565122003843004,A
2023-04-27,Southampton,Bournemouth,0,1,A,2,2,0,0,12,16,37,77,0,20,21,38,82,0,15,10,8,38,1,9,8,10,34,0,0.3685279065640843,0.3228279949057326,0.3086440985301831,D
2023-04-27,Tottenham,Man United,2,2,D,7,8,0,0,30,35,37,97,2,40,31,22,109,1,9,17,20,35,0,21,20,17,54,1,0.3054300420744817,0.2687010868868963,0.4258688710386219,A
2023-04-29,Crystal Palace,West Ham,4,3,H,6,4,0,0,18,16,25,61,3,20,23,31,73,0,12,19,20,39,1,15,20,19,41,0,0.3645899523262279,0.3587744783141877,0.2766355693595844,D
2023-04-29,Brentford,Nottingham,2,1,H,8,3,0,0,32,31,21,81,1,21,21,32,67,0,1,2,2,2,0,1,2,2,7,0,0.6193865542349014,0.2121105604308343,0.1685028853342642,H
2023-04-29,Brighton,Wolves,6,0,H,8,2,0,0,34,41,29,129,0,27,23,25,74,3,14,16,11,42,2,11,11,16,39,1,0.6539025825808406,0.1785556568042324,0.1675417606149269,H
2023-04-30,Bournemouth,Leeds,4,1,H,7,6,0,0,23,20,35,80,0,15,23,41,74,1,0,3,4,6,0,3,4,3,4,0,0.4838643012098747,0.2434669828795327,0.2726687159105926,H
2023-04-30,Fulham,Man City,1,2,A,1,9,0,0,27,22,21,76,0,47,46,18,112,1,1,6,28,33,1,28,28,6,93,1,0.1754308823264512,0.1987028734005322,0.6258662442730166,A
2023-04-30,Man United,Aston Villa,1,0,H,6,1,0,0,40,32,23,111,1,42,35,21,81,0,15,14,13,51,0,12,13,14,43,1,0.4992431202811543,0.2358906472874727,0.2648662324313728,H
2023-04-30,Newcastle,Southampton,3,1,H,5,3,0,0,41,38,16,100,1,12,16,37,75,0,21,20,12,39,1,6,12,20,50,0,0.701791755268819,0.2053650990898351,0.0928431456413457,H
2023-04-30,Liverpool,Tottenham,4,3,H,4,7,0,0,37,38,24,107,0,28,34,37,97,2,22,18,11,72,2,4,11,18,36,0,0.6417122120182781,0.1783026420014881,0.1799851459802337,H
2023-05-01,Leicester,Everton,2,2,D,6,8,0,0,18,23,32,75,2,14,14,38,79,2,9,11,14,49,1,18,14,11,39,0,0.4571198983731203,0.3105206322408212,0.2323594693860584,H
2023-05-02,Arsenal,Chelsea,3,1,H,10,4,0,0,41,47,27,98,0,18,13,20,77,1,16,18,16,35,1,13,16,18,46,0,0.5995362262033468,0.202535198456448,0.1979285753402052,A
2023-05-03,Liverpool,Fulham,1,0,H,3,3,0,0,37,40,26,105,0,26,23,23,71,0,17,19,9,77,1,11,9,19,49,0,0.5922428258404665,0.2124778954875691,0.1952792786719643,H
2023-05-03,Man City,West Ham,3,0,H,7,2,0,0,47,47,19,116,1,20,26,34,72,0,24,24,8,68,0,3,8,24,20,0,0.7693913342638066,0.1510979532568119,0.0795107124793814,H
2023-05-04,Brighton,Man United,1,0,H,6,5,0,0,37,46,26,135,0,40,32,23,114,1,15,18,15,39,2,15,15,18,56,0,0.5044735281428737,0.2331868493273839,0.2623396225297423,H
2023-05-06,Bournemouth,Chelsea,1,3,A,4,5,0,0,26,21,32,81,0,18,14,22,80,1,9,7,15,26,0,18,15,7,45,0,0.3085071455553519,0.297294373906744,0.394198480537904,D
2023-05-06,Man City,Leeds,2,1,H,6,2,0,0,47,48,18,118,0,15,21,41,75,0,20,31,8,90,1,8,8,31,30,1,0.7938567505117039,0.1399816546455999,0.0661615948426961,H
2023-05-06,Tottenham,Crystal Palace,1,0,H,3,2,0,0,28,36,39,99,2,21,20,27,67,3,22,21,8,42,2,7,8,21,31,2,0.5932741139964174,0.2145803678488317,0.1921455181547509,H
2023-05-06,Wolves,Aston Villa,1,0,H,2,3,0,0,27,21,28,71,2,39,32,21,78,0,18,15,12,46,1,9,12,15,41,0,0.3612440881064367,0.2774465277173874,0.3613093841761759,A
2023-05-06,Liverpool,Brentford,1,0,H,5,1,0,0,37,38,25,101,0,34,31,20,87,1,8,13,9,44,0,5,9,13,17,0,0.5092690048224098,0.1969897020188768,0.2937412931587134,H
2023-05-07,Newcastle,Arsenal,0,2,A,5,6,0,0,41,37,17,98,1,41,48,28,104,0,7,5,16,27,1,22,16,5,42,0,0.4403285288952343,0.2188814334338554,0.3407900376709102,H
2023-05-07,West Ham,Man United,1,0,H,4,4,0,0,20,25,35,72,0,40,31,21,116,1,7,8,12,32,0,22,12,8,52,0,0.1820808784138929,0.2304294179687553,0.5874897036173518,A
2023-05-08,Fulham,Leicester,5,3,H,7,9,0,0,26,22,22,72,0,16,23,34,73,2,15,8,4,31,0,6,4,8,37,0,0.5309727516162009,0.2292750691647509,0.239752179219048,H
2023-05-08,Brighton,Everton,1,5,A,5,5,0,0,37,43,25,132,0,15,16,38,85,2,13,16,19,39,0,16,19,16,48,0,0.6954104602006138,0.1949851914659619,0.1096043483334242,H
2023-05-08,Nottingham,Southampton,4,3,H,4,5,0,0,20,20,32,63,0,12,16,36,73,0,3,1,0,1,0,0,0,1,0,0,0.4478139198602664,0.2723252359246412,0.2798608442150924,D
2023-05-13,Leeds,Newcastle,2,2,D,4,5,1,0,15,21,40,76,0,38,33,18,99,1,10,11,13,52,0,16,13,11,56,0,0.1817209393360148,0.2294433134043445,0.5888357472596406,A
2023-05-13,Aston Villa,Tottenham,2,1,H,4,2,0,0,36,30,21,79,0,28,33,36,94,2,6,9,23,41,0,24,23,9,60,0,0.4770922243257599,0.2061223931947681,0.3167853824794721,H
2023-05-13,Chelsea,Nottingham,2,2,D,6,2,0,0,21,17,22,83,1,20,23,35,65,0,1,1,1,2,0,1,1,1,5,0,0.5152974365779268,0.2789105169001422,0.2057920465219309,D
2023-05-13,Crystal Palace,Bournemouth,2,0,H,5,0,0,0,21,20,25,69,1,23,19,35,76,0,13,12,9,36,1,10,9,12,33,0,0.4674023944622086,0.2988721451992103,0.233725460338581,H
2023-05-13,Man United,Wolves,2,0,H,9,0,0,0,37,29,21,111,1,30,22,26,71,2,18,8,5,36,0,9,5,8,49,0,0.6091809642776914,0.2208401852705884,0.1699788504517202,H
2023-05-13,Southampton,Fulham,0,2,A,1,4,0,0,12,18,37,73,0,29,26,23,72,0,13,17,13,50,0,13,13,17,35,0,0.293460291168535,0.2846620501167661,0.4218776587146989,A
2023-05-14,Brentford,West Ham,2,0,H,10,4,0,0,31,29,20,80,1,23,26,33,70,0,15,10,2,32,0,0,2,10,17,0,0.6148459851883082,0.2187731829345588,0.1663808318771328,H
2023-05-14,Everton,Man City,0,3,A,3,4,0,0,18,21,36,87,2,50,49,17,118,0,1,5,25,24,0,28,25,5,71,0,0.1133748580682808,0.2322626752816148,0.6543624666501043,A
2023-05-14,Arsenal,Brighton,0,3,A,2,6,0,0,41,47,27,105,0,34,41,28,129,0,14,13,10,51,0,14,10,13,34,0,0.4034340009825277,0.2196821953567137,0.3768838036607587,H
2023-05-15,Leicester,Liverpool,0,3,A,4,5,0,0,13,24,39,76,2,37,36,24,97,0,9,8,18,22,0,21,18,8,70,0,0.2233634358214037,0.2926951028267732,0.483941461351823,A
2023-05-18,Newcastle,Brighton,4,1,H,9,2,0,0,36,34,20,101,1,37,43,26,133,0,11,6,11,24,0,14,11,6,45,3,0.2984595295985416,0.2712702853947474,0.4302701850067109,D
2023-05-20,Tottenham,Brentford,1,3,A,8,4,0,0,27,32,36,88,2,33,29,18,85,1,9,6,2,20,0,3,2,6,13,0,0.3845095606073209,0.2495868746520843,0.3659035647405948,H
2023-05-20,Bournemouth,Man United,0,1,A,4,5,0,0,23,19,35,72,0,37,28,21,112,1,7,7,16,35,1,19,16,7,48,0,0.1697798622519298,0.2390271551518393,0.5911929825962309,A
2023-05-20,Fulham,Crystal Palace,2,2,D,4,5,0,0,29,25,23,65,0,21,20,25,68,1,11,13,10,46,2,11,10,13,42,2,0.4702480664528183,0.2346185053182639,0.2951334282289177,A
2023-05-20,Liverpool,Aston Villa,1,1,D,5,3,0,0,37,37,23,97,0,39,31,19,77,0,27,24,14,76,0,3,14,24,37,0,0.5739962875956479,0.2002279535801299,0.2257757588242221,D
2023-05-20,Wolves,Everton,1,1,D,5,4,0,0,27,20,27,67,2,18,20,37,84,2,17,13,11,34,1,11,11,13,48,3,0.4610217326833704,0.2862296748879077,0.252748592428722,H
2023-05-20,Nottingham,Arsenal,1,0,H,2,3,0,0,21,25,34,64,0,38,43,28,100,0,0,0,5,2,0,3,5,0,10,0,0.2797623800400141,0.199388798846784,0.5208488211132017,A
2023-05-21,West Ham,Leeds,3,1,H,9,3,0,0,23,25,32,70,0,15,23,42,79,1,13,17,19,55,1,16,19,17,61,0,0.4893915169809874,0.2501334081329226,0.2604750748860899,H
2023-05-21,Brighton,Southampton,3,1,H,8,1,0,0,34,41,29,131,0,12,17,36,70,0,12,15,15,41,1,12,15,15,41,0,0.6700522122672328,0.2182722787394699,0.1116755089932973,H
2023-05-21,Man City,Chelsea,1,0,H,2,6,0,0,50,49,16,113,0,19,17,24,84,1,24,12,6,44,0,6,6,12,18,0,0.7108242540355876,0.1699568909986278,0.1192188549657845,H
2023-05-22,Newcastle,Leicester,0,0,D,4,1,0,0,36,35,21,105,1,13,24,39,78,2,12,12,24,36,1,18,24,12,48,0,0.6409042950135676,0.2128208869579589,0.1462748180284735,H
2023-05-24,Brighton,Man City,1,1,D,7,4,0,0,37,42,26,134,0,52,49,15,112,0,3,7,29,27,0,27,29,7,73,1,0.3184477664055128,0.2199466636488671,0.4616055699456201,A
2023-05-25,Man United,Chelsea,4,1,H,9,5,0,0,37,28,21,111,1,18,16,24,88,1,14,13,7,36,0,8,7,13,47,0,0.4699929049412616,0.3039474120514909,0.2260596830072475,D
2023-05-28,Arsenal,Wolves,5,0,H,8,0,0,0,37,43,29,99,0,28,21,27,69,2,20,15,8,37,4,8,8,15,45,1,0.6920572739824267,0.1549328294221329,0.1530098965954404,H
2023-05-28,Aston Villa,Brighton,2,1,H,5,4,0,0,37,30,20,76,0,35,39,26,133,0,20,14,5,36,0,5,5,14,27,2,0.286272560919837,0.2432489976186251,0.4704784414615376,D
2023-05-28,Brentford,Man City,1,0,H,4,3,0,0,33,30,19,83,1,50,49,16,113,0,3,2,7,16,0,12,7,2,26,0,0.2612572715103823,0.2116759281766717,0.5270668003129458,A
2023-05-28,Chelsea,Newcastle,1,1,D,5,4,0,0,18,17,27,91,1,36,35,21,104,1,24,15,3,43,0,6,3,15,18,0,0.2626554863697535,0.3105519741138408,0.4267925395164055,A
2023-05-28,Crystal Palace,Nottingham,1,1,D,4,4,0,0,22,22,23,69,1,23,25,33,61,0,0,0,1,0,0,3,1,0,2,0,0.5397609944235053,0.2403793319183151,0.2198596736581795,H
2023-05-28,Everton,Bournemouth,1,0,H,6,2,0,0,18,20,37,87,2,23,19,34,74,0,11,17,19,39,1,14,19,17,52,1,0.4013730723675069,0.3434057690149895,0.2552211586175036,H
2023-05-28,Leeds,Tottenham,1,4,A,2,7,0,0,14,22,43,76,1,27,33,37,94,2,4,11,25,44,1,25,25,11,62,1,0.2846583850275616,0.258045591304461,0.4572960236679773,A
2023-05-28,Leicester,West Ham,2,1,H,4,3,0,0,14,23,37,77,2,26,28,31,74,0,12,17,21,40,2,15,21,17,45,1,0.3766873109020324,0.313529904482524,0.3097827846154434,A
2023-05-28,Man United,Fulham,2,1,H,8,3,0,0,37,29,22,114,1,27,25,24,67,0,26,24,9,91,0,2,9,24,61,1,0.5879766726684952,0.2491424278468574,0.1628808994846474,H
2023-05-28,Southampton,Liverpool,4,4,D,10,8,0,0,12,17,37,68,0,38,37,21,96,0,3,5,26,32,0,27,26,5,55,0,0.1465673421564544,0.234085668908222,0.6193469889353236,A
