Date,HomeTeam,AwayTeam,FTHG,FTAG,FTR,HST,AST,HR,AR,HomeTeamPointLast25,HomeTeamGoalScoredLast25,HomeTeamGoalConcededLast25,HomeTeamShotTargetLast25,HomeTeamRedLast25,HomeTeamRatingLast25,AwayTeamPointLast25,AwayTeamGoalScoredLast25,AwayTeamGoalConcededLast25,AwayTeamShotTargetLast25,AwayTeamRedLast25,AwayTeamRatingLast25,HomeTeamPointH2HLast5,HomeTeamGoalScoredH2HLast5,HomeTeamGoalConcededH2HLast5,HomeTeamShotTargetH2HLast5,HomeTeamRedH2HLast5,HomeTeamWin%H2HLast5,AwayTeamPointH2HLast5,AwayTeamGoalScoredH2HLast5,AwayTeamGoalConcededH2HLast5,AwayTeamShotTargetH2HLast5,AwayTeamRedH2HLast5,AwayTeamWin%H2HLast5,FTR_Prediction
2022-08-05,Crystal Palace,Arsenal,0,2,A,2,2,0,0,32,31,27,100,1,16.200000000000003,46,46,31,136,3,19.10000000000001,8,11,7,28,0,40,5,7,11,21,0,20,A
2022-08-06,Fulham,Liverpool,2,2,D,3,4,0,0,19,15,31,84,2,6.100000000000003,64,55,15,164,1,28.10000000000001,4,4,10,15,0,20,10,10,4,33,0,60,A
2022-08-06,Bournemouth,Aston Villa,2,0,H,3,2,0,0,25,25,39,81,3,9.0,29,34,33,115,1,11.900000000000004,9,6,4,15,1,75,3,4,6,16,0,25,H
2022-08-06,Leeds,Wolves,2,1,H,4,6,0,0,26,30,59,97,2,11.300000000000002,31,26,31,89,2,10.100000000000003,8,8,7,27,0,40,5,7,8,29,2,20,H
2022-08-06,Newcastle,Nottingham,2,0,H,10,0,0,0,43,29,33,102,0,21.000000000000007,0,0,0,0,0,0.0,0,0,0,0,0,0,0,0,0,0,0,0,A
2022-08-06,Tottenham,Southampton,4,1,H,8,2,0,0,49,56,23,148,0,22.6,26,32,49,124,1,7.400000000000003,5,8,9,31,0,20,8,9,8,29,2,40,H
2022-08-06,Everton,Chelsea,0,1,A,4,6,0,0,24,27,46,87,5,13.000000000000002,44,45,28,137,0,18.6,8,4,4,15,0,40,5,4,4,39,0,20,A
2022-08-07,Leicester,Brentford,2,2,D,5,3,0,0,34,42,36,107,0,16.500000000000004,30,31,39,100,2,16.7,12,8,4,20,0,100,0,4,8,22,0,0,H
2022-08-07,Man United,Brighton,1,2,A,5,4,0,0,40,36,35,125,0,11.700000000000006,33,30,30,100,1,16.400000000000002,9,6,9,31,0,60,6,9,6,21,2,40,H
2022-08-07,West Ham,Man City,0,2,A,1,2,0,0,33,36,35,93,2,12.200000000000005,64,72,19,176,0,25.40000000000001,2,7,10,13,0,0,11,10,7,37,0,60,A
2022-08-13,Aston Villa,Everton,2,1,H,4,4,0,0,29,33,33,114,1,10.000000000000004,24,26,43,89,5,11.500000000000002,13,8,0,14,0,80,1,0,8,9,0,0,H
2022-08-13,Arsenal,Leicester,4,2,H,7,2,0,0,49,46,28,130,3,20.200000000000006,34,42,36,106,0,16.3,15,11,1,30,0,100,0,1,11,25,0,0,H
2022-08-13,Brighton,Newcastle,0,0,D,7,1,0,0,35,31,30,101,1,17.800000000000008,45,30,32,111,0,21.700000000000003,5,7,6,24,2,20,8,6,7,11,0,40,A
2022-08-13,Man City,Bournemouth,4,0,H,7,1,0,0,64,72,18,171,0,26.20000000000001,25,25,38,80,3,11.1,15,14,3,29,1,100,0,3,14,13,0,0,H
2022-08-13,Southampton,Leeds,2,2,D,4,5,0,0,25,31,51,119,1,6.700000000000003,26,31,60,98,2,13.900000000000002,8,4,4,25,0,40,5,4,4,13,0,20,H
2022-08-13,Wolves,Fulham,0,0,D,1,3,0,0,30,27,33,93,2,8.300000000000004,19,16,32,83,1,6.3000000000000025,10,5,6,21,0,60,4,6,5,33,0,20,H
2022-08-13,Brentford,Man United,4,0,H,7,4,0,0,31,33,39,101,2,16.000000000000004,37,34,35,120,0,10.700000000000005,0,2,12,24,0,0,12,12,2,20,0,100,A
2022-08-14,Nottingham,West Ham,1,0,H,6,5,0,0,0,0,2,0,0,0.0,32,35,36,88,2,10.300000000000004,0,0,0,0,0,0,0,0,0,0,0,0,H
2022-08-14,Chelsea,Tottenham,2,2,D,3,5,0,0,44,44,27,139,0,20.700000000000006,49,57,24,149,0,24.0,15,11,0,36,0,100,0,0,11,12,0,0,A
2022-08-15,Liverpool,Crystal Palace,1,1,D,4,3,1,0,62,53,16,161,1,26.80000000000001,32,31,28,101,1,15.000000000000004,15,14,2,39,0,100,0,2,14,18,0,0,H
2022-08-20,Tottenham,Wolves,1,0,H,4,3,0,0,49,57,24,149,0,22.800000000000004,31,27,32,93,2,8.300000000000002,9,4,4,39,0,60,6,4,4,29,0,40,H
2022-08-20,Crystal Palace,Aston Villa,3,1,H,9,5,0,0,33,32,28,102,1,14.0,29,33,33,114,1,12.600000000000003,5,7,8,22,0,20,8,8,7,19,0,40,H
2022-08-20,Everton,Nottingham,1,1,D,8,5,0,0,21,25,44,88,5,11.2,3,1,2,6,0,3.0,0,0,0,0,0,0,0,0,0,0,0,0,A
2022-08-20,Fulham,Brentford,3,2,H,9,5,0,0,19,16,32,85,1,6.700000000000002,33,35,37,105,2,17.900000000000006,0,0,0,0,0,0,0,0,0,0,0,0,A
2022-08-20,Leicester,Southampton,1,2,A,1,3,0,0,34,43,38,103,0,14.400000000000004,25,32,52,119,1,6.300000000000003,9,13,7,33,0,40,3,7,13,21,1,0,A
2022-08-20,Bournemouth,Arsenal,0,3,A,1,6,0,0,25,24,39,74,3,10.400000000000002,52,49,28,134,3,20.500000000000007,4,4,8,17,0,20,10,8,4,19,0,60,A
2022-08-21,Leeds,Chelsea,3,0,H,6,3,0,1,26,31,60,97,2,13.8,45,44,26,135,0,19.1,1,4,12,14,2,0,13,12,4,28,0,80,A
2022-08-21,West Ham,Brighton,0,2,A,3,2,0,0,29,32,35,88,2,9.800000000000004,35,30,29,104,1,17.6,3,5,9,19,0,0,9,9,5,22,0,40,A
2022-08-21,Newcastle,Man City,3,3,D,6,10,0,0,43,29,32,108,0,21.600000000000005,64,73,17,165,0,26.500000000000007,0,3,22,13,0,0,15,22,3,38,0,100,A
2022-08-22,Man United,Liverpool,2,1,H,4,5,0,0,34,33,39,121,0,9.200000000000005,60,53,17,160,2,25.20000000000001,0,2,22,13,2,0,15,22,2,34,0,100,A
2022-08-27,Southampton,Man United,0,1,A,5,6,0,0,28,34,50,116,1,8.500000000000002,34,34,40,120,0,11.500000000000004,4,4,13,15,2,0,7,13,4,38,0,20,H
2022-08-27,Brentford,Everton,1,1,D,5,7,0,0,30,35,39,105,2,16.8,22,25,42,90,5,11.000000000000004,12,8,4,22,0,100,0,4,8,20,4,0,H
2022-08-27,Brighton,Leeds,1,0,H,4,2,0,0,38,32,28,104,1,18.6,29,32,57,98,2,15.600000000000003,7,4,2,25,0,20,4,2,4,20,0,0,H
2022-08-27,Chelsea,Leicester,2,1,H,3,5,1,0,42,41,27,132,1,17.90000000000001,31,40,40,99,0,13.500000000000002,11,10,3,34,0,60,2,3,10,11,0,0,H
2022-08-27,Liverpool,Bournemouth,9,0,H,12,2,0,0,57,53,19,160,2,23.10000000000001,25,23,39,73,3,8.600000000000005,13,16,2,35,0,80,1,2,16,7,0,0,H
2022-08-27,Man City,Crystal Palace,4,2,H,5,2,0,0,62,75,20,165,0,25.300000000000004,33,32,28,105,1,16.400000000000002,5,2,4,17,2,20,8,4,2,12,0,40,H
2022-08-27,Arsenal,Fulham,2,1,H,8,3,0,0,52,49,28,135,3,21.90000000000001,21,18,33,90,1,8.9,13,14,3,33,0,80,1,3,14,16,0,0,H
2022-08-28,Aston Villa,West Ham,0,1,A,3,2,0,0,29,34,35,119,1,11.0,28,32,37,88,2,8.200000000000003,0,5,15,22,2,0,15,15,5,36,0,100,H
2022-08-28,Wolves,Newcastle,1,1,D,4,6,0,0,31,27,32,95,1,6.3000000000000025,44,32,31,111,0,20.10000000000001,7,5,5,14,0,40,7,5,5,19,0,40,A
2022-08-28,Nottingham,Tottenham,0,2,A,1,7,0,0,4,2,3,11,0,4.0,49,55,24,147,0,24.000000000000004,0,0,0,0,0,0,0,0,0,0,0,0,A
2022-08-30,Crystal Palace,Brentford,1,1,D,4,3,0,0,32,32,30,101,1,14.800000000000004,31,36,38,104,2,16.500000000000004,4,0,0,10,0,0,4,0,0,10,0,0,H
2022-08-30,Fulham,Brighton,2,1,H,3,4,0,0,21,19,34,90,0,8.100000000000001,38,31,28,103,1,20.700000000000003,3,2,2,12,0,0,3,2,2,14,0,0,A
2022-08-30,Southampton,Chelsea,2,1,H,7,4,0,0,27,32,49,117,1,7.000000000000003,44,42,27,125,2,18.700000000000006,1,3,19,7,2,0,13,19,3,49,0,80,A
2022-08-30,Leeds,Everton,1,1,D,5,2,0,0,29,32,51,97,2,14.200000000000005,22,25,42,94,5,11.300000000000002,2,5,12,15,0,0,11,12,5,42,0,60,H
2022-08-31,Arsenal,Aston Villa,2,1,H,9,3,0,0,52,49,29,135,3,22.800000000000004,26,32,36,116,1,10.3,12,8,3,27,0,80,3,3,8,18,0,20,H
2022-08-31,Bournemouth,Wolves,0,0,D,2,4,0,0,22,20,47,69,3,8.500000000000004,29,27,33,94,1,6.8000000000000025,0,1,2,2,1,0,3,2,1,7,0,100,H
2022-08-31,Man City,Nottingham,6,0,H,9,1,0,0,62,72,22,155,0,25.60000000000001,4,2,5,12,0,3.7,0,0,0,0,0,0,0,0,0,0,0,0,H
2022-08-31,West Ham,Tottenham,1,1,D,4,4,0,0,31,33,35,89,1,10.200000000000005,51,56,23,143,0,25.000000000000007,9,6,7,14,0,60,6,7,6,20,0,40,A
2022-08-31,Liverpool,Newcastle,2,1,H,6,2,0,0,57,59,18,164,2,23.700000000000006,45,32,29,115,0,19.300000000000008,13,9,3,45,0,80,1,3,9,12,0,0,H
2022-09-01,Leicester,Man United,0,1,A,2,2,0,0,31,38,36,96,0,11.900000000000004,36,34,39,122,0,12.9,11,12,7,31,0,60,2,7,12,23,0,0,H
2022-09-03,Everton,Liverpool,0,0,D,3,8,0,0,23,24,40,90,5,11.1,59,59,17,164,1,24.500000000000004,3,4,12,12,0,20,12,12,4,28,0,80,A
2022-09-03,Brentford,Leeds,5,2,H,8,6,0,0,32,37,38,105,2,15.800000000000002,30,32,48,100,2,13.700000000000005,2,6,8,16,2,0,8,8,6,24,0,50,H
2022-09-03,Chelsea,West Ham,2,1,H,3,3,0,0,43,43,29,128,2,17.200000000000003,32,32,33,88,1,9.400000000000004,9,7,6,30,0,60,6,6,7,16,3,40,H
2022-09-03,Newcastle,Crystal Palace,0,0,D,6,9,0,0,45,33,27,116,0,16.700000000000006,33,33,28,105,0,14.400000000000004,8,5,4,17,0,40,5,4,5,13,0,20,H
2022-09-03,Nottingham,Bournemouth,2,3,A,3,3,0,0,4,2,11,13,0,3.6,20,17,46,68,3,8.600000000000001,0,0,0,0,0,0,0,0,0,0,0,0,H
2022-09-03,Tottenham,Fulham,2,1,H,10,3,0,0,49,56,24,138,0,24.000000000000007,24,20,33,88,0,9.8,13,10,4,29,0,80,1,4,10,20,0,0,H
2022-09-03,Wolves,Southampton,1,0,H,2,1,0,0,29,27,33,97,1,6.3000000000000025,27,31,48,118,1,9.600000000000003,15,10,3,20,0,100,0,3,10,35,0,0,H
2022-09-03,Aston Villa,Man City,1,1,D,1,4,0,0,26,32,35,118,1,9.000000000000002,62,74,22,157,0,26.60000000000001,0,7,12,13,1,0,15,12,7,27,1,100,A
2022-09-04,Brighton,Leicester,5,2,H,11,4,0,0,37,31,29,101,1,18.9,28,37,37,97,0,11.000000000000004,8,7,6,22,0,40,5,6,7,20,0,20,H
2022-09-04,Man United,Arsenal,3,1,H,6,3,0,0,36,32,38,118,0,15.0,52,47,29,132,3,24.200000000000003,7,8,10,33,0,40,7,10,8,33,0,40,A
2022-09-16,Aston Villa,Southampton,1,0,H,3,1,0,0,27,32,34,114,1,8.700000000000005,26,30,48,117,0,8.400000000000004,9,9,2,28,0,60,6,2,9,13,0,40,H
2022-09-16,Nottingham,Fulham,2,3,A,3,7,0,0,4,4,14,16,0,3.3000000000000003,23,21,35,88,0,9.2,0,0,0,0,0,0,0,0,0,0,0,0,H
2022-09-17,Wolves,Man City,0,3,A,1,7,1,0,29,27,33,93,1,8.800000000000002,60,69,20,152,0,24.90000000000001,0,3,16,9,2,0,15,16,3,40,0,100,A
2022-09-17,Newcastle,Bournemouth,1,1,D,7,3,0,0,45,32,26,114,0,16.000000000000004,22,18,46,66,3,11.400000000000002,7,7,8,26,0,40,7,8,7,23,0,40,H
2022-09-17,Tottenham,Leicester,6,2,H,11,7,0,0,49,55,23,138,0,25.40000000000001,28,37,39,97,0,9.700000000000005,15,16,8,38,0,100,0,8,16,18,0,0,H
2022-09-18,Brentford,Arsenal,0,3,A,2,7,0,0,32,40,39,109,2,18.000000000000007,49,43,32,129,3,22.1,6,6,4,10,0,50,6,4,6,24,0,50,A
2022-09-18,Everton,West Ham,1,0,H,2,4,0,0,24,23,38,88,5,11.1,29,29,34,85,1,8.700000000000003,3,3,6,11,2,20,12,6,3,18,0,80,H
2022-10-01,Arsenal,Tottenham,3,1,H,9,3,0,1,52,45,30,134,2,22.9,52,61,23,146,0,26.00000000000001,9,8,9,25,2,60,6,9,8,23,1,40,A
2022-10-01,Bournemouth,Brentford,0,0,D,1,4,0,0,23,19,46,67,3,10.900000000000004,32,39,38,107,2,16.500000000000004,0,0,0,0,0,0,0,0,0,0,0,0,H
2022-10-01,Crystal Palace,Chelsea,1,2,A,3,3,0,0,31,30,28,108,0,14.2,43,42,29,127,2,18.200000000000006,0,1,12,3,0,0,15,12,1,28,0,100,A
2022-10-01,Fulham,Newcastle,1,4,A,1,10,1,0,25,22,35,88,0,10.900000000000002,45,32,26,120,0,14.700000000000006,4,2,5,12,1,20,10,5,2,31,0,60,A
2022-10-01,Liverpool,Brighton,3,3,D,7,6,0,0,60,59,16,168,1,22.300000000000008,37,33,29,107,1,20.799999999999997,8,8,5,25,0,40,5,5,8,22,0,20,H
2022-10-01,Southampton,Everton,1,2,A,6,5,0,0,23,26,48,112,0,7.800000000000002,27,24,37,89,5,12.800000000000004,6,6,7,29,0,40,9,7,6,13,0,60,H
2022-10-01,West Ham,Wolves,2,0,H,5,4,0,0,26,26,33,84,1,7.700000000000001,26,24,35,89,2,7.9,9,5,4,20,0,60,6,4,5,17,0,40,A
2022-10-02,Man City,Man United,6,3,H,10,8,0,0,60,71,20,156,0,25.90000000000001,39,35,38,122,0,16.200000000000003,12,12,4,36,0,80,3,4,12,12,0,20,H
2022-10-02,Leeds,Aston Villa,0,0,D,1,7,1,0,27,31,52,99,2,12.900000000000002,29,31,32,108,1,10.600000000000003,2,6,13,21,0,0,11,13,6,30,2,60,H
2022-10-03,Leicester,Nottingham,4,0,H,7,3,0,0,27,38,44,99,0,8.400000000000002,4,6,17,19,0,3.2,0,0,0,0,0,0,0,0,0,0,0,0,H
2022-10-08,Bournemouth,Leicester,2,1,H,4,5,0,0,23,19,46,66,3,11.400000000000004,30,42,42,105,0,10.200000000000005,6,7,7,18,0,20,6,7,7,23,1,20,H
2022-10-08,Chelsea,Wolves,3,0,H,7,2,0,0,45,43,29,125,2,20.0,23,22,36,91,2,7.400000000000002,5,4,4,19,0,0,5,4,4,10,0,0,H
2022-10-08,Man City,Southampton,4,0,H,8,0,0,0,60,75,22,164,0,26.40000000000001,23,26,47,108,0,6.700000000000002,7,7,4,22,0,20,4,4,7,16,0,0,H
2022-10-08,Newcastle,Brentford,5,1,H,6,3,0,0,45,35,27,127,0,16.400000000000006,33,39,35,110,2,15.800000000000002,8,10,6,40,0,50,2,6,10,10,2,0,H
2022-10-08,Brighton,Tottenham,0,1,A,4,3,0,0,37,35,31,109,1,20.3,52,60,23,146,1,23.500000000000004,9,3,4,15,0,60,6,4,3,18,0,40,A
2022-10-09,Crystal Palace,Leeds,2,1,H,5,4,0,0,31,29,27,105,0,13.000000000000002,25,28,50,95,3,13.200000000000005,2,0,4,19,0,0,11,4,0,17,0,60,H
2022-10-09,West Ham,Fulham,3,1,H,8,2,0,0,26,26,33,84,1,10.300000000000002,25,23,37,88,1,10.200000000000005,7,6,5,27,2,40,7,5,6,22,0,40,A
2022-10-09,Arsenal,Liverpool,3,2,H,7,3,0,0,54,48,31,138,2,23.4,60,60,17,169,1,20.800000000000004,0,0,15,12,0,0,15,15,0,31,0,100,A
2022-10-09,Everton,Man United,1,2,A,2,4,0,0,30,25,35,91,5,14.700000000000006,38,36,42,124,0,14.600000000000003,9,7,5,13,0,40,3,5,7,25,0,0,A
2022-10-10,Nottingham,Aston Villa,1,1,D,3,2,0,0,4,6,21,22,0,2.9000000000000004,27,30,32,112,1,10.900000000000004,0,0,0,0,0,0,0,0,0,0,0,0,H
2022-10-14,Brentford,Brighton,2,0,H,3,7,0,0,33,39,37,105,2,14.300000000000002,36,34,31,111,1,18.6,0,0,6,14,0,0,12,6,0,14,0,100,H
2022-10-15,Leicester,Crystal Palace,0,0,D,5,1,0,0,29,41,42,108,0,8.900000000000004,33,30,27,109,0,14.300000000000002,11,10,7,21,0,60,2,7,10,16,0,0,H
2022-10-15,Fulham,Bournemouth,2,2,D,4,6,0,0,24,24,40,88,1,8.600000000000005,25,21,47,65,3,13.1,0,0,3,1,1,0,3,3,0,5,0,100,H
2022-10-15,Wolves,Nottingham,1,0,H,2,2,0,0,23,22,38,89,2,6.200000000000003,5,7,22,25,0,3.8,0,0,0,0,0,0,0,0,0,0,0,0,A
2022-10-15,Tottenham,Everton,2,0,H,7,0,0,0,55,61,21,142,1,23.800000000000004,27,23,37,83,5,13.7,9,12,2,17,0,40,3,2,12,11,2,0,H
2022-10-16,Aston Villa,Chelsea,0,2,A,7,4,0,0,27,28,30,110,0,10.800000000000004,47,44,27,126,2,20.4,3,4,13,17,0,20,12,13,4,23,1,80,A
2022-10-16,Leeds,Arsenal,0,1,A,4,4,0,0,25,29,51,95,3,12.100000000000003,54,50,33,143,1,24.6,0,6,16,13,2,0,15,16,6,47,0,100,A
2022-10-16,Man United,Newcastle,0,0,D,2,2,0,0,38,35,42,123,0,16.200000000000003,45,37,27,124,0,17.700000000000003,11,13,5,29,0,60,2,5,13,28,0,0,A
2022-10-16,Southampton,West Ham,1,1,D,8,4,0,0,22,25,50,105,0,5.700000000000002,29,27,31,87,1,12.000000000000002,8,6,7,23,0,40,5,7,6,23,2,20,H
2022-10-16,Liverpool,Man City,1,0,H,2,6,0,0,57,59,20,159,1,18.20000000000001,60,78,22,166,0,27.40000000000001,4,9,12,19,0,0,7,12,9,21,0,20,H
2022-10-18,Brighton,Nottingham,0,0,D,7,0,0,0,35,33,32,113,1,17.1,5,7,23,27,0,3.5000000000000004,0,0,0,0,0,0,0,0,0,0,0,0,H
2022-10-18,Crystal Palace,Wolves,2,1,H,4,4,0,0,34,29,24,105,0,14.200000000000005,23,21,38,84,2,8.700000000000001,15,9,0,30,0,100,0,0,9,18,0,0,H
2022-10-19,Bournemouth,Southampton,0,1,A,3,3,0,0,23,22,49,65,3,14.000000000000004,20,23,49,103,0,6.300000000000001,6,5,4,20,0,20,6,4,5,24,0,20,H
2022-10-19,Brentford,Chelsea,0,0,D,5,5,0,0,36,40,35,107,2,15.500000000000004,50,46,26,129,2,21.8,6,8,4,26,0,50,6,4,8,18,0,50,A
2022-10-19,Liverpool,West Ham,1,0,H,7,3,0,0,57,57,19,154,1,19.300000000000004,30,28,31,90,1,11.700000000000005,9,9,7,25,0,60,6,7,9,18,0,40,H
2022-10-19,Newcastle,Everton,1,0,H,4,0,0,0,43,36,27,124,0,17.400000000000006,27,23,37,83,5,12.6,9,8,4,33,0,60,6,4,8,15,2,40,H
2022-10-19,Man United,Tottenham,2,0,H,10,2,0,0,36,34,42,122,0,16.3,55,60,19,144,1,24.90000000000001,15,15,5,27,0,100,0,5,15,9,0,0,A
2022-10-20,Fulham,Aston Villa,3,0,H,8,6,0,1,22,24,42,89,1,9.600000000000003,27,28,31,116,0,9.500000000000002,7,6,8,31,0,40,7,8,6,24,0,40,A
2022-10-20,Leicester,Leeds,2,0,H,1,2,0,0,30,40,40,106,0,8.500000000000002,24,26,49,91,3,10.900000000000002,8,5,5,22,0,40,5,5,5,25,0,20,H
2022-10-22,Nottingham,Liverpool,1,0,H,7,7,0,0,6,7,23,27,0,4.300000000000001,57,56,19,150,1,20.000000000000007,0,0,0,0,0,0,0,0,0,0,0,0,A
2022-10-22,Everton,Crystal Palace,3,0,H,6,2,0,0,27,23,37,81,5,11.000000000000004,36,30,24,104,0,15.200000000000005,7,9,11,31,0,40,7,11,9,28,0,40,H
2022-10-22,Man City,Brighton,3,1,H,4,2,0,0,59,77,22,167,0,24.500000000000007,33,31,32,114,1,16.900000000000006,12,16,5,42,1,80,3,5,16,18,0,20,H
2022-10-22,Chelsea,Man United,1,1,D,2,6,0,0,50,45,25,131,2,19.9,38,35,41,127,0,17.500000000000004,5,4,4,30,0,0,5,4,4,14,0,0,H
2022-10-23,Aston Villa,Brentford,4,0,H,11,3,0,0,27,28,33,121,1,8.100000000000003,37,40,33,110,2,15.000000000000004,2,4,6,20,0,0,8,6,4,12,0,50,A
2022-10-23,Leeds,Fulham,2,3,A,5,5,0,0,24,26,48,93,3,9.900000000000002,24,26,41,94,1,11.3,12,11,8,35,0,80,3,8,11,31,0,20,H
2022-10-23,Southampton,Arsenal,1,1,D,3,3,0,0,22,23,48,102,0,8.600000000000001,54,49,32,139,1,25.500000000000007,6,3,9,23,0,40,9,9,3,27,0,60,A
2022-10-23,Wolves,Leicester,0,4,A,5,4,0,0,20,20,39,85,2,8.400000000000002,30,40,40,101,0,10.600000000000003,7,4,4,13,0,40,7,4,4,27,0,40,A
2022-10-23,Tottenham,Newcastle,1,2,A,5,5,0,0,55,60,20,144,1,22.200000000000003,45,36,26,125,0,18.300000000000004,13,18,8,25,0,80,1,8,18,10,2,0,H
2022-10-24,West Ham,Bournemouth,2,0,H,4,3,0,0,27,27,32,90,1,10.700000000000005,23,21,48,65,3,12.500000000000002,6,11,8,27,0,20,6,8,11,25,0,20,H
2022-10-29,Leicester,Man City,0,1,A,5,5,0,0,30,43,40,101,0,13.000000000000004,59,78,23,164,0,25.30000000000001,0,6,16,20,0,0,15,16,6,38,0,100,A
2022-10-29,Bournemouth,Tottenham,2,3,A,4,7,0,0,23,20,48,66,2,11.7,52,57,22,138,1,20.000000000000007,1,3,12,12,0,0,13,12,3,37,0,80,A
2022-10-29,Brentford,Wolves,1,1,D,3,4,0,1,36,40,37,111,2,13.100000000000003,20,19,41,88,2,7.300000000000003,6,6,4,8,2,50,6,4,6,4,0,50,H
2022-10-29,Brighton,Chelsea,4,1,H,9,7,0,0,33,32,33,113,0,15.500000000000004,48,44,26,126,2,19.700000000000003,5,4,4,18,1,0,5,4,4,20,0,0,A
2022-10-29,Crystal Palace,Southampton,1,0,H,3,4,0,0,35,30,27,103,0,14.300000000000002,20,22,49,94,0,9.2,8,9,9,26,0,40,5,9,9,20,0,20,H
2022-10-29,Newcastle,Aston Villa,4,0,H,7,0,0,0,45,36,27,119,0,20.000000000000007,27,30,33,128,1,10.400000000000002,7,3,5,9,0,40,7,5,3,12,0,40,A
2022-10-29,Fulham,Everton,0,0,D,6,4,0,0,24,28,43,92,1,14.300000000000002,30,26,32,87,5,12.9,3,6,13,20,0,20,12,13,6,29,0,80,H
2022-10-29,Liverpool,Leeds,1,2,A,10,6,0,0,54,55,20,153,1,18.10000000000001,24,26,47,92,3,8.500000000000002,13,19,1,55,0,80,1,1,19,17,2,0,H
2022-10-30,Arsenal,Nottingham,5,0,H,10,2,0,0,52,48,32,137,1,24.70000000000001,9,8,23,34,0,7.0,0,0,0,0,0,0,0,0,0,0,0,0,H
2022-10-30,Man United,West Ham,1,0,H,3,5,0,0,38,35,41,125,0,17.200000000000003,29,27,30,91,1,12.800000000000002,15,7,2,30,0,100,0,2,7,10,0,0,H
2022-11-05,Leeds,Bournemouth,4,3,H,4,6,0,0,27,28,42,96,3,10.500000000000002,23,20,48,64,2,10.200000000000005,0,0,0,0,0,0,0,0,0,0,0,0,H
2022-11-05,Man City,Fulham,2,1,H,5,2,1,0,59,75,23,160,0,26.10000000000001,24,28,43,94,1,14.000000000000004,15,17,2,44,0,100,0,2,17,9,1,0,H
2022-11-05,Nottingham,Brentford,2,2,D,7,2,0,0,9,8,28,36,0,6.700000000000001,37,40,36,112,2,12.600000000000003,0,0,0,0,0,0,0,0,0,0,0,0,A
2022-11-05,Wolves,Brighton,2,3,A,5,8,1,0,21,20,41,91,3,7.4,36,36,31,121,0,16.600000000000005,9,4,7,18,0,60,6,7,4,25,2,40,A
2022-11-05,Everton,Leicester,0,2,A,2,8,0,0,31,26,31,89,4,12.3,30,43,39,103,0,11.500000000000004,9,7,5,16,0,40,3,5,7,30,0,0,A
2022-11-06,Chelsea,Arsenal,0,1,A,1,2,0,0,45,44,30,130,2,17.4,52,50,30,143,1,25.60000000000001,6,8,9,19,0,40,9,9,8,16,0,60,H
2022-11-06,Aston Villa,Man United,3,1,H,4,3,0,0,24,26,37,119,1,9.900000000000002,38,34,41,121,0,18.6,8,7,7,29,1,40,5,7,7,27,0,20,A
2022-11-06,Southampton,Newcastle,1,4,A,5,4,0,0,17,20,50,89,0,8.9,45,38,26,122,0,21.300000000000004,2,8,11,27,0,0,11,11,8,22,1,60,A
2022-11-06,West Ham,Crystal Palace,1,2,A,2,6,0,0,28,26,30,93,1,11.500000000000004,38,31,26,106,0,14.900000000000002,11,13,10,25,0,60,2,10,13,19,0,0,A
2022-11-06,Tottenham,Liverpool,1,2,A,5,6,0,0,52,55,24,138,1,21.200000000000006,51,53,21,155,1,15.800000000000006,4,7,9,18,0,0,7,9,7,25,2,20,H
2022-11-12,Man City,Brentford,1,2,A,6,8,0,0,62,75,21,161,1,26.300000000000004,38,42,36,113,1,11.500000000000004,12,6,0,20,0,100,0,0,6,8,0,0,H
2022-11-12,Bournemouth,Everton,3,0,H,9,3,0,0,23,23,51,67,2,9.400000000000002,28,25,33,88,3,11.500000000000002,7,11,12,30,1,40,7,12,11,23,1,40,H
2022-11-12,Liverpool,Southampton,3,1,H,7,5,0,0,51,49,22,146,1,17.20000000000001,17,21,50,93,0,8.100000000000001,15,14,2,28,0,100,0,2,14,16,0,0,H
2022-11-12,Nottingham,Crystal Palace,1,0,H,2,0,0,0,10,10,30,43,0,7.1000000000000005,38,29,26,107,0,17.400000000000002,0,0,0,0,0,0,0,0,0,0,0,0,H
2022-11-12,Tottenham,Leeds,4,3,H,8,5,0,1,52,54,23,140,1,18.70000000000001,30,32,41,97,3,12.100000000000003,12,13,5,33,0,80,3,5,13,27,0,20,H
2022-11-12,West Ham,Leicester,0,2,A,6,6,0,0,25,26,32,91,1,10.8,30,43,38,107,0,13.600000000000003,11,15,8,24,0,60,2,8,15,11,2,0,A
2022-11-12,Newcastle,Chelsea,1,0,H,3,2,0,0,45,40,26,122,0,23.000000000000004,42,40,31,126,2,16.400000000000006,0,0,10,10,0,0,15,10,0,23,0,100,H
2022-11-12,Wolves,Arsenal,0,2,A,2,4,0,0,21,22,42,91,4,6.300000000000002,52,49,30,137,1,27.000000000000007,3,4,7,19,0,20,12,7,4,17,4,80,A
2022-11-13,Brighton,Aston Villa,1,2,A,2,2,0,0,39,39,31,128,0,18.200000000000006,24,26,38,114,1,12.200000000000005,1,0,8,15,0,0,13,8,0,19,0,80,H
2022-11-13,Fulham,Man United,1,2,A,7,9,0,0,24,29,44,93,1,13.200000000000005,35,31,42,115,0,17.900000000000006,2,6,12,23,1,0,11,12,6,35,0,60,H
2022-12-26,Brentford,Tottenham,2,2,D,5,8,0,0,38,41,36,115,1,13.500000000000004,52,56,26,141,1,19.60000000000001,2,0,4,8,0,0,8,4,0,12,0,50,A
2022-12-26,Crystal Palace,Fulham,0,3,A,0,11,2,0,37,28,26,103,0,15.200000000000005,21,29,46,97,1,12.2,8,7,7,29,0,40,5,7,7,24,1,20,H
2022-12-26,Everton,Wolves,1,2,A,6,4,0,0,28,24,34,89,2,10.1,18,18,44,88,4,5.900000000000002,3,3,6,18,2,20,12,6,3,17,0,80,H
2022-12-26,Leicester,Newcastle,0,3,A,2,5,0,0,32,44,37,110,0,15.6,48,41,25,123,0,23.700000000000006,6,12,8,23,0,40,9,8,12,26,0,60,A
2022-12-26,Southampton,Brighton,1,3,A,4,4,0,0,17,21,51,93,0,7.200000000000003,39,39,31,126,0,16.000000000000004,4,7,8,22,0,0,7,8,7,24,0,20,A
2022-12-26,Aston Villa,Liverpool,1,3,A,6,9,0,0,27,27,37,109,1,14.4,51,51,23,148,1,18.200000000000003,0,3,8,13,0,0,15,8,3,32,0,100,A
2022-12-26,Arsenal,West Ham,3,1,H,5,4,0,0,55,51,28,139,1,27.300000000000004,25,26,33,92,1,9.6,13,11,5,37,0,80,1,5,11,13,2,0,H
2022-12-27,Chelsea,Bournemouth,2,0,H,5,4,0,0,39,37,31,121,2,14.400000000000004,26,26,48,76,2,10.900000000000002,9,6,5,26,0,60,6,5,6,10,0,40,H
2022-12-27,Man United,Nottingham,3,0,H,8,3,0,0,37,33,43,121,0,18.9,13,11,30,45,0,9.8,0,0,0,0,0,0,0,0,0,0,0,0,H
2022-12-28,Leeds,Man City,1,3,A,1,9,0,0,30,35,44,98,4,10.800000000000004,59,75,23,159,1,23.800000000000004,3,2,23,12,1,20,12,23,2,49,0,80,A
2022-12-30,West Ham,Brentford,0,2,A,5,6,0,0,22,25,35,92,1,8.900000000000004,36,41,38,116,1,13.200000000000005,0,2,8,12,0,0,12,8,2,26,0,100,A
2022-12-30,Liverpool,Leicester,2,1,H,5,2,0,0,51,52,24,148,1,19.6,29,42,39,109,0,14.500000000000004,6,5,5,34,0,40,9,5,5,10,0,60,H
2022-12-31,Wolves,Man United,0,1,A,3,6,0,0,18,19,45,89,4,8.700000000000001,40,35,39,127,0,20.700000000000003,6,3,4,28,0,40,9,4,3,14,0,60,A
2022-12-31,Bournemouth,Crystal Palace,0,2,A,2,6,0,0,23,25,50,78,2,10.7,34,26,29,95,2,14.500000000000004,5,6,8,20,0,20,8,8,6,22,1,40,H
2022-12-31,Fulham,Southampton,2,1,H,2,3,0,0,24,32,43,108,1,14.700000000000005,17,21,52,90,0,6.4,4,4,10,13,0,20,10,10,4,28,0,60,H
2022-12-31,Man City,Everton,1,1,D,3,1,0,0,59,74,23,158,1,24.600000000000005,28,23,33,91,2,8.700000000000001,15,13,0,41,0,100,0,0,13,9,0,0,H
2022-12-31,Newcastle,Leeds,0,0,D,5,1,0,0,51,44,24,122,0,24.500000000000004,30,36,44,98,4,9.1,8,5,4,25,0,40,5,4,5,28,0,20,H
2022-12-31,Brighton,Arsenal,2,4,A,5,7,0,0,42,42,30,127,0,17.300000000000004,55,53,29,141,1,28.40000000000001,8,4,4,11,0,40,5,4,4,17,0,20,A
2023-01-01,Tottenham,Aston Villa,0,2,A,2,4,0,0,50,55,27,145,1,19.000000000000007,27,28,39,114,1,12.8,12,13,4,30,0,80,3,4,13,26,0,20,H
2023-01-01,Nottingham,Chelsea,1,1,D,5,2,0,0,13,11,33,48,0,9.1,39,38,31,123,2,16.700000000000003,0,0,0,0,0,0,0,0,0,0,0,0,A
2023-01-02,Brentford,Liverpool,3,1,H,7,6,0,0,39,42,36,116,1,14.600000000000003,51,52,25,150,1,20.6,2,6,12,10,0,0,8,12,6,38,0,50,A
2023-01-03,Arsenal,Newcastle,0,0,D,4,1,0,0,58,57,28,145,1,28.700000000000006,52,43,19,126,0,22.90000000000001,9,6,4,21,0,60,6,4,6,19,1,40,H
2023-01-03,Everton,Brighton,1,4,A,4,8,0,0,26,23,34,89,2,8.900000000000004,42,44,32,132,0,15.100000000000009,7,8,6,23,0,40,7,6,8,19,0,40,A
2023-01-03,Leicester,Fulham,0,1,A,6,2,0,0,29,42,39,109,0,13.3,27,33,42,104,1,16.1,4,4,7,24,0,20,10,7,4,25,0,60,H
2023-01-03,Man United,Bournemouth,3,0,H,6,4,0,0,40,33,37,127,0,21.8,23,25,51,80,2,9.200000000000005,10,6,3,25,0,60,4,3,6,23,1,20,H
2023-01-04,Southampton,Nottingham,0,1,A,0,1,0,0,16,21,53,87,0,5.700000000000001,14,12,34,53,0,9.500000000000002,0,0,0,0,0,0,0,0,0,0,0,0,A
2023-01-04,Leeds,West Ham,2,2,D,6,2,0,0,28,34,43,92,4,9.400000000000004,22,24,34,96,1,8.000000000000004,6,8,10,22,0,40,9,10,8,29,0,60,H
2023-01-04,Aston Villa,Wolves,1,1,D,4,3,0,0,30,29,37,113,1,14.7,18,17,43,84,3,8.000000000000002,1,6,10,21,0,0,13,10,6,20,0,80,H
2023-01-04,Crystal Palace,Tottenham,0,4,A,4,6,0,0,36,28,29,100,2,15.600000000000003,47,50,28,141,1,16.900000000000006,6,7,10,9,2,40,9,10,7,19,2,60,A
2023-01-05,Chelsea,Man City,0,1,A,2,3,0,0,40,38,28,117,2,15.400000000000004,59,75,24,157,1,23.000000000000007,3,2,5,7,0,20,12,5,2,24,0,80,A
2023-01-12,Fulham,Chelsea,2,1,H,3,10,0,1,30,33,39,99,1,18.3,37,32,29,105,2,14.400000000000004,0,1,10,14,1,0,15,10,1,38,0,100,H
2023-01-13,Aston Villa,Leeds,2,1,H,5,4,0,0,31,30,34,109,1,14.100000000000003,26,33,43,92,4,9.600000000000003,9,12,6,33,2,40,3,6,12,19,1,0,H
2023-01-14,Man United,Man City,2,1,H,4,1,0,0,42,35,36,128,0,23.8,59,74,24,154,1,23.60000000000001,0,5,18,14,0,0,15,18,5,40,0,100,A
2023-01-14,Brighton,Liverpool,3,0,H,9,2,0,0,44,48,33,136,0,16.300000000000004,48,51,28,153,1,19.000000000000004,3,7,11,24,0,0,9,11,7,31,0,40,A
2023-01-14,Everton,Southampton,1,2,A,4,5,0,0,25,23,37,90,2,8.000000000000005,16,21,48,86,0,5.000000000000002,9,8,7,17,0,60,6,7,8,34,0,40,H
2023-01-14,Nottingham,Leicester,2,0,H,5,1,0,0,17,13,34,54,0,11.8,28,41,39,112,0,11.8,0,0,4,3,0,0,3,4,0,7,0,100,A
2023-01-14,Wolves,West Ham,1,0,H,4,4,0,0,16,16,43,82,3,8.5,20,24,35,93,1,8.3,6,2,4,16,0,40,9,4,2,19,0,60,H
2023-01-14,Brentford,Bournemouth,2,0,H,4,2,0,0,39,41,36,117,1,16.200000000000003,22,24,53,80,2,8.600000000000001,1,0,0,4,0,0,1,0,0,1,0,0,H
2023-01-15,Chelsea,Crystal Palace,1,0,H,5,5,0,0,37,31,27,113,3,12.300000000000002,33,25,33,99,2,15.000000000000002,15,10,1,21,0,100,0,1,10,5,0,0,H
2023-01-15,Newcastle,Fulham,1,0,H,5,0,0,0,50,42,19,123,0,22.000000000000007,33,35,39,99,1,19.4,10,8,3,31,0,60,4,3,8,10,2,20,H
2023-01-15,Tottenham,Arsenal,0,2,A,7,5,0,0,47,50,28,142,1,18.500000000000007,59,56,26,145,1,26.90000000000001,6,9,9,23,1,40,9,9,9,31,2,60,A
2023-01-18,Crystal Palace,Man United,1,1,D,5,4,0,0,33,24,32,101,2,12.900000000000004,45,37,36,128,0,24.1,7,2,2,12,0,40,7,2,2,15,0,40,A
2023-01-19,Man City,Tottenham,4,2,H,6,3,0,0,58,73,24,150,1,21.200000000000003,47,50,29,149,1,16.100000000000005,3,7,8,22,0,20,12,8,7,19,0,80,H
2023-01-21,Liverpool,Chelsea,0,0,D,3,2,0,0,47,49,29,151,1,16.6,37,31,27,113,3,14.300000000000004,4,6,7,27,0,0,7,7,6,23,2,20,H
2023-01-21,Bournemouth,Nottingham,1,1,D,4,5,0,0,22,24,53,80,2,7.200000000000002,20,15,34,59,0,14.1,3,3,2,3,0,100,0,2,3,3,0,0,H
2023-01-21,Leicester,Brighton,2,2,D,2,4,0,0,27,41,41,111,0,10.900000000000002,44,49,32,142,0,17.800000000000004,2,6,11,20,0,0,11,11,6,31,0,60,A
2023-01-21,Southampton,Aston Villa,0,1,A,5,5,0,0,16,22,49,88,0,7.700000000000001,33,32,35,111,1,15.900000000000004,6,2,9,9,0,40,9,9,2,27,0,60,A
2023-01-21,West Ham,Everton,2,0,H,4,2,0,0,20,24,34,96,1,7.700000000000001,25,24,37,93,2,6.600000000000002,12,6,3,22,0,80,3,3,6,10,2,20,H
2023-01-21,Crystal Palace,Newcastle,0,0,D,1,7,0,0,34,25,32,104,2,12.700000000000005,50,41,18,121,0,23.200000000000003,3,2,4,19,0,0,9,4,2,18,0,40,A
2023-01-22,Leeds,Brentford,0,0,D,5,0,0,0,25,33,44,93,4,8.700000000000001,39,41,36,114,1,18.200000000000003,8,10,11,30,0,40,5,11,10,24,2,20,A
2023-01-22,Man City,Wolves,3,0,H,7,1,0,0,58,74,26,151,1,21.6,19,17,42,84,3,11.100000000000003,15,15,2,37,0,100,0,2,15,9,3,0,H
2023-01-22,Arsenal,Man United,3,2,H,5,4,0,0,62,58,25,144,1,26.90000000000001,43,35,35,123,0,24.200000000000006,6,11,11,33,0,40,9,11,11,36,0,60,H
2023-01-23,Fulham,Tottenham,0,1,A,5,3,0,0,32,34,39,98,1,18.500000000000007,46,52,33,152,1,14.000000000000004,1,4,10,17,0,0,13,10,4,34,0,80,A
2023-02-03,Chelsea,Fulham,0,0,D,3,4,0,0,37,30,26,109,3,13.700000000000005,32,34,38,100,1,16.400000000000002,12,9,3,38,1,80,3,3,9,16,1,20,H
2023-02-04,Everton,Arsenal,1,0,H,4,3,0,0,22,23,39,91,2,6.100000000000001,62,57,25,145,1,27.600000000000016,9,7,12,15,0,60,6,12,7,27,0,40,A
2023-02-04,Aston Villa,Leicester,2,4,A,4,5,0,0,33,31,35,110,1,17.9,28,42,40,111,0,10.300000000000004,8,5,4,16,0,40,5,4,5,21,0,20,A
2023-02-04,Brentford,Southampton,3,0,H,4,6,0,0,37,39,35,109,1,17.800000000000004,16,22,48,90,0,7.300000000000002,6,8,8,18,0,50,6,8,8,20,0,50,H
2023-02-04,Brighton,Bournemouth,1,0,H,6,2,0,0,42,50,34,141,0,17.400000000000002,23,25,50,82,2,7.400000000000002,4,6,7,22,0,25,7,7,6,16,0,50,H
2023-02-04,Man United,Crystal Palace,2,1,H,5,3,1,0,43,37,34,126,0,21.500000000000007,34,25,32,98,2,11.800000000000004,7,3,3,18,0,40,7,3,3,15,0,40,H
2023-02-04,Wolves,Liverpool,3,0,H,6,4,0,0,19,17,44,81,3,9.900000000000002,45,45,29,149,1,16.1,0,2,9,17,0,0,15,9,2,30,0,100,A
2023-02-04,Newcastle,West Ham,1,1,D,2,1,0,0,48,40,18,124,0,22.5,22,25,33,92,1,9.500000000000004,5,9,12,20,0,20,8,12,9,30,1,40,H
2023-02-05,Nottingham,Leeds,1,0,H,2,4,0,0,21,16,35,64,0,14.1,23,30,44,93,4,8.900000000000002,0,0,0,0,0,0,0,0,0,0,0,0,H
2023-02-05,Tottenham,Man City,1,0,H,3,5,1,0,46,50,32,148,1,15.300000000000004,58,72,25,150,1,22.90000000000001,12,10,8,19,0,80,3,8,10,22,0,20,A
2023-02-08,Man United,Leeds,2,2,D,7,2,0,0,46,38,32,126,1,22.9,22,30,45,95,4,8.300000000000002,13,18,6,38,0,80,1,6,18,21,0,0,H
2023-02-11,West Ham,Chelsea,1,1,D,2,4,0,0,23,26,33,91,0,10.000000000000004,38,30,25,107,3,12.900000000000004,6,7,8,17,2,40,9,8,7,27,0,60,A
2023-02-11,Arsenal,Brentford,1,1,D,7,2,0,0,59,54,25,141,1,25.200000000000003,39,42,35,111,1,19.4,9,7,6,31,0,60,6,6,7,12,0,40,H
2023-02-11,Crystal Palace,Brighton,1,1,D,1,7,0,0,31,24,33,96,2,11.200000000000005,45,51,31,146,0,18.300000000000008,7,6,5,10,0,20,4,5,6,21,0,0,A
2023-02-11,Fulham,Nottingham,2,0,H,3,1,0,0,33,34,36,101,1,16.3,24,17,35,66,0,16.1,3,3,2,7,0,100,0,2,3,3,0,0,H
2023-02-11,Leicester,Tottenham,4,1,H,7,4,0,0,31,45,40,107,0,12.200000000000005,48,50,31,148,2,16.500000000000007,0,8,18,19,0,0,15,18,8,45,0,100,A
2023-02-11,Southampton,Wolves,1,2,A,2,2,0,1,15,20,49,91,0,6.3000000000000025,22,20,41,86,3,12.2,0,2,9,33,0,0,15,9,2,18,0,100,H
2023-02-11,Bournemouth,Newcastle,1,1,D,5,7,0,0,23,25,48,83,2,6.000000000000002,46,38,19,119,0,21.700000000000003,5,6,7,21,0,20,8,7,6,30,0,40,A
2023-02-12,Leeds,Man United,0,2,A,6,5,0,0,23,32,43,95,4,7.900000000000002,46,39,33,130,1,21.40000000000001,1,8,20,20,0,0,13,20,8,41,0,80,A
2023-02-12,Man City,Aston Villa,3,1,H,9,2,0,0,55,68,26,149,1,20.30000000000001,30,30,38,107,1,17.1,13,11,7,28,0,80,1,7,11,11,0,0,H
2023-02-13,Liverpool,Everton,2,0,H,6,1,0,0,42,43,32,149,1,14.400000000000002,22,22,38,91,2,8.600000000000003,13,12,2,30,0,80,1,2,12,9,0,0,H
2023-02-15,Arsenal,Man City,1,3,A,1,6,0,0,57,53,25,141,1,23.90000000000001,55,66,27,149,1,21.60000000000001,0,2,15,5,4,0,15,15,2,27,0,100,A
2023-02-18,Aston Villa,Arsenal,2,4,A,5,5,0,0,30,30,39,105,1,15.500000000000004,54,52,27,133,1,21.800000000000008,0,3,10,13,0,0,15,10,3,33,0,100,A
2023-02-18,Brentford,Crystal Palace,1,1,D,5,4,0,0,40,43,33,109,1,18.4,29,24,34,90,2,10.900000000000004,5,1,1,13,0,0,5,1,1,14,0,0,H
2023-02-18,Brighton,Fulham,0,1,A,7,2,0,0,45,50,30,148,0,17.400000000000006,36,35,33,101,1,17.2,3,3,4,18,0,0,6,4,3,15,0,25,H
2023-02-18,Chelsea,Southampton,0,1,A,5,5,0,0,38,29,24,105,3,12.200000000000005,15,20,49,90,0,6.000000000000003,12,19,4,50,0,80,3,4,19,13,2,20,H
2023-02-18,Everton,Leeds,1,0,H,6,0,0,0,21,22,40,87,2,8.000000000000002,23,31,43,99,3,7.100000000000002,9,11,5,38,0,40,3,5,11,13,0,0,H
2023-02-18,Nottingham,Man City,1,1,D,1,6,0,0,24,17,37,67,0,15.0,55,64,27,150,1,22.300000000000004,0,0,6,1,0,0,3,6,0,9,0,100,A
2023-02-18,Wolves,Bournemouth,0,1,A,4,1,0,0,24,20,40,84,4,14.2,24,26,48,85,1,6.100000000000001,4,2,1,11,0,50,1,1,2,4,1,0,H
2023-02-18,Newcastle,Liverpool,0,2,A,4,7,1,0,47,39,19,124,0,20.6,42,44,32,145,1,16.100000000000005,0,3,10,10,0,0,15,10,3,42,0,100,H
2023-02-19,Man United,Leicester,3,0,H,8,3,0,0,46,38,33,130,1,23.200000000000003,31,46,41,106,0,14.100000000000003,5,7,10,24,0,20,8,10,7,30,0,40,H
2023-02-19,Tottenham,West Ham,2,0,H,6,1,0,0,45,48,35,146,2,14.600000000000003,24,26,32,90,0,9.300000000000002,7,7,5,20,0,40,7,5,7,14,0,40,H
2023-02-24,Fulham,Wolves,1,1,D,5,2,0,0,38,35,32,98,1,19.2,24,19,36,85,4,13.300000000000002,4,5,4,31,0,20,10,4,5,19,0,60,H
2023-02-25,Everton,Aston Villa,0,2,A,5,5,0,0,24,21,37,88,0,9.7,29,31,42,106,1,14.300000000000002,0,1,10,8,0,0,15,10,1,16,0,100,A
2023-02-25,Leeds,Southampton,1,0,H,4,2,0,0,23,31,41,99,2,5.600000000000002,18,21,46,91,0,7.800000000000002,3,4,6,11,0,0,9,6,4,26,0,40,H
2023-02-25,Leicester,Arsenal,0,1,A,0,2,0,0,28,41,43,102,0,13.600000000000003,57,56,26,134,0,22.100000000000005,0,2,12,24,0,0,15,12,2,33,0,100,A
2023-02-25,West Ham,Nottingham,4,0,H,5,3,0,0,21,22,34,86,0,9.300000000000002,25,18,38,68,0,14.700000000000005,0,0,1,5,0,0,3,1,0,6,0,100,H
2023-02-25,Bournemouth,Man City,1,4,A,2,5,0,0,24,24,47,83,1,8.300000000000002,55,63,26,148,1,21.200000000000003,0,3,16,13,0,0,15,16,3,31,1,100,A
2023-02-25,Crystal Palace,Liverpool,0,0,D,0,4,0,0,29,24,34,90,2,11.200000000000005,44,45,31,149,1,17.300000000000004,1,3,13,17,0,0,13,13,3,38,1,80,A
2023-02-26,Tottenham,Chelsea,2,0,H,3,2,0,0,45,49,35,144,2,16.200000000000003,35,26,25,106,3,11.000000000000004,1,2,12,15,0,0,13,12,2,37,0,80,H
2023-03-01,Arsenal,Everton,4,0,H,5,5,0,0,60,57,24,134,0,22.40000000000001,21,18,37,87,0,9.5,6,12,7,27,0,40,9,7,12,18,0,60,H
2023-03-01,Liverpool,Wolves,2,0,H,6,1,0,0,42,43,30,147,1,16.800000000000004,24,19,36,83,4,13.000000000000002,12,8,5,30,0,80,3,5,8,18,0,20,H
2023-03-04,Man City,Newcastle,2,0,H,3,2,0,0,55,64,25,148,1,21.700000000000003,47,39,16,125,1,18.1,13,21,3,42,0,80,1,3,21,14,0,0,H
2023-03-04,Arsenal,Bournemouth,3,2,H,9,4,0,0,60,56,23,130,0,23.0,21,23,50,79,0,8.200000000000001,10,8,4,17,0,60,4,4,8,17,0,20,H
2023-03-04,Aston Villa,Crystal Palace,1,0,H,1,0,0,1,31,32,41,102,1,16.000000000000004,30,22,31,85,2,10.300000000000002,8,7,7,19,0,40,5,7,7,23,0,20,H
2023-03-04,Brighton,West Ham,4,0,H,9,2,0,0,42,47,31,146,0,15.700000000000005,23,24,32,89,0,11.000000000000002,11,10,4,22,0,60,2,4,10,19,0,0,H
2023-03-04,Chelsea,Leeds,1,0,H,3,2,0,0,34,25,26,101,3,9.500000000000004,25,31,40,98,2,8.000000000000002,12,12,7,23,1,80,3,7,12,16,2,20,H
2023-03-04,Wolves,Tottenham,1,0,H,5,6,0,0,24,18,35,79,4,12.200000000000005,45,46,35,134,2,17.6,6,4,3,29,0,40,9,3,4,30,0,60,A
2023-03-04,Southampton,Leicester,1,0,H,5,0,0,0,18,20,45,91,0,7.500000000000002,27,40,43,101,0,12.100000000000003,5,8,13,21,0,20,8,13,8,25,0,40,A
2023-03-05,Nottingham,Everton,2,2,D,4,3,0,0,25,18,42,71,0,13.600000000000003,21,17,36,90,0,8.200000000000003,1,1,1,5,0,0,1,1,1,8,0,0,H
2023-03-05,Liverpool,Man United,7,0,H,8,4,0,0,42,43,29,148,1,18.40000000000001,49,41,29,133,1,23.700000000000006,12,19,2,31,0,80,3,2,19,14,2,20,A
2023-03-06,Brentford,Fulham,3,2,H,6,5,0,0,38,41,34,109,1,18.1,39,36,31,103,1,17.900000000000006,0,2,3,5,0,0,3,3,2,9,0,100,H
2023-03-11,Bournemouth,Liverpool,1,0,H,2,6,0,0,21,24,51,81,0,6.8000000000000025,42,47,28,148,1,20.10000000000001,0,0,23,7,0,0,15,23,0,39,0,100,A
2023-03-11,Everton,Brentford,1,0,H,6,4,0,0,22,19,37,89,0,8.400000000000004,38,41,34,108,1,19.9,1,5,9,27,4,0,13,9,5,27,0,80,A
2023-03-11,Leeds,Brighton,2,2,D,4,2,0,0,22,29,40,94,2,7.2,42,47,31,149,0,17.400000000000002,4,2,3,20,0,0,7,3,2,24,0,20,A
2023-03-11,Leicester,Chelsea,1,3,A,7,6,1,0,24,36,43,95,0,11.700000000000005,34,24,25,96,3,11.400000000000002,2,3,10,13,0,0,11,10,3,31,1,60,H
2023-03-11,Tottenham,Nottingham,3,1,H,7,5,0,0,42,42,35,132,2,16.200000000000006,26,20,44,75,0,13.200000000000005,3,2,0,7,0,100,0,0,2,1,0,0,H
2023-03-11,Crystal Palace,Man City,0,1,A,0,4,0,0,27,21,32,82,3,9.9,55,64,25,149,1,23.20000000000001,8,6,4,10,0,40,5,4,6,19,2,20,A
2023-03-12,Fulham,Arsenal,0,3,A,2,7,0,0,38,36,32,105,1,16.600000000000005,60,57,25,137,0,23.90000000000001,1,3,13,12,0,0,13,13,3,34,0,80,A
2023-03-12,Man United,Southampton,0,0,D,4,4,0,0,49,41,35,133,1,21.600000000000005,21,20,41,94,0,9.000000000000004,7,5,4,30,0,20,4,4,5,19,0,0,H
2023-03-12,West Ham,Aston Villa,1,1,D,6,4,0,0,23,23,33,89,0,10.500000000000002,34,31,38,101,1,17.7,15,13,4,28,0,100,0,4,13,23,2,0,A
2023-03-12,Newcastle,Wolves,2,1,H,8,4,0,0,44,37,18,123,1,16.500000000000007,27,18,33,78,4,13.6,7,5,5,18,0,40,7,5,5,14,0,40,H
2023-03-15,Brighton,Crystal Palace,1,0,H,5,3,0,0,42,48,32,145,0,16.6,27,21,31,80,3,8.200000000000003,5,5,5,23,0,0,5,5,5,9,0,0,H
2023-03-15,Southampton,Brentford,0,2,A,1,5,0,0,22,19,37,96,0,9.700000000000005,38,40,33,107,0,18.200000000000003,6,8,11,26,0,40,9,11,8,22,0,60,A
2023-03-17,Nottingham,Newcastle,1,2,A,3,4,0,0,26,21,45,80,0,12.100000000000003,44,37,18,125,1,17.900000000000006,0,0,2,0,0,0,3,2,0,10,0,100,A
2023-03-18,Aston Villa,Bournemouth,3,0,H,9,3,0,0,35,32,37,103,1,16.900000000000006,21,23,51,80,0,9.7,3,4,8,18,0,20,12,8,4,18,1,80,H
2023-03-18,Brentford,Leicester,1,1,D,2,1,1,0,40,40,31,109,0,19.299999999999997,23,35,44,97,1,10.500000000000004,1,6,10,25,0,0,13,10,6,25,0,80,H
2023-03-18,Southampton,Tottenham,3,3,D,7,3,0,0,21,17,37,93,0,8.100000000000001,44,43,34,134,2,17.200000000000003,8,9,10,26,2,40,5,10,9,36,0,20,A
2023-03-18,Wolves,Leeds,2,4,A,8,4,1,0,26,19,35,81,4,13.000000000000002,20,29,41,94,2,8.000000000000004,2,7,10,30,2,0,11,10,7,24,0,60,H
2023-03-18,Chelsea,Everton,2,2,D,7,3,0,0,34,26,26,96,3,13.6,25,19,35,91,0,10.100000000000003,5,3,4,36,0,20,8,4,3,18,0,40,A
2023-03-19,Arsenal,Crystal Palace,4,1,H,5,4,0,0,60,56,23,137,0,24.5,26,20,31,80,3,7.400000000000004,5,6,10,20,0,20,8,10,6,24,0,40,H
2023-04-01,Man City,Liverpool,4,1,H,8,1,0,0,55,61,25,146,1,23.700000000000006,41,45,27,150,1,18.300000000000004,4,8,9,22,0,0,7,9,8,18,0,20,A
2023-04-01,Arsenal,Leeds,4,1,H,6,5,0,0,60,57,24,136,0,25.40000000000001,22,31,41,93,2,10.1,15,13,4,46,0,100,0,4,13,12,2,0,H
2023-04-01,Bournemouth,Fulham,2,1,H,7,2,0,0,21,23,50,82,0,8.600000000000001,37,36,35,104,1,14.500000000000002,4,5,2,11,0,50,1,2,5,5,1,0,A
2023-04-01,Brighton,Brentford,3,3,D,15,5,0,0,42,46,31,143,0,18.1,38,37,32,104,1,19.3,12,6,2,21,0,80,3,2,6,17,0,20,H
2023-04-01,Crystal Palace,Leicester,2,1,H,9,2,0,0,23,18,34,75,3,6.400000000000004,24,34,41,96,1,10.6,3,6,8,15,0,0,9,8,6,21,0,40,H
2023-04-01,Nottingham,Wolves,1,1,D,7,1,0,0,23,21,47,77,0,11.200000000000005,26,21,38,86,5,11.200000000000005,0,0,1,2,0,0,3,1,0,2,0,100,H
2023-04-01,Chelsea,Aston Villa,0,2,A,8,2,0,0,34,26,26,100,3,13.1,35,33,36,108,1,18.90000000000001,15,14,2,20,0,100,0,2,14,21,0,0,H
2023-04-02,West Ham,Southampton,1,0,H,2,3,0,0,24,24,32,94,0,9.7,19,18,39,97,0,9.4,3,5,7,20,2,0,9,7,5,26,0,40,H
2023-04-02,Newcastle,Man United,2,0,H,6,1,0,0,44,37,19,119,1,19.600000000000005,50,40,33,132,1,19.800000000000004,3,4,10,24,0,0,9,10,4,24,0,40,H
2023-04-03,Everton,Tottenham,1,1,D,6,2,1,1,25,20,36,86,0,10.400000000000002,42,45,37,133,2,16.900000000000006,2,0,12,4,2,0,11,12,0,21,0,60,A
2023-04-04,Bournemouth,Brighton,0,2,A,3,6,0,0,24,25,48,88,0,10.600000000000003,40,47,33,154,0,17.900000000000002,7,7,7,18,0,40,7,7,7,28,0,40,A
2023-04-04,Leeds,Nottingham,2,1,H,6,1,0,0,19,29,45,92,2,9.900000000000002,23,21,47,79,0,11.6,0,0,1,4,0,0,3,1,0,2,0,100,H
2023-04-04,Leicester,Aston Villa,1,2,A,4,5,1,0,24,34,41,97,1,9.2,38,34,33,105,1,20.300000000000008,5,6,6,19,0,20,8,6,6,18,0,40,H
2023-04-04,Chelsea,Liverpool,0,0,D,3,4,0,0,34,26,25,105,2,11.500000000000004,40,45,30,147,0,16.400000000000006,5,6,6,20,2,0,5,6,6,29,0,0,A
2023-04-05,Man United,Brentford,1,0,H,3,1,0,0,50,40,31,129,1,17.700000000000003,39,38,32,104,1,18.2,12,12,6,24,0,80,3,6,12,31,0,20,H
2023-04-05,West Ham,Newcastle,1,5,A,2,8,0,0,27,25,31,91,0,12.2,46,39,19,124,1,20.600000000000005,9,11,7,25,0,40,3,7,11,14,0,0,A
2023-04-08,Man United,Everton,2,0,H,11,1,0,0,50,39,30,128,1,18.40000000000001,25,20,36,85,1,10.100000000000003,5,4,5,24,0,20,8,5,4,12,0,40,H
2023-04-08,Aston Villa,Nottingham,2,0,H,3,2,0,0,41,36,33,107,1,21.4,23,22,47,79,0,10.2,1,1,1,2,0,0,1,1,1,3,0,0,H
2023-04-08,Brentford,Newcastle,1,2,A,6,4,0,0,38,37,32,100,1,16.700000000000006,48,41,17,126,1,21.700000000000006,2,7,15,13,2,0,11,15,7,46,0,60,A
2023-04-08,Fulham,West Ham,0,1,A,3,5,0,0,34,34,35,97,1,13.700000000000005,27,26,34,90,0,10.300000000000002,4,3,8,18,0,20,10,8,3,31,2,60,H
2023-04-08,Leicester,Bournemouth,0,1,A,4,7,0,0,24,34,41,96,2,8.200000000000001,24,25,41,89,0,9.500000000000002,5,7,8,23,1,20,8,8,7,18,0,40,H
2023-04-08,Tottenham,Brighton,2,1,H,3,4,0,0,40,44,38,128,3,16.300000000000004,42,49,33,153,0,19.0,9,5,2,17,0,60,6,2,5,14,0,40,H
2023-04-08,Wolves,Chelsea,1,0,H,4,1,0,0,26,21,38,83,5,11.600000000000003,32,24,24,105,1,11.300000000000002,4,4,7,12,0,0,7,7,4,21,0,20,H
2023-04-08,Southampton,Man City,1,4,A,1,8,0,0,19,18,39,95,0,7.9,57,62,23,144,1,24.800000000000004,4,2,6,10,0,0,7,6,2,20,0,20,A
2023-04-09,Leeds,Crystal Palace,1,5,A,7,8,0,0,22,31,45,96,2,11.8,26,18,31,82,3,8.700000000000003,8,3,2,14,0,40,5,2,3,21,0,20,H
2023-04-09,Liverpool,Arsenal,2,2,D,6,5,0,0,41,44,28,146,0,15.500000000000002,60,59,24,134,0,26.000000000000007,12,14,3,27,0,80,3,3,14,17,0,20,A
2023-04-15,Aston Villa,Newcastle,3,0,H,6,2,0,0,44,37,31,107,1,22.5,50,42,17,124,1,22.500000000000004,6,4,6,6,0,40,9,6,4,13,0,60,H
2023-04-15,Chelsea,Brighton,1,2,A,2,10,0,0,32,23,23,102,1,10.000000000000004,39,48,35,155,0,17.800000000000004,4,5,8,23,0,0,7,8,5,25,0,20,A
2023-04-15,Everton,Fulham,1,3,A,7,7,0,0,24,19,37,84,1,9.400000000000004,34,33,34,97,1,11.700000000000005,10,9,5,26,0,60,4,5,9,23,0,20,A
2023-04-15,Southampton,Crystal Palace,0,2,A,4,2,0,0,16,17,42,89,0,8.100000000000001,28,22,31,86,3,10.300000000000002,2,6,9,18,0,0,11,9,6,25,0,60,A
2023-04-15,Tottenham,Bournemouth,2,3,A,8,6,0,0,42,45,38,127,3,17.800000000000004,26,26,41,94,0,11.400000000000002,15,15,5,40,0,100,0,5,15,15,0,0,H
2023-04-15,Wolves,Brentford,2,0,H,9,3,0,0,28,22,38,83,5,13.1,37,37,33,103,1,14.800000000000004,7,5,7,8,1,40,7,7,5,11,2,40,A
2023-04-15,Man City,Leicester,3,1,H,4,4,0,0,57,62,22,147,1,25.1,24,34,41,98,2,6.8000000000000025,15,15,6,39,0,100,0,6,15,23,0,0,H
2023-04-16,West Ham,Arsenal,2,2,D,3,5,0,0,27,26,34,93,0,13.1,58,59,25,130,0,24.90000000000001,0,3,11,12,2,0,15,11,3,35,0,100,A
2023-04-16,Nottingham,Man United,0,2,A,0,8,0,0,23,22,43,80,0,9.300000000000002,50,40,30,133,1,20.20000000000001,0,0,3,3,0,0,3,3,0,8,0,100,A
2023-04-17,Leeds,Liverpool,1,6,A,3,7,0,0,21,31,49,98,2,11.2,39,37,30,140,0,15.000000000000004,3,2,19,18,2,20,12,19,2,58,0,80,A
2023-04-21,Arsenal,Southampton,3,3,D,6,6,0,0,59,60,24,132,0,22.90000000000001,16,17,43,92,0,6.900000000000001,7,7,3,25,0,40,7,3,7,21,0,40,H
2023-04-22,Fulham,Leeds,2,1,H,5,2,0,0,34,34,34,101,1,13.900000000000004,21,30,50,95,2,9.900000000000004,6,11,11,34,0,40,9,11,11,33,0,60,H
2023-04-22,Brentford,Aston Villa,1,1,D,5,2,0,0,34,32,33,98,1,13.800000000000002,46,39,30,112,1,23.5,8,6,8,15,0,40,5,8,6,31,0,20,A
2023-04-22,Crystal Palace,Everton,0,0,D,2,5,0,1,30,24,31,79,3,12.6,23,20,40,88,1,8.100000000000003,6,10,11,24,0,40,9,11,10,30,0,60,H
2023-04-22,Leicester,Wolves,2,1,H,8,3,0,0,24,33,39,98,2,5.800000000000003,28,23,38,90,5,15.900000000000002,9,8,4,28,0,60,6,4,8,17,0,40,A
2023-04-22,Liverpool,Nottingham,3,2,H,6,5,0,0,39,41,30,141,0,16.900000000000006,23,20,42,77,0,7.900000000000002,0,0,1,7,0,0,3,1,0,7,0,100,H
2023-04-23,Bournemouth,West Ham,0,4,A,5,10,0,0,26,26,41,97,0,14.000000000000002,27,27,35,92,0,12.7,5,5,10,18,0,20,8,10,5,26,0,40,H
2023-04-23,Newcastle,Tottenham,6,1,H,8,3,0,0,50,41,18,124,1,20.200000000000006,39,45,40,125,3,16.200000000000003,3,8,17,9,2,20,12,17,8,25,0,80,H
2023-04-25,Wolves,Crystal Palace,2,0,H,3,4,0,0,28,24,37,92,4,14.200000000000005,31,23,29,78,3,11.800000000000002,0,1,10,18,0,0,15,10,1,32,0,100,A
2023-04-25,Aston Villa,Fulham,1,0,H,3,0,0,0,44,39,31,111,1,23.000000000000004,37,35,33,103,1,15.200000000000005,6,7,8,23,1,40,9,8,7,36,0,60,H
2023-04-25,Leeds,Leicester,1,1,D,3,3,0,0,20,31,52,96,1,9.300000000000002,27,33,34,99,2,7.400000000000002,2,2,6,20,0,0,11,6,2,15,0,60,A
2023-04-26,Nottingham,Brighton,3,1,H,5,7,0,0,23,20,42,79,0,7.000000000000003,39,49,36,161,0,19.300000000000004,1,0,0,0,0,0,1,0,0,7,0,0,A
2023-04-26,Chelsea,Brentford,0,2,A,4,1,0,0,29,22,24,101,1,8.700000000000005,35,33,31,101,1,13.000000000000002,7,4,8,23,0,40,7,8,4,31,0,40,A
2023-04-26,West Ham,Liverpool,1,2,A,2,4,0,0,30,30,33,99,0,14.700000000000005,41,44,32,139,0,18.200000000000006,6,6,7,19,0,40,9,7,6,27,0,60,A
2023-04-26,Man City,Arsenal,4,1,H,9,2,0,0,57,59,23,142,1,26.600000000000005,57,60,27,131,0,21.700000000000003,15,17,3,30,0,100,0,3,17,5,4,0,H
2023-04-27,Everton,Newcastle,1,4,A,5,8,0,0,21,19,40,91,2,8.900000000000002,52,47,19,126,1,20.700000000000006,6,4,7,12,2,40,9,7,4,34,0,60,A
2023-04-27,Southampton,Bournemouth,0,1,A,2,2,0,0,17,20,45,97,0,7.500000000000001,25,25,44,99,0,12.900000000000004,8,5,5,23,0,40,5,5,5,20,0,20,A
2023-04-27,Tottenham,Man United,2,2,D,7,8,0,0,36,40,44,117,3,15.100000000000003,50,41,30,139,1,20.90000000000001,0,4,14,8,0,0,15,14,4,30,0,100,A
2023-04-29,Crystal Palace,West Ham,4,3,H,6,4,0,0,28,21,30,77,3,11.200000000000005,30,31,34,97,0,13.000000000000004,5,10,11,22,0,20,8,11,10,20,0,40,H
2023-04-29,Brentford,Nottingham,2,1,H,8,3,0,0,37,35,31,98,1,14.600000000000003,26,23,39,81,0,8.600000000000003,1,2,2,2,0,0,1,2,2,7,0,0,H
2023-04-29,Brighton,Wolves,6,0,H,8,2,0,0,39,49,37,164,0,17.800000000000004,31,26,35,91,4,16.1,9,9,4,30,0,60,6,4,9,17,1,40,H
2023-04-30,Bournemouth,Leeds,4,1,H,7,6,0,0,27,26,44,100,0,14.900000000000002,21,31,51,95,1,9.1,0,3,4,6,0,0,3,4,3,4,0,100,H
2023-04-30,Fulham,Man City,1,2,A,1,9,0,0,34,32,32,96,1,14.100000000000003,59,62,23,147,1,26.500000000000007,0,1,15,6,1,0,15,15,1,39,1,100,A
2023-04-30,Man United,Aston Villa,1,0,H,6,1,0,0,48,40,31,141,1,20.700000000000006,46,40,31,107,1,24.000000000000007,2,5,9,23,0,0,11,9,5,28,0,60,H
2023-04-30,Newcastle,Southampton,3,1,H,5,3,0,0,54,50,19,127,1,21.700000000000003,17,19,44,93,0,6.300000000000002,11,12,7,22,0,60,2,7,12,27,0,0,H
2023-04-30,Liverpool,Tottenham,4,3,H,4,7,0,0,43,43,30,136,0,19.500000000000004,37,41,43,121,2,14.200000000000005,7,8,7,24,2,20,4,7,8,21,0,0,H
2023-05-01,Leicester,Everton,2,2,D,6,8,0,0,25,30,35,95,2,8.000000000000004,18,18,43,91,2,8.3,5,6,6,32,0,20,8,6,6,16,0,40,H
2023-05-02,Arsenal,Chelsea,3,1,H,10,4,0,0,54,58,30,124,0,19.500000000000007,26,20,25,102,1,8.300000000000002,9,9,8,16,0,60,6,8,9,15,0,40,A
2023-05-03,Liverpool,Fulham,1,0,H,3,3,0,0,46,45,30,137,0,20.40000000000001,34,32,30,96,0,12.400000000000002,8,8,6,27,0,40,5,6,8,17,0,20,H
2023-05-03,Man City,West Ham,3,0,H,7,2,0,0,59,61,24,149,1,27.800000000000004,27,32,38,96,0,12.300000000000002,11,10,6,36,0,60,2,6,10,11,0,0,H
2023-05-04,Brighton,Man United,1,0,H,6,5,0,0,39,50,35,161,0,19.000000000000007,51,38,25,139,1,20.800000000000004,9,10,5,22,2,60,6,5,10,29,0,40,A
2023-05-06,Bournemouth,Chelsea,1,3,A,4,5,0,0,27,28,44,103,0,17.3,23,18,28,99,1,7.300000000000003,6,4,5,13,0,40,9,5,4,26,0,60,A
2023-05-06,Man City,Leeds,2,1,H,6,2,0,0,59,58,21,146,1,28.10000000000001,21,32,54,97,1,8.3,15,25,1,51,0,100,0,1,25,11,0,0,H
2023-05-06,Tottenham,Crystal Palace,1,0,H,3,2,0,0,34,43,47,125,2,13.100000000000003,30,25,33,82,3,12.800000000000004,9,10,6,20,2,60,6,6,10,12,2,40,H
2023-05-06,Wolves,Aston Villa,1,0,H,2,3,0,0,31,26,38,91,4,14.400000000000006,45,39,31,106,1,22.100000000000005,13,11,7,21,0,80,1,7,11,24,0,0,A
2023-05-06,Liverpool,Brentford,1,0,H,5,1,0,0,46,45,30,138,0,21.799999999999997,40,36,27,103,1,15.800000000000006,8,13,9,44,0,40,5,9,13,17,0,20,H
2023-05-07,Newcastle,Arsenal,0,2,A,5,6,0,0,54,49,19,122,1,22.4,54,58,29,127,0,20.5,7,4,4,19,0,40,7,4,4,20,0,40,H
2023-05-07,West Ham,Man United,1,0,H,4,4,0,0,24,29,40,90,0,11.500000000000002,48,36,25,140,1,19.500000000000007,0,2,7,15,0,0,15,7,2,29,0,100,A
2023-05-08,Fulham,Leicester,5,3,H,7,9,0,0,34,31,28,97,0,10.700000000000005,26,31,35,96,2,7.600000000000003,10,6,4,19,0,60,4,4,6,26,0,20,H
2023-05-08,Brighton,Everton,1,5,A,5,5,0,0,41,48,32,161,0,21.0,19,19,43,97,2,8.700000000000001,9,10,9,24,0,60,6,9,10,26,0,40,H
2023-05-08,Nottingham,Southampton,4,3,H,4,5,0,0,25,23,40,81,0,7.900000000000004,17,20,43,96,0,5.800000000000001,3,1,0,1,0,100,0,0,1,0,0,0,H
2023-05-13,Leeds,Newcastle,2,2,D,4,5,1,0,21,33,54,97,1,7.000000000000002,51,44,20,121,1,20.8,3,2,4,27,0,0,9,4,2,25,0,40,A
2023-05-13,Aston Villa,Tottenham,2,1,H,4,2,0,0,45,39,30,102,1,19.700000000000003,34,42,47,121,2,15.000000000000004,3,4,12,26,0,20,12,12,4,28,0,80,H
2023-05-13,Chelsea,Nottingham,2,2,D,6,2,0,0,23,19,29,100,1,10.200000000000005,28,27,42,83,0,9.300000000000002,1,1,1,2,0,0,1,1,1,5,0,0,H
2023-05-13,Crystal Palace,Bournemouth,2,0,H,5,0,0,0,27,23,33,80,3,12.300000000000004,26,27,45,101,0,16.300000000000004,8,8,6,24,1,40,5,6,8,20,0,20,H
2023-05-13,Man United,Wolves,2,0,H,9,0,0,0,47,36,26,142,1,16.800000000000004,31,26,38,91,4,16.6,9,3,2,16,0,60,6,2,3,27,0,40,H
2023-05-13,Southampton,Fulham,0,2,A,1,4,0,0,16,22,46,93,0,4.8000000000000025,36,34,29,100,0,12.200000000000005,7,9,6,25,0,40,7,6,9,15,0,40,A
2023-05-14,Brentford,West Ham,2,0,H,10,4,0,0,37,34,28,101,1,14.500000000000004,26,29,39,90,0,13.700000000000005,15,10,2,32,0,100,0,2,10,17,0,0,A
2023-05-14,Everton,Man City,0,3,A,3,4,0,0,22,24,42,102,2,10.500000000000004,59,56,22,144,1,29.40000000000001,1,1,9,7,0,0,13,9,1,33,0,80,A
2023-05-14,Arsenal,Brighton,0,3,A,2,6,0,0,54,59,29,129,0,21.600000000000005,41,49,36,162,0,18.40000000000001,5,6,6,19,0,20,8,6,6,15,0,40,H
2023-05-15,Leicester,Liverpool,0,3,A,4,5,0,0,25,34,40,100,2,6.7,46,45,30,136,0,23.299999999999997,6,3,6,6,0,40,9,6,3,35,0,60,A
2023-05-18,Newcastle,Brighton,4,1,H,9,2,0,0,51,46,22,124,1,19.1,44,52,34,161,0,19.90000000000001,9,6,4,11,0,40,3,4,6,25,2,0,H
2023-05-20,Tottenham,Brentford,1,3,A,8,4,0,0,34,43,47,121,2,13.600000000000003,39,36,28,106,1,15.9,9,6,2,20,0,40,3,2,6,13,0,0,H
2023-05-20,Bournemouth,Man United,0,1,A,4,5,0,0,26,27,46,98,0,14.900000000000002,47,36,26,141,1,18.6,3,2,8,26,0,20,12,8,2,24,0,80,A
2023-05-20,Fulham,Crystal Palace,2,2,D,4,5,0,0,36,33,29,96,0,14.200000000000005,30,25,30,83,3,13.7,5,6,6,29,1,20,8,6,6,25,2,40,H
2023-05-20,Liverpool,Aston Villa,1,1,D,5,3,0,0,49,48,29,134,0,24.1,48,41,28,100,0,20.6,15,9,3,31,0,100,0,3,9,14,0,0,H
2023-05-20,Wolves,Everton,1,1,D,5,4,0,0,31,25,38,87,4,15.2,22,24,44,105,2,9.800000000000002,15,8,3,18,0,100,0,3,8,20,2,0,H
2023-05-20,Nottingham,Arsenal,1,0,H,2,3,0,0,28,29,44,85,0,9.6,53,58,31,128,0,19.200000000000003,0,0,5,2,0,0,3,5,0,10,0,100,A
2023-05-21,West Ham,Leeds,3,1,H,9,3,0,0,26,29,40,91,0,12.400000000000004,22,33,53,96,2,7.2,7,10,10,26,0,40,7,10,10,26,0,40,H
2023-05-21,Brighton,Southampton,3,1,H,8,1,0,0,43,53,38,156,0,17.500000000000004,13,21,48,91,0,5.000000000000002,7,9,7,22,0,20,4,7,9,22,0,0,H
2023-05-21,Man City,Chelsea,1,0,H,2,6,0,0,62,59,21,142,1,29.10000000000001,23,21,31,101,1,10.100000000000003,15,5,0,23,0,100,0,0,5,4,0,0,H
2023-05-22,Newcastle,Leicester,0,0,D,4,1,0,0,51,49,23,129,1,20.60000000000001,22,32,43,103,2,5.900000000000002,9,7,10,25,0,60,6,10,7,16,0,40,H
2023-05-24,Brighton,Man City,1,1,D,7,4,0,0,46,55,36,162,0,18.800000000000004,62,57,20,140,1,30.10000000000001,0,3,17,14,0,0,15,17,3,42,0,100,A
2023-05-25,Man United,Chelsea,4,1,H,9,5,0,0,49,36,25,140,1,19.200000000000003,22,20,31,105,1,9.4,5,5,5,16,0,0,5,5,5,26,0,0,H
2023-05-28,Arsenal,Wolves,5,0,H,8,0,0,0,50,53,32,121,0,17.1,32,26,35,87,4,14.500000000000002,15,8,2,18,2,100,0,2,8,14,0,0,H
2023-05-28,Aston Villa,Brighton,2,1,H,5,4,0,0,46,38,29,92,0,19.800000000000004,44,52,36,160,0,17.800000000000004,15,10,1,20,0,100,0,1,10,8,0,0,A
2023-05-28,Brentford,Man City,1,0,H,4,3,0,0,42,39,25,107,1,17.1,60,57,21,139,1,28.40000000000001,3,2,7,16,0,20,12,7,2,26,0,80,A
2023-05-28,Chelsea,Newcastle,1,1,D,5,4,0,0,22,20,31,103,1,8.100000000000003,49,47,22,128,1,19.5,12,8,1,20,0,80,3,1,8,9,0,20,A
2023-05-28,Crystal Palace,Nottingham,1,1,D,4,4,0,0,28,26,32,85,3,14.2,28,29,44,80,0,11.400000000000004,0,0,1,0,0,0,3,1,0,2,0,100,H
2023-05-28,Everton,Bournemouth,1,0,H,6,2,0,0,20,22,45,103,2,9.9,26,27,45,99,0,13.700000000000005,4,6,11,16,1,20,10,11,6,31,1,60,A
2023-05-28,Leeds,Tottenham,1,4,A,2,7,0,0,19,32,55,93,2,6.500000000000003,34,43,48,124,2,11.600000000000003,0,5,16,25,1,0,15,16,5,38,0,100,A
2023-05-28,Leicester,West Ham,2,1,H,4,3,0,0,20,28,43,100,2,6.700000000000002,26,30,41,96,0,14.7,5,8,12,12,2,20,8,12,8,26,0,40,H
2023-05-28,Man United,Fulham,2,1,H,8,3,0,0,49,39,26,146,1,20.800000000000004,34,32,29,95,0,14.100000000000003,11,11,6,40,0,60,2,6,11,24,1,0,H
2023-05-28,Southampton,Liverpool,4,4,D,10,8,0,0,12,21,50,89,0,4.300000000000002,50,48,28,129,0,22.70000000000001,0,3,15,15,0,0,15,15,3,29,0,100,A
