Date,HomeTeam,AwayTeam,FTHG,FTAG,FTR,HST,AST,HR,AR,HomeTeamPointLast10,HomeTeamGoalScoredLast10,HomeTeamGoalConcededLast10,HomeTeamShotTargetLast10,HomeTeamRedLast10,HomeTeamRatingLast10,AwayTeamPointLast10,AwayTeamGoalScoredLast10,AwayTeamGoalConcededLast10,AwayTeamShotTargetLast10,AwayTeamRedLast10,AwayTeamRatingLast10,HomeTeamPointH2HLast10,HomeTeamGoalScoredH2HLast10,HomeTeamGoalConcededH2HLast10,HomeTeamShotTargetH2HLast10,HomeTeamRedH2HLast10,HomeTeamWin%H2HLast10,AwayTeamPointH2HLast10,AwayTeamGoalScoredH2HLast10,AwayTeamGoalConcededH2HLast10,AwayTeamShotTargetH2HLast10,AwayTeamRedH2HLast10,AwayTeamWin%H2HLast10,FTR_Prediction
2022-08-05,Crystal Palace,Arsenal,0,2,A,2,2,0,0,15,11,8,42,0,12.2,15,17,17,55,1,12.6,12,17,16,45,0,20.0,12,16,17,47,1,20.0,H
2022-08-06,Fulham,Liverpool,2,2,D,3,4,0,0,2,5,20,31,0,1.8,26,21,6,51,0,20.8,10,9,22,53,0,30.0,19,22,9,84,1,60.0,A
2022-08-06,Bournemouth,Aston Villa,2,0,H,3,2,0,0,10,8,16,25,2,8.200000000000001,9,11,15,49,0,7.400000000000001,9,6,4,15,1,75.0,3,4,6,16,0,25.0,H
2022-08-06,Leeds,Wolves,2,1,H,4,6,0,0,15,13,15,38,2,11.2,8,10,20,39,1,5.800000000000001,11,13,12,41,1,37.5,11,12,13,41,2,37.5,H
2022-08-06,Newcastle,Nottingham,2,0,H,10,0,0,0,18,12,14,44,0,15.0,0,0,0,0,0,0.0,0,0,0,0,0,0.0,0,0,0,0,0,0.0,H
2022-08-06,Tottenham,Southampton,4,1,H,8,2,0,0,23,25,5,52,0,18.5,5,8,24,36,0,3.5000000000000004,15,19,15,56,1,40.0,12,15,19,54,2,30.0,H
2022-08-06,Everton,Chelsea,0,1,A,4,6,0,0,14,13,17,37,2,11.2,15,19,14,65,0,12.3,16,8,7,27,0,40.0,10,7,8,65,0,20.0,A
2022-08-07,Leicester,Brentford,2,2,D,5,3,0,0,15,19,12,43,0,12.6,19,18,11,51,1,14.9,12,8,4,20,0,100.0,0,4,8,22,0,0.0,A
2022-08-07,Man United,Brighton,1,2,A,5,4,0,0,11,12,19,47,0,8.100000000000001,18,16,10,46,0,15.0,18,15,16,55,0,60.0,12,16,15,37,2,40.0,H
2022-08-07,West Ham,Man City,0,2,A,1,2,0,0,11,14,16,33,1,8.4,24,31,8,61,0,19.4,3,9,26,20,0,0.0,24,26,9,73,0,70.0,A
2022-08-13,Aston Villa,Everton,2,1,H,4,4,0,0,9,11,16,50,0,7.000000000000001,14,11,15,37,2,10.4,22,16,10,34,0,70.0,7,10,16,34,0,20.0,H
2022-08-13,Arsenal,Leicester,4,2,H,7,2,0,0,18,19,14,54,1,15.0,13,19,13,45,0,11.3,21,19,11,58,1,70.0,9,11,19,49,0,30.0,H
2022-08-13,Brighton,Newcastle,0,0,D,7,1,0,0,21,18,9,50,0,17.300000000000004,21,14,13,48,0,17.099999999999998,16,12,6,41,3,40.0,10,6,12,28,0,20.0,H
2022-08-13,Man City,Bournemouth,4,0,H,7,1,0,0,26,33,8,59,0,21.000000000000007,10,9,16,26,2,9.0,24,27,4,59,2,100.0,0,4,27,18,0,0.0,H
2022-08-13,Southampton,Leeds,2,2,D,4,5,0,0,5,8,26,31,0,3.5000000000000004,15,13,15,35,2,12.1,16,10,11,55,0,40.0,10,11,10,46,1,20.0,A
2022-08-13,Wolves,Fulham,0,0,D,1,3,0,0,5,10,22,42,1,3.5000000000000004,3,7,19,34,0,2.6,18,10,10,44,1,50.0,9,10,10,53,0,20.0,H
2022-08-13,Brentford,Man United,4,0,H,7,4,0,0,17,18,13,50,1,13.2,8,10,19,46,0,6.199999999999999,0,2,12,24,0,0.0,12,12,2,20,0,100.0,H
2022-08-14,Nottingham,West Ham,1,0,H,6,5,0,0,0,0,2,0,0,0.0,8,12,17,30,1,6.1,0,0,0,0,0,0.0,0,0,0,0,0,0.0,A
2022-08-14,Chelsea,Tottenham,2,2,D,3,5,0,0,18,19,10,63,0,15.000000000000002,23,26,5,56,0,18.9,22,17,7,50,0,70.0,7,7,17,36,1,20.0,H
2022-08-15,Liverpool,Crystal Palace,1,1,D,4,3,1,0,24,21,8,52,0,19.200000000000003,14,11,10,43,0,11.2,30,28,4,76,0,100.0,0,4,28,33,1,0.0,H
2022-08-20,Tottenham,Wolves,1,0,H,4,3,0,0,21,23,6,55,0,17.2,6,8,19,35,0,4.5,20,13,9,76,0,60.0,8,9,13,56,0,20.0,H
2022-08-20,Crystal Palace,Aston Villa,3,1,H,9,5,0,0,12,9,11,41,0,9.7,12,12,15,49,0,9.5,12,10,13,40,0,30.0,15,13,10,39,2,40.0,A
2022-08-20,Everton,Nottingham,1,1,D,8,5,0,0,11,11,17,38,2,8.299999999999999,3,1,2,6,0,3.0,0,0,0,0,0,0.0,0,0,0,0,0,0.0,H
2022-08-20,Fulham,Brentford,3,2,H,9,5,0,0,4,6,17,31,0,3.6,20,21,11,51,1,15.500000000000002,0,0,0,0,0,0.0,0,0,0,0,0,0.0,A
2022-08-20,Leicester,Southampton,1,2,A,1,3,0,0,13,20,15,45,0,10.6,5,9,27,29,0,3.5000000000000004,19,27,10,66,0,50.0,7,10,27,44,3,10.0,H
2022-08-20,Bournemouth,Arsenal,0,3,A,1,6,0,0,10,9,19,27,2,8.700000000000001,21,22,14,57,1,17.099999999999998,5,8,18,33,1,11.11111111111111,20,18,8,37,0,66.66666666666666,A
2022-08-21,Leeds,Chelsea,3,0,H,6,3,0,1,13,12,15,34,2,10.7,16,15,12,52,0,13.3,5,10,20,30,2,10.0,23,20,10,69,0,70.0,A
2022-08-21,West Ham,Brighton,0,2,A,3,2,0,0,8,11,15,34,1,5.800000000000001,21,18,9,53,0,16.7,6,12,19,37,0,0.0,18,19,12,45,0,40.0,A
2022-08-21,Newcastle,Man City,3,3,D,6,10,0,0,22,13,8,48,0,17.2,26,35,8,60,0,21.000000000000004,1,7,32,26,0,0.0,28,32,7,76,0,90.0,A
2022-08-22,Man United,Liverpool,2,1,H,4,5,0,0,7,9,22,45,0,5.0,22,20,9,53,1,17.200000000000003,6,5,26,26,2,10.0,21,26,5,53,0,60.0,A
2022-08-27,Southampton,Man United,0,1,A,5,6,0,0,8,11,22,31,0,6.5,10,11,22,45,0,7.9,7,9,20,35,3,0.0,16,20,9,64,0,30.0,A
2022-08-27,Brentford,Everton,1,1,D,5,7,0,0,17,19,13,50,1,13.000000000000002,11,11,17,43,2,8.000000000000002,12,8,4,22,0,100.0,0,4,8,20,4,0.0,H
2022-08-27,Brighton,Leeds,1,0,H,4,2,0,0,21,18,8,52,0,17.2,15,14,14,37,2,12.6,10,5,2,27,0,33.33333333333333,4,2,5,22,0,0.0,H
2022-08-27,Chelsea,Leicester,2,1,H,3,5,1,0,16,13,11,53,1,12.7,12,20,16,43,0,9.5,17,15,9,60,0,40.0,8,9,15,27,1,10.0,H
2022-08-27,Liverpool,Bournemouth,9,0,H,12,2,0,0,21,19,9,54,1,15.8,9,8,21,24,2,7.500000000000001,19,22,7,46,0,75.0,4,7,22,22,0,12.5,H
2022-08-27,Man City,Crystal Palace,4,2,H,5,2,0,0,26,36,9,65,0,20.4,15,11,10,47,0,12.3,16,15,6,52,2,40.0,10,6,15,18,0,20.0,H
2022-08-27,Arsenal,Fulham,2,1,H,8,3,0,0,24,25,13,57,1,19.2,7,8,16,33,0,6.300000000000001,19,22,11,77,2,50.0,7,11,22,46,2,10.0,H
2022-08-28,Aston Villa,West Ham,0,1,A,3,2,0,0,12,13,14,46,0,9.1,5,9,16,32,1,3.8,5,8,20,48,3,10.0,23,20,8,50,1,70.0,H
2022-08-28,Wolves,Newcastle,1,1,D,4,6,0,0,3,6,19,33,0,2.5,20,15,11,50,0,15.500000000000002,14,12,11,38,0,30.0,11,11,12,36,2,20.0,A
2022-08-28,Nottingham,Tottenham,0,2,A,1,7,0,0,4,2,3,11,0,4.0,21,20,6,54,0,17.6,0,0,0,0,0,0.0,0,0,0,0,0,0.0,A
2022-08-30,Crystal Palace,Brentford,1,1,D,4,3,0,0,15,13,13,47,0,11.500000000000002,15,18,14,48,1,11.500000000000002,4,0,0,10,0,0.0,4,0,0,10,0,0.0,H
2022-08-30,Fulham,Brighton,2,1,H,3,4,0,0,7,9,17,33,0,6.199999999999999,21,18,8,51,0,17.600000000000005,3,2,2,12,0,0.0,3,2,2,14,0,0.0,A
2022-08-30,Southampton,Chelsea,2,1,H,7,4,0,0,5,10,23,33,0,4.5,16,14,12,51,2,13.2,5,11,32,32,2,10.0,23,32,11,75,0,70.0,A
2022-08-30,Leeds,Everton,1,1,D,5,2,0,0,12,11,15,34,2,10.4,12,12,16,49,2,8.700000000000001,6,7,20,38,0,10.0,21,20,7,75,0,60.0,A
2022-08-31,Arsenal,Aston Villa,2,1,H,9,3,0,0,24,23,12,61,1,19.5,11,13,15,46,0,7.800000000000001,24,22,8,54,1,80.0,6,8,22,39,0,20.0,H
2022-08-31,Bournemouth,Wolves,0,0,D,2,4,0,0,9,8,28,24,2,7.200000000000001,4,7,19,35,0,3.4000000000000004,0,1,2,2,1,0.0,3,2,1,7,0,100.0,H
2022-08-31,Man City,Nottingham,6,0,H,9,1,0,0,26,37,11,65,0,20.4,4,2,5,12,0,3.7,0,0,0,0,0,0.0,0,0,0,0,0,0.0,H
2022-08-31,West Ham,Tottenham,1,1,D,4,4,0,0,8,10,14,33,1,6.5,24,22,5,61,0,19.600000000000005,11,14,18,31,0,30.0,17,18,14,47,1,50.0,A
2022-08-31,Liverpool,Newcastle,2,1,H,6,2,0,0,21,24,9,61,1,16.0,18,14,11,49,0,14.000000000000002,22,17,7,67,0,60.0,4,7,17,25,0,0.0,H
2022-09-01,Leicester,Man United,0,1,A,2,2,0,0,11,21,18,46,0,8.3,10,9,20,42,0,8.799999999999999,13,17,16,47,1,30.0,13,16,17,51,0,30.0,H
2022-09-03,Everton,Liverpool,0,0,D,3,8,0,0,10,12,17,47,2,7.4,21,24,10,63,1,16.7,6,9,21,27,1,10.0,21,21,9,50,0,60.0,A
2022-09-03,Brentford,Leeds,5,2,H,8,6,0,0,13,17,14,46,1,10.3,12,12,16,37,2,10.1,2,6,8,16,2,0.0,8,8,6,24,0,50.0,H
2022-09-03,Chelsea,West Ham,2,1,H,3,3,0,0,15,14,13,49,2,12.1,8,10,14,29,1,6.800000000000001,14,11,9,57,0,40.0,14,9,11,25,3,40.0,H
2022-09-03,Newcastle,Crystal Palace,0,0,D,6,9,0,0,15,14,13,47,0,11.500000000000002,15,14,14,44,0,11.300000000000002,19,10,5,41,0,50.0,7,5,10,30,0,10.0,H
2022-09-03,Nottingham,Bournemouth,2,3,A,3,3,0,0,4,2,11,13,0,3.6,10,8,24,24,2,7.6,0,0,0,0,0,0.0,0,0,0,0,0,0.0,A
2022-09-03,Tottenham,Fulham,2,1,H,10,3,0,0,24,23,6,65,0,19.000000000000004,9,10,17,35,0,8.1,25,19,6,67,0,80.0,4,6,19,55,0,10.0,H
2022-09-03,Wolves,Southampton,1,0,H,2,1,0,0,5,7,18,35,0,4.2,8,12,22,37,0,7.200000000000001,23,18,11,43,0,70.0,5,11,18,63,0,10.0,H
2022-09-03,Aston Villa,Man City,1,1,D,1,4,0,0,8,12,17,43,0,5.9,26,38,10,66,0,20.800000000000004,1,8,27,24,1,0.0,28,27,8,69,2,90.0,A
2022-09-04,Brighton,Leicester,5,2,H,11,4,0,0,21,19,7,54,0,16.6,11,20,16,46,0,7.800000000000001,9,8,16,34,0,20.0,18,16,8,46,2,50.0,H
2022-09-04,Man United,Arsenal,3,1,H,6,3,0,0,13,10,16,43,0,11.4,24,22,12,63,1,19.8,12,13,17,53,0,30.0,15,17,13,51,0,40.0,A
2022-09-16,Aston Villa,Southampton,1,0,H,3,1,0,0,6,10,17,37,0,4.700000000000001,7,10,21,33,0,6.5,10,17,20,57,0,30.0,19,20,17,48,0,60.0,H
2022-09-16,Nottingham,Fulham,2,3,A,3,7,0,0,4,4,14,16,0,3.3000000000000003,9,11,17,35,0,8.0,0,0,0,0,0,0.0,0,0,0,0,0,0.0,H
2022-09-17,Wolves,Man City,0,3,A,1,7,1,0,8,8,15,36,0,7.0,24,35,11,64,0,18.8,7,10,24,26,2,20.0,22,24,10,69,1,70.0,A
2022-09-17,Newcastle,Bournemouth,1,1,D,7,3,0,0,13,11,13,46,0,10.2,13,11,23,26,2,10.3,10,8,8,27,0,50.0,7,8,8,28,0,33.33333333333333,H
2022-09-17,Tottenham,Leicester,6,2,H,11,7,0,0,24,22,6,68,0,19.200000000000003,11,21,19,41,0,7.200000000000001,21,25,18,59,0,70.0,9,18,25,45,0,30.0,H
2022-09-18,Brentford,Arsenal,0,3,A,2,7,0,0,15,22,16,52,1,12.000000000000002,21,21,14,59,1,17.1,6,6,4,10,0,50.0,6,4,6,24,0,50.0,H
2022-09-18,Everton,West Ham,1,0,H,2,4,0,0,8,10,16,46,2,6.5,8,11,15,30,0,6.200000000000001,7,8,14,37,2,20.0,22,14,8,41,0,70.0,H
2022-10-01,Arsenal,Tottenham,3,1,H,9,3,0,1,21,22,13,57,1,17.400000000000002,26,27,7,76,0,20.600000000000005,16,16,16,48,2,50.0,13,16,16,51,2,40.0,A
2022-10-01,Bournemouth,Brentford,0,0,D,1,4,0,0,14,12,23,26,1,10.6,15,22,16,50,1,11.500000000000002,0,0,0,0,0,0.0,0,0,0,0,0,0.0,H
2022-10-01,Crystal Palace,Chelsea,1,2,A,3,3,0,0,13,12,13,48,0,10.0,18,16,13,47,2,14.1,3,5,24,13,0,10.0,27,24,5,61,0,90.0,A
2022-10-01,Fulham,Newcastle,1,4,A,1,10,1,0,12,14,17,39,0,10.2,14,12,13,51,0,10.5,14,11,10,52,1,40.0,14,10,11,72,0,40.0,A
2022-10-01,Liverpool,Brighton,3,3,D,7,6,0,0,19,23,10,61,1,14.9,23,22,7,60,0,18.0,21,21,8,59,1,60.0,6,8,21,35,0,10.0,H
2022-10-01,Southampton,Everton,1,2,A,6,5,0,0,7,9,20,31,0,5.9,10,11,16,43,2,8.4,13,15,13,52,1,40.0,16,13,15,32,1,50.0,H
2022-10-01,West Ham,Wolves,2,0,H,5,4,0,0,8,10,14,31,0,6.0,7,6,16,33,1,6.199999999999999,16,12,8,46,0,50.0,13,8,12,47,0,40.0,H
2022-10-02,Man City,Man United,6,3,H,10,8,0,0,24,33,11,62,0,19.200000000000003,16,12,14,44,0,13.8,19,20,11,61,0,60.0,10,11,20,31,0,30.0,H
2022-10-02,Leeds,Aston Villa,0,0,D,1,7,1,0,12,14,17,41,2,9.7,9,10,15,36,0,7.6,10,12,16,45,0,20.0,16,16,12,56,2,40.0,H
2022-10-03,Leicester,Nottingham,4,0,H,7,3,0,0,8,20,25,40,0,5.200000000000001,4,6,17,19,0,3.2,0,0,0,0,0,0.0,0,0,0,0,0,0.0,H
2022-10-08,Bournemouth,Leicester,2,1,H,4,5,0,0,12,9,22,24,1,9.500000000000002,8,19,24,40,0,6.1,11,9,8,23,1,25.0,8,8,9,31,1,12.5,H
2022-10-08,Chelsea,Wolves,3,0,H,7,2,0,0,20,16,12,44,2,16.099999999999998,7,5,13,34,1,5.700000000000001,14,16,11,52,0,30.0,11,11,16,27,0,20.0,H
2022-10-08,Man City,Southampton,4,0,H,8,0,0,0,24,34,13,67,0,19.40000000000001,7,10,19,33,0,5.800000000000001,22,19,7,53,0,60.0,4,7,19,33,0,0.0,H
2022-10-08,Newcastle,Brentford,5,1,H,6,3,0,0,17,16,9,58,0,12.900000000000002,13,19,16,49,1,10.0,8,10,6,40,0,50.0,2,6,10,10,2,0.0,H
2022-10-08,Brighton,Tottenham,0,1,A,4,3,0,0,21,22,10,57,0,16.5,23,25,10,73,1,17.8,13,10,11,37,0,40.0,16,11,10,42,0,50.0,A
2022-10-09,Crystal Palace,Leeds,2,1,H,5,4,0,0,10,12,15,44,0,7.800000000000001,13,13,15,40,2,9.9,5,4,5,25,0,16.666666666666664,11,5,4,20,0,50.0,H
2022-10-09,West Ham,Fulham,3,1,H,8,2,0,0,8,8,14,31,0,6.9,12,14,18,37,1,10.1,15,17,12,66,2,40.0,12,12,17,55,1,30.0,A
2022-10-09,Arsenal,Liverpool,3,2,H,7,3,0,0,24,25,11,62,0,19.5,19,25,12,65,1,14.6,2,6,29,26,0,0.0,26,29,6,67,0,80.0,H
2022-10-09,Everton,Man United,1,2,A,2,4,0,0,13,11,14,43,0,11.200000000000005,15,14,19,49,0,12.6,10,10,17,26,0,20.0,16,17,10,61,0,40.0,H
2022-10-10,Nottingham,Aston Villa,1,1,D,3,2,0,0,4,6,21,22,0,2.9000000000000004,9,9,14,39,0,7.6,0,0,0,0,0,0.0,0,0,0,0,0,0.0,H
2022-10-14,Brentford,Brighton,2,0,H,3,7,0,0,10,17,19,45,1,8.0,18,18,11,55,0,13.7,0,0,6,14,0,0.0,12,6,0,14,0,100.0,A
2022-10-15,Leicester,Crystal Palace,0,0,D,5,1,0,0,7,19,25,44,0,5.4,12,13,15,45,0,9.7,16,15,18,34,2,40.0,10,18,15,39,0,20.0,A
2022-10-15,Fulham,Bournemouth,2,2,D,4,6,0,0,11,14,20,34,1,8.500000000000002,12,9,22,22,0,10.2,0,0,3,1,1,0.0,3,3,0,5,0,100.0,H
2022-10-15,Wolves,Nottingham,1,0,H,2,2,0,0,6,4,15,32,1,5.0,5,7,22,25,0,3.8,0,0,0,0,0,0.0,0,0,0,0,0,0.0,H
2022-10-15,Tottenham,Everton,2,0,H,7,0,0,0,23,25,10,68,1,18.0,10,9,14,39,0,8.9,19,23,6,47,1,50.0,7,6,23,23,2,10.0,H
2022-10-16,Aston Villa,Chelsea,0,2,A,7,4,0,0,9,9,14,32,0,7.700000000000001,20,16,12,47,2,16.3,4,7,24,28,1,10.0,25,24,7,53,1,80.0,A
2022-10-16,Leeds,Arsenal,0,1,A,4,4,0,0,13,14,14,44,1,9.500000000000002,27,28,11,67,0,21.3,4,11,31,33,2,10.0,25,31,11,89,1,80.0,A
2022-10-16,Man United,Newcastle,0,0,D,2,2,0,0,15,13,20,48,0,13.2,17,19,10,60,0,13.6,20,24,11,72,0,60.0,8,11,24,47,0,20.0,H
2022-10-16,Southampton,West Ham,1,1,D,8,4,0,0,7,9,21,31,0,5.2,10,9,13,37,0,9.2,12,10,16,40,0,30.0,15,16,10,47,3,40.0,H
2022-10-16,Liverpool,Man City,1,0,H,2,6,0,0,16,25,14,62,1,12.000000000000002,26,36,11,67,0,20.8,12,17,22,39,1,20.0,12,22,17,39,0,20.0,A
2022-10-18,Brighton,Nottingham,0,0,D,7,0,0,0,17,17,12,56,0,12.4,5,7,23,27,0,3.5000000000000004,0,0,0,0,0,0.0,0,0,0,0,0,0.0,H
2022-10-18,Crystal Palace,Wolves,2,1,H,4,4,0,0,13,11,12,41,0,10.3,9,4,12,29,1,7.5,16,10,4,40,1,62.5,7,4,10,29,1,25.0,H
2022-10-19,Bournemouth,Southampton,0,1,A,3,3,0,0,13,10,22,26,0,10.800000000000002,8,9,18,37,0,6.1,9,8,9,31,0,25.0,12,9,8,35,1,37.5,H
2022-10-19,Brentford,Chelsea,0,0,D,5,5,0,0,13,18,17,43,0,10.2,22,17,11,44,2,18.1,6,8,4,26,0,50.0,6,4,8,18,0,50.0,A
2022-10-19,Liverpool,West Ham,1,0,H,7,3,0,0,16,24,13,59,1,12.7,11,9,11,39,0,9.6,24,25,10,62,0,80.0,6,10,25,32,0,20.0,H
2022-10-19,Newcastle,Everton,1,0,H,4,0,0,0,15,17,9,56,0,12.2,10,8,11,37,0,8.4,14,14,11,51,0,40.0,14,11,14,40,2,40.0,H
2022-10-19,Man United,Tottenham,2,0,H,10,2,0,0,16,13,16,45,0,13.6,23,22,10,62,1,18.500000000000004,21,19,17,47,1,70.0,9,17,19,37,0,30.0,H
2022-10-20,Fulham,Aston Villa,3,0,H,8,6,0,1,12,16,20,38,1,9.4,9,7,13,37,0,7.199999999999999,13,10,12,68,0,30.0,13,12,10,50,0,30.0,H
2022-10-20,Leicester,Leeds,2,0,H,1,2,0,0,5,15,24,43,0,4.300000000000001,12,13,14,43,1,8.100000000000001,15,17,13,59,0,40.0,12,13,17,56,1,30.0,A
2022-10-22,Nottingham,Liverpool,1,0,H,7,7,0,0,6,7,21,27,0,4.300000000000001,16,22,12,58,1,13.4,0,0,0,0,0,0.0,0,0,0,0,0,0.0,A
2022-10-22,Everton,Crystal Palace,3,0,H,6,2,0,0,10,8,11,33,0,7.9,13,12,13,42,0,11.0,20,19,14,56,1,60.0,8,14,19,40,0,20.0,A
2022-10-22,Man City,Brighton,3,1,H,4,2,0,0,23,33,10,68,0,18.0,15,14,11,56,0,10.9,27,28,6,73,1,90.0,3,6,28,27,0,10.0,H
2022-10-22,Chelsea,Man United,1,1,D,2,6,0,0,20,15,10,41,2,16.3,19,15,15,51,0,15.7,7,7,14,52,0,0.0,16,14,7,35,0,30.0,A
2022-10-23,Aston Villa,Brentford,4,0,H,11,3,0,0,9,7,14,41,1,6.800000000000001,13,16,15,45,0,10.5,2,4,6,20,0,0.0,8,6,4,12,0,50.0,H
2022-10-23,Leeds,Fulham,2,3,A,5,5,0,0,9,11,15,39,1,6.200000000000001,14,17,18,43,1,10.9,13,11,10,48,0,50.0,10,10,11,43,0,37.5,A
2022-10-23,Southampton,Arsenal,1,1,D,3,3,0,0,11,9,14,38,0,8.5,27,24,10,62,0,21.6,9,9,18,46,1,20.0,18,18,9,53,2,50.0,A
2022-10-23,Wolves,Leicester,0,4,A,5,4,0,0,9,4,12,27,1,7.4,7,15,22,39,0,6.7,10,4,7,26,0,20.0,16,7,4,42,2,40.0,H
2022-10-23,Tottenham,Newcastle,1,2,A,5,5,0,0,20,18,11,56,1,15.7,15,16,9,50,0,12.9,23,24,11,57,0,70.0,5,11,24,22,3,10.0,H
2022-10-24,West Ham,Bournemouth,2,0,H,4,3,0,0,11,9,10,41,0,9.2,10,8,23,26,0,8.5,12,20,16,45,1,33.33333333333333,12,16,20,50,1,33.33333333333333,H
2022-10-29,Leicester,Man City,0,1,A,5,5,0,0,10,17,18,41,0,9.3,23,34,11,70,0,18.200000000000003,3,14,30,35,0,10.0,27,30,14,75,0,90.0,A
2022-10-29,Bournemouth,Tottenham,2,3,A,4,7,0,0,10,8,21,28,0,8.0,19,17,11,56,1,14.2,1,4,20,15,0,0.0,19,20,4,54,0,85.71428571428571,A
2022-10-29,Brentford,Wolves,1,1,D,3,4,0,1,10,12,19,41,0,7.9,8,4,16,31,1,6.100000000000001,6,6,4,8,2,50.0,6,4,6,4,0,50.0,H
2022-10-29,Brighton,Chelsea,4,1,H,9,7,0,0,12,13,13,54,0,8.700000000000001,18,15,11,37,2,14.9,6,6,16,31,1,0.0,18,16,6,58,0,40.0,A
2022-10-29,Crystal Palace,Southampton,1,0,H,3,4,0,0,13,12,14,42,0,10.5,11,8,13,37,0,8.8,15,13,15,41,0,40.0,12,15,13,45,0,30.0,H
2022-10-29,Newcastle,Aston Villa,4,0,H,7,0,0,0,17,18,10,54,0,14.7,9,9,13,48,1,7.800000000000001,12,5,10,27,0,30.0,15,10,5,35,0,40.0,H
2022-10-29,Fulham,Everton,0,0,D,6,4,0,0,16,20,20,45,1,13.2,13,10,9,35,0,10.4,4,10,25,46,0,10.0,25,25,10,80,0,80.0,H
2022-10-29,Liverpool,Leeds,1,2,A,10,6,0,0,15,20,11,61,1,12.1,6,11,17,40,1,3.9,26,32,8,100,0,80.0,2,8,32,42,2,0.0,H
2022-10-30,Arsenal,Nottingham,5,0,H,10,2,0,0,25,23,11,63,0,19.6,6,7,21,28,0,5.5,0,0,0,0,0,0.0,0,0,0,0,0,0.0,H
2022-10-30,Man United,West Ham,1,0,H,3,5,0,0,20,15,14,52,0,16.0,14,11,9,40,0,11.5,22,15,8,55,0,70.0,7,8,15,28,0,20.0,H
2022-11-05,Leeds,Bournemouth,4,3,H,4,6,0,0,8,11,16,41,1,6.300000000000001,10,10,21,31,0,7.5,0,0,0,0,0,0.0,0,0,0,0,0,0.0,H
2022-11-05,Man City,Fulham,2,1,H,5,2,1,0,23,31,11,68,0,18.700000000000003,14,17,18,42,1,11.500000000000002,26,27,6,92,0,80.0,2,6,27,36,1,0.0,H
2022-11-05,Nottingham,Brentford,2,2,D,7,2,0,0,5,6,25,25,0,4.7,11,11,17,39,0,8.7,0,0,0,0,0,0.0,0,0,0,0,0,0.0,A
2022-11-05,Wolves,Brighton,2,3,A,5,8,1,0,9,5,16,32,2,7.0,14,17,14,56,0,10.400000000000002,11,9,13,34,0,37.5,11,13,9,34,2,37.5,A
2022-11-05,Everton,Leicester,0,2,A,2,8,0,0,13,9,8,31,0,10.4,10,16,17,45,0,9.0,18,14,11,39,0,50.0,9,11,14,44,1,20.0,H
2022-11-06,Chelsea,Arsenal,0,1,A,1,2,0,0,17,14,13,41,2,13.3,25,24,9,66,0,19.9,14,18,19,51,0,40.0,14,19,18,39,1,40.0,A
2022-11-06,Aston Villa,Man United,3,1,H,4,3,0,0,9,8,14,43,1,7.4,23,16,10,51,0,17.8,9,11,16,41,1,20.0,18,16,11,55,0,50.0,A
2022-11-06,Southampton,Newcastle,1,4,A,5,4,0,0,8,6,13,38,0,6.4,19,19,7,55,0,16.4,7,13,18,47,0,10.0,19,18,13,40,1,50.0,A
2022-11-06,West Ham,Crystal Palace,1,2,A,2,6,0,0,14,11,8,42,0,11.1,15,12,13,42,0,12.2,16,20,18,42,0,40.0,10,18,20,36,1,20.0,H
2022-11-06,Tottenham,Liverpool,1,2,A,5,6,0,0,19,19,13,59,1,14.7,14,20,12,67,0,10.8,5,12,18,37,0,0.0,20,18,12,69,2,50.0,H
2022-11-12,Man City,Brentford,1,2,A,6,8,0,0,25,30,9,63,1,19.9,11,12,18,36,0,8.4,12,6,0,20,0,100.0,0,0,6,8,0,0.0,H
2022-11-12,Bournemouth,Everton,3,0,H,9,3,0,0,10,13,16,35,0,7.0,12,8,9,26,0,9.1,11,16,17,43,1,37.5,11,17,16,36,1,37.5,H
2022-11-12,Liverpool,Southampton,3,1,H,7,5,0,0,17,21,11,68,0,13.1,8,7,16,38,0,6.200000000000001,27,25,4,52,0,90.0,3,4,25,31,0,10.0,H
2022-11-12,Nottingham,Crystal Palace,1,0,H,2,0,0,0,6,8,25,31,0,5.4,15,11,13,39,0,13.2,0,0,0,0,0,0.0,0,0,0,0,0,0.0,H
2022-11-12,Tottenham,Leeds,4,3,H,8,5,0,1,16,18,15,57,1,12.3,8,12,19,39,1,7.300000000000001,25,23,8,60,1,80.0,4,8,23,43,0,10.0,H
2022-11-12,West Ham,Leicester,0,2,A,6,6,0,0,11,11,10,42,0,8.6,13,17,15,48,0,11.3,18,23,15,42,1,50.0,9,15,23,36,2,20.0,H
2022-11-12,Newcastle,Chelsea,1,0,H,3,2,0,0,21,22,7,53,0,18.0,17,14,11,39,1,12.6,6,5,15,21,0,20.0,24,15,5,43,0,80.0,H
2022-11-12,Wolves,Arsenal,0,2,A,2,4,0,0,8,6,18,33,3,5.800000000000001,25,22,9,62,0,20.100000000000005,9,9,14,47,2,20.0,18,14,9,50,4,50.0,A
2022-11-13,Brighton,Aston Villa,1,2,A,2,2,0,0,14,18,16,62,0,11.500000000000002,12,11,14,44,1,9.9,5,4,12,25,2,12.5,17,12,4,34,0,62.5,H
2022-11-13,Fulham,Man United,1,2,A,7,9,0,0,14,17,18,41,1,11.1,20,15,12,50,0,15.500000000000002,2,8,24,59,1,0.0,26,24,8,94,0,80.0,A
2022-12-26,Brentford,Tottenham,2,2,D,5,8,0,0,13,13,18,41,0,10.6,18,21,17,61,1,13.800000000000002,2,0,4,8,0,0.0,8,4,0,12,0,50.0,A
2022-12-26,Crystal Palace,Fulham,0,3,A,0,11,2,0,15,9,10,37,0,12.2,11,16,19,45,1,8.6,11,10,10,42,0,42.857142857142854,8,10,10,35,2,28.57142857142857,H
2022-12-26,Everton,Wolves,1,2,A,6,4,0,0,11,7,11,27,0,8.1,7,6,20,31,3,5.1000000000000005,14,12,12,51,3,40.0,14,12,12,31,1,40.0,H
2022-12-26,Leicester,Newcastle,0,3,A,2,5,0,0,16,19,14,52,0,14.0,24,22,5,54,0,20.000000000000004,18,25,11,47,0,60.0,12,11,25,35,1,40.0,H
2022-12-26,Southampton,Brighton,1,3,A,4,4,0,0,5,6,18,36,0,4.1000000000000005,11,18,18,60,0,9.0,13,15,13,38,0,20.0,10,13,15,39,1,10.0,A
2022-12-26,Aston Villa,Liverpool,1,3,A,6,9,0,0,15,12,13,43,1,12.499999999999998,17,15,12,63,0,13.9,3,13,23,35,0,10.0,27,23,13,72,0,90.0,A
2022-12-26,Arsenal,West Ham,3,1,H,5,4,0,0,25,22,8,58,0,20.4,10,10,11,44,0,7.699999999999999,26,23,9,64,0,80.0,2,9,23,29,2,0.0,H
2022-12-27,Chelsea,Bournemouth,2,0,H,5,4,0,0,14,12,11,38,0,10.1,12,16,16,42,0,9.000000000000002,15,13,7,40,0,62.5,9,7,13,22,0,37.5,H
2022-12-27,Man United,Nottingham,3,0,H,8,3,0,0,20,16,13,53,0,15.500000000000002,9,9,19,32,0,8.2,0,0,0,0,0,0.0,0,0,0,0,0,0.0,H
2022-12-28,Leeds,Man City,1,3,A,1,9,0,0,8,15,22,42,2,7.0,22,27,9,64,1,17.4,11,10,28,37,1,30.0,17,28,10,91,1,50.0,A
2022-12-30,West Ham,Brentford,0,2,A,5,6,0,0,10,10,12,45,0,7.000000000000002,11,10,18,38,0,9.3,0,2,8,12,0,0.0,12,8,2,26,0,100.0,H
2022-12-30,Liverpool,Leicester,2,1,H,5,2,0,0,17,16,12,66,0,14.4,16,17,12,50,0,13.000000000000002,21,18,8,71,0,70.0,9,8,18,21,0,30.0,H
2022-12-31,Wolves,Man United,0,1,A,3,6,0,0,7,7,21,33,3,6.0,20,18,13,59,0,16.5,9,5,12,49,1,20.0,18,12,5,48,0,50.0,H
2022-12-31,Bournemouth,Crystal Palace,0,2,A,2,6,0,0,9,13,16,43,0,7.0,14,8,12,33,2,11.2,10,9,10,31,0,25.0,10,10,9,30,1,25.0,H
2022-12-31,Fulham,Southampton,2,1,H,2,3,0,0,14,18,17,53,1,11.2,5,7,20,39,0,3.9,11,11,16,41,0,20.0,14,16,11,53,0,30.0,H
2022-12-31,Man City,Everton,1,1,D,3,1,0,0,22,24,10,64,1,17.400000000000002,10,8,13,30,0,6.9,28,25,5,74,1,90.0,1,5,25,25,1,0.0,H
2022-12-31,Newcastle,Leeds,0,0,D,5,1,0,0,26,25,5,53,0,21.4,7,15,24,38,2,6.0,15,13,13,62,0,40.0,12,13,13,57,0,30.0,H
2022-12-31,Brighton,Arsenal,2,4,A,5,7,0,0,14,20,17,60,0,11.6,25,23,8,54,0,20.6,14,8,9,29,0,44.44444444444444,11,9,8,44,0,33.33333333333333,A
2023-01-01,Tottenham,Aston Villa,0,2,A,2,4,0,0,16,21,18,59,1,12.7,14,12,15,48,1,11.2,27,26,8,64,0,90.0,3,8,26,39,0,10.0,H
2023-01-01,Nottingham,Chelsea,1,1,D,5,2,0,0,9,7,19,32,0,7.800000000000001,17,13,9,39,0,12.4,0,0,0,0,0,0.0,0,0,0,0,0,0.0,H
2023-01-02,Brentford,Liverpool,3,1,H,7,6,0,0,14,12,15,42,0,11.8,19,18,13,63,0,16.2,2,6,12,10,0,0.0,8,12,6,38,0,50.0,A
2023-01-03,Arsenal,Newcastle,0,0,D,4,1,0,0,28,26,7,58,0,22.4,26,24,4,51,0,20.6,21,17,7,41,0,70.0,9,7,17,30,1,30.0,H
2023-01-03,Everton,Brighton,1,4,A,4,8,0,0,8,8,14,29,0,6.0,11,17,19,54,0,9.4,19,20,12,47,0,60.0,10,12,20,35,1,30.0,H
2023-01-03,Leicester,Fulham,0,1,A,6,2,0,0,16,16,8,45,0,12.4,14,17,16,48,1,11.999999999999998,6,4,7,31,0,14.285714285714285,12,7,4,29,0,42.857142857142854,A
2023-01-03,Man United,Bournemouth,3,0,H,6,4,0,0,20,16,12,59,0,16.5,8,12,17,42,0,5.800000000000001,16,13,7,42,0,62.5,7,7,13,31,1,25.0,H
2023-01-04,Southampton,Nottingham,0,1,A,0,1,0,0,5,8,21,41,0,3.6000000000000005,10,6,17,34,0,8.3,0,0,0,0,0,0.0,0,0,0,0,0,0.0,H
2023-01-04,Leeds,West Ham,2,2,D,6,2,0,0,8,13,19,33,2,6.700000000000001,10,10,13,46,0,6.700000000000001,16,17,15,59,0,50.0,13,15,17,56,1,40.0,A
2023-01-04,Aston Villa,Wolves,1,1,D,4,3,0,0,14,13,15,49,1,12.0,7,7,19,35,2,5.9,8,11,15,42,0,20.0,20,15,11,48,1,60.0,H
2023-01-04,Crystal Palace,Tottenham,0,4,A,4,6,0,0,16,10,12,30,2,12.7,13,15,18,50,1,10.000000000000002,7,8,18,30,2,20.0,22,18,8,38,2,70.0,A
2023-01-05,Chelsea,Man City,0,1,A,2,3,0,0,15,12,9,38,0,11.2,22,24,10,63,1,17.200000000000003,6,6,12,18,0,20.0,24,12,6,47,0,80.0,A
2023-01-12,Fulham,Chelsea,2,1,H,3,10,0,1,17,17,12,49,0,14.3,12,10,9,37,0,8.700000000000001,4,3,15,51,1,0.0,22,15,3,89,0,60.0,H
2023-01-13,Aston Villa,Leeds,2,1,H,5,4,0,0,14,14,16,46,1,11.8,8,15,21,38,1,6.800000000000001,16,16,12,58,2,40.0,10,12,16,43,1,20.0,H
2023-01-14,Man United,Man City,2,1,H,4,1,0,0,23,16,6,57,0,19.0,22,22,10,59,1,17.200000000000003,10,13,24,34,0,30.0,19,24,13,64,0,60.0,A
2023-01-14,Brighton,Liverpool,3,0,H,9,2,0,0,13,18,17,56,0,11.2,18,16,13,62,0,14.7,7,10,19,39,0,10.0,19,19,10,60,1,50.0,A
2023-01-14,Everton,Southampton,1,2,A,4,5,0,0,5,7,17,28,0,3.9,5,7,20,35,0,3.4000000000000004,19,14,12,35,1,60.0,10,12,14,53,1,30.0,H
2023-01-14,Nottingham,Leicester,2,0,H,5,1,0,0,13,7,13,32,0,10.9,13,12,9,44,0,9.9,0,0,4,3,0,0.0,3,4,0,7,0,100.0,A
2023-01-14,Wolves,West Ham,1,0,H,4,4,0,0,8,8,18,34,2,6.300000000000001,8,10,15,43,0,5.5,12,7,13,46,0,40.0,18,13,7,44,0,60.0,H
2023-01-14,Brentford,Bournemouth,2,0,H,4,2,0,0,16,15,16,45,0,13.700000000000005,7,12,20,45,0,5.1000000000000005,1,0,0,4,0,0.0,1,0,0,1,0,0.0,H
2023-01-15,Chelsea,Crystal Palace,1,0,H,5,5,0,0,9,8,11,40,1,6.700000000000001,16,9,14,31,2,12.3,30,25,4,59,0,100.0,0,4,25,11,0,0.0,A
2023-01-15,Newcastle,Fulham,1,0,H,5,0,0,0,24,20,3,42,0,18.800000000000004,20,18,10,50,0,16.599999999999998,16,14,12,75,0,50.0,13,12,14,45,2,40.0,H
2023-01-15,Tottenham,Arsenal,0,2,A,7,5,0,0,16,18,15,53,0,12.6,26,23,7,55,0,20.6,13,17,17,50,3,40.0,16,17,17,52,2,50.0,A
2023-01-18,Crystal Palace,Man United,1,1,D,5,4,0,0,13,7,14,31,2,9.6,23,16,6,57,0,19.0,14,9,11,27,0,40.0,14,11,9,42,0,40.0,A
2023-01-19,Man City,Tottenham,4,2,H,6,3,0,0,19,17,9,50,1,15.0,13,17,17,57,0,10.2,10,13,15,54,1,30.0,19,15,13,30,0,60.0,A
2023-01-21,Liverpool,Chelsea,0,0,D,3,2,0,0,18,14,13,61,0,13.800000000000002,9,7,11,41,1,7.5,12,12,11,51,0,20.0,12,11,12,39,3,20.0,H
2023-01-21,Bournemouth,Nottingham,1,1,D,4,5,0,0,4,10,21,43,0,3.0000000000000004,15,8,12,34,0,12.8,3,3,2,3,0,100.0,0,2,3,3,0,0.0,A
2023-01-21,Leicester,Brighton,2,2,D,2,4,0,0,13,11,9,40,0,9.3,16,21,16,61,0,13.8,15,16,13,46,2,40.0,12,13,16,43,0,30.0,A
2023-01-21,Southampton,Aston Villa,0,1,A,5,5,0,0,8,9,17,40,0,6.1,16,15,16,49,1,13.6,16,14,17,38,0,50.0,13,17,14,56,0,40.0,A
2023-01-21,West Ham,Everton,2,0,H,4,2,0,0,5,7,15,39,0,3.7,5,7,17,30,0,3.7,19,11,8,41,0,60.0,10,8,11,32,2,30.0,H
2023-01-21,Crystal Palace,Newcastle,0,0,D,1,7,0,0,13,8,15,35,2,9.7,24,16,2,41,0,19.000000000000004,8,5,9,39,0,10.0,17,9,5,44,0,40.0,A
2023-01-22,Leeds,Brentford,0,0,D,5,0,0,0,8,15,21,38,1,6.4,19,16,11,46,0,15.9,8,10,11,30,0,40.0,5,11,10,24,2,20.0,A
2023-01-22,Man City,Wolves,3,0,H,7,1,0,0,19,17,11,48,1,15.0,11,9,15,36,2,9.2,22,25,10,67,1,70.0,7,10,25,23,3,20.0,H
2023-01-22,Arsenal,Man United,3,2,H,5,4,0,0,26,22,6,51,0,20.6,23,17,7,59,0,18.700000000000003,15,17,14,51,0,40.0,12,14,17,56,0,30.0,H
2023-01-23,Fulham,Tottenham,0,1,A,5,3,0,0,19,16,9,46,0,15.1,10,17,21,53,0,8.0,4,7,20,54,0,10.0,25,20,7,68,0,80.0,A
2023-02-03,Chelsea,Fulham,0,0,D,3,4,0,0,9,7,11,38,1,7.800000000000001,16,13,10,43,0,12.6,21,16,5,90,1,60.0,6,5,16,46,1,10.0,H
2023-02-04,Everton,Arsenal,1,0,H,4,3,0,0,5,7,17,32,0,3.4000000000000004,26,22,6,49,0,21.000000000000007,13,12,25,28,1,40.0,16,25,12,57,0,50.0,A
2023-02-04,Aston Villa,Leicester,2,4,A,4,5,0,0,19,16,14,47,1,15.900000000000002,13,13,11,37,0,9.1,12,10,13,32,1,30.0,15,13,10,48,1,40.0,H
2023-02-04,Brentford,Southampton,3,0,H,4,6,0,0,17,14,11,43,0,14.6,7,8,17,37,0,5.4,6,8,8,18,0,50.0,6,8,8,20,0,50.0,H
2023-02-04,Brighton,Bournemouth,1,0,H,6,2,0,0,17,23,16,58,0,13.9,4,9,20,41,0,3.4000000000000004,4,6,7,22,0,25.0,7,7,6,16,0,50.0,H
2023-02-04,Man United,Crystal Palace,2,1,H,5,3,1,0,20,17,10,53,0,15.7,11,6,14,32,2,8.3,12,8,10,39,0,30.0,15,10,8,31,0,40.0,H
2023-02-04,Wolves,Liverpool,3,0,H,6,4,0,0,8,8,18,35,2,7.000000000000001,16,13,13,62,0,12.4,0,4,21,32,0,0.0,30,21,4,65,0,100.0,A
2023-02-04,Newcastle,West Ham,1,1,D,2,1,0,0,24,16,2,46,0,18.4,7,8,14,39,0,5.7,17,20,19,47,0,50.0,11,19,20,52,1,30.0,H
2023-02-05,Nottingham,Leeds,1,0,H,2,4,0,0,16,9,12,37,0,13.1,9,15,20,39,1,7.0,0,0,0,0,0,0.0,0,0,0,0,0,0.0,H
2023-02-05,Tottenham,Man City,1,0,H,3,5,1,0,13,18,19,54,0,10.4,22,20,10,49,1,17.6,19,16,14,30,0,60.0,10,14,16,54,1,30.0,H
2023-02-08,Man United,Leeds,2,2,D,7,2,0,0,22,18,10,52,1,17.4,9,15,19,41,1,6.600000000000001,23,28,11,76,0,70.0,5,11,28,37,0,10.0,H
2023-02-11,West Ham,Chelsea,1,1,D,2,4,0,0,8,9,14,37,0,6.700000000000001,9,6,10,39,1,7.6,11,9,13,26,3,30.0,17,13,9,58,0,50.0,H
2023-02-11,Arsenal,Brentford,1,1,D,7,2,0,0,23,21,7,48,0,18.0,19,17,11,42,0,16.0,9,7,6,31,0,60.0,6,6,7,12,0,40.0,H
2023-02-11,Crystal Palace,Brighton,1,1,D,1,7,0,0,11,7,13,33,2,7.900000000000002,19,24,16,57,0,15.7,13,12,12,32,0,20.0,10,12,12,44,2,10.0,A
2023-02-11,Fulham,Nottingham,2,0,H,3,1,0,0,14,10,8,42,0,11.2,18,10,12,39,0,14.8,3,3,2,7,0,100.0,0,2,3,3,0,0.0,A
2023-02-11,Leicester,Tottenham,4,1,H,7,4,0,0,13,15,13,41,0,10.0,16,18,17,52,1,13.0,6,18,30,48,0,20.0,24,30,18,64,0,80.0,A
2023-02-11,Southampton,Wolves,1,2,A,2,2,0,1,4,7,20,40,0,3.3000000000000003,11,10,16,37,2,9.6,2,7,18,54,0,0.0,26,18,7,42,0,80.0,A
2023-02-11,Bournemouth,Newcastle,1,1,D,5,7,0,0,4,9,20,40,0,3.1,22,16,3,44,0,16.6,8,9,9,31,0,28.57142857142857,11,9,9,34,0,42.857142857142854,A
2023-02-12,Leeds,Man United,0,2,A,6,5,0,0,10,15,18,38,1,7.100000000000001,20,19,12,56,1,15.7,3,12,30,37,0,0.0,24,30,12,78,0,70.0,A
2023-02-12,Man City,Aston Villa,3,1,H,9,2,0,0,19,17,10,50,1,14.600000000000003,19,18,15,45,0,15.0,28,28,9,70,2,90.0,1,9,28,25,1,0.0,H
2023-02-13,Liverpool,Everton,2,0,H,6,1,0,0,13,12,16,59,0,10.0,8,8,16,36,0,6.200000000000001,21,20,8,55,0,60.0,6,8,20,28,1,10.0,H
2023-02-15,Arsenal,Man City,1,3,A,1,6,0,0,23,21,7,52,0,17.400000000000002,19,19,11,54,1,15.4,0,3,27,20,4,0.0,30,27,3,57,0,100.0,H
2023-02-18,Aston Villa,Arsenal,2,4,A,5,5,0,0,16,15,18,36,0,12.500000000000002,20,17,10,43,0,14.7,6,9,19,40,0,20.0,24,19,9,55,1,80.0,A
2023-02-18,Brentford,Crystal Palace,1,1,D,5,4,0,0,20,18,8,41,0,16.4,9,7,14,31,2,6.700000000000001,5,1,1,13,0,0.0,5,1,1,14,0,0.0,H
2023-02-18,Brighton,Fulham,0,1,A,7,2,0,0,20,24,14,62,0,15.7,16,12,8,39,0,13.0,3,3,4,18,0,0.0,6,4,3,15,0,25.0,H
2023-02-18,Chelsea,Southampton,0,1,A,5,5,0,0,10,6,7,36,1,8.4,3,7,21,39,0,2.7,20,30,11,74,0,60.0,8,11,30,32,2,20.0,H
2023-02-18,Everton,Leeds,1,0,H,6,0,0,0,5,5,18,31,0,4.4,7,13,19,38,1,5.200000000000001,19,20,8,70,0,50.0,7,8,20,38,0,10.0,H
2023-02-18,Nottingham,Man City,1,1,D,1,6,0,0,15,9,14,33,0,12.5,19,20,11,55,0,15.7,0,0,6,1,0,0.0,3,6,0,9,0,100.0,A
2023-02-18,Wolves,Bournemouth,0,1,A,4,1,0,0,14,12,13,34,3,12.2,5,10,19,42,0,4.0,4,2,1,11,0,50.0,1,1,2,4,1,0.0,A
2023-02-18,Newcastle,Liverpool,0,2,A,4,7,1,0,20,15,3,46,0,15.0,16,14,15,58,0,12.3,3,6,17,24,0,0.0,24,17,6,69,0,70.0,A
2023-02-19,Man United,Leicester,3,0,H,8,3,0,0,23,20,9,58,1,17.7,13,15,14,44,0,10.8,13,15,17,46,0,30.0,13,17,15,45,1,30.0,H
2023-02-19,Tottenham,West Ham,2,0,H,6,1,0,0,13,16,19,49,1,10.6,6,8,15,35,0,5.5,15,16,13,46,0,40.0,12,13,16,31,0,30.0,H
2023-02-24,Fulham,Wolves,1,1,D,5,2,0,0,19,12,6,39,0,15.3,13,11,13,34,2,11.000000000000002,9,10,10,52,0,20.0,18,10,10,39,1,50.0,H
2023-02-25,Everton,Aston Villa,0,2,A,5,5,0,0,7,6,18,33,0,6.4,16,17,18,41,0,11.6,7,9,15,33,0,20.0,22,15,9,34,0,70.0,A
2023-02-25,Leeds,Southampton,1,0,H,4,2,0,0,4,9,17,34,1,3.1000000000000005,6,8,20,40,0,5.4,10,12,11,40,1,20.0,16,11,12,55,0,40.0,H
2023-02-25,Leicester,Arsenal,0,1,A,0,2,0,0,13,15,16,42,0,10.2,20,20,12,46,0,15.1,9,10,19,48,0,30.0,21,19,10,55,1,70.0,A
2023-02-25,West Ham,Nottingham,4,0,H,5,3,0,0,6,8,16,31,0,5.3999999999999995,16,10,10,32,0,12.500000000000002,0,0,1,5,0,0.0,3,1,0,6,0,100.0,A
2023-02-25,Bournemouth,Man City,1,4,A,2,5,0,0,8,9,16,39,0,6.700000000000001,20,20,10,55,0,16.0,0,4,31,19,0,0.0,27,31,4,66,2,100.0,A
2023-02-25,Crystal Palace,Liverpool,0,0,D,0,4,0,0,7,6,14,29,2,5.800000000000001,19,15,13,55,0,14.7,1,5,28,35,1,0.0,28,28,5,67,1,90.0,A
2023-02-26,Tottenham,Chelsea,2,0,H,3,2,0,0,16,17,17,50,1,12.9,10,6,7,40,1,7.700000000000001,8,8,17,35,1,20.0,20,17,8,51,0,60.0,H
2023-03-01,Arsenal,Everton,4,0,H,5,5,0,0,20,19,12,44,0,15.7,7,6,18,36,0,6.4,13,20,11,46,0,40.0,16,11,20,29,0,50.0,H
2023-03-01,Liverpool,Wolves,2,0,H,6,1,0,0,17,13,12,53,0,13.2,14,10,11,31,1,11.3,27,19,6,63,0,90.0,3,6,19,32,0,10.0,H
2023-03-04,Man City,Newcastle,2,0,H,3,2,0,0,20,21,10,51,0,16.3,17,11,5,43,1,12.400000000000002,26,34,10,80,0,80.0,2,10,34,30,0,0.0,H
2023-03-04,Arsenal,Bournemouth,3,2,H,9,4,0,0,20,20,11,44,0,16.099999999999998,8,7,16,35,0,6.5,23,21,8,43,0,70.0,5,8,21,34,1,10.0,H
2023-03-04,Aston Villa,Crystal Palace,1,0,H,1,0,0,1,16,16,17,42,0,12.4,8,6,13,29,2,6.300000000000001,14,14,13,41,2,40.0,14,13,14,49,0,40.0,H
2023-03-04,Brighton,West Ham,4,0,H,9,2,0,0,17,20,14,60,0,13.300000000000002,9,11,14,34,0,7.9,18,18,11,42,0,40.0,6,11,18,39,0,0.0,H
2023-03-04,Chelsea,Leeds,1,0,H,3,2,0,0,10,6,8,40,1,7.4,7,7,13,33,0,6.0,23,20,11,68,1,70.0,5,11,20,32,2,10.0,H
2023-03-04,Wolves,Tottenham,1,0,H,5,6,0,0,14,10,11,30,1,10.7,16,15,14,45,1,13.8,8,9,12,53,0,20.0,20,12,9,69,0,60.0,A
2023-03-04,Southampton,Leicester,1,0,H,5,0,0,0,6,7,17,37,0,5.4,10,13,17,34,0,8.0,9,12,28,45,3,20.0,18,28,12,64,0,50.0,H
2023-03-05,Nottingham,Everton,2,2,D,4,3,0,0,15,8,12,28,0,11.5,7,6,19,38,0,5.700000000000001,1,1,1,5,0,0.0,1,1,1,8,0,0.0,H
2023-03-05,Liverpool,Man United,7,0,H,8,4,0,0,17,12,11,52,0,13.800000000000002,23,21,8,57,1,18.200000000000003,20,27,7,53,0,60.0,8,7,27,29,2,20.0,H
2023-03-06,Brentford,Fulham,3,2,H,6,5,0,0,20,18,8,43,0,15.6,20,12,5,37,0,15.400000000000002,0,2,3,5,0,0.0,3,3,2,9,0,100.0,H
2023-03-11,Bournemouth,Liverpool,1,0,H,2,6,0,0,5,6,19,30,0,4.4,17,16,10,51,0,14.500000000000002,4,7,31,24,0,11.11111111111111,22,31,7,58,0,77.77777777777779,A
2023-03-11,Everton,Brentford,1,0,H,6,4,0,0,8,7,19,35,0,6.700000000000001,22,19,8,47,0,17.4,1,5,9,27,4,0.0,13,9,5,27,0,80.0,A
2023-03-11,Leeds,Brighton,2,2,D,4,2,0,0,7,6,11,34,0,5.699999999999999,17,21,12,61,0,13.7,4,2,6,24,0,0.0,13,6,2,31,0,42.857142857142854,A
2023-03-11,Leicester,Chelsea,1,3,A,7,6,1,0,7,11,18,28,0,5.9,10,5,8,38,1,8.2,8,9,15,30,1,10.0,17,15,9,57,1,40.0,A
2023-03-11,Tottenham,Nottingham,3,1,H,7,5,0,0,15,13,13,43,1,12.300000000000002,13,9,14,30,0,9.9,3,2,0,7,0,100.0,0,0,2,1,0,0.0,H
2023-03-11,Crystal Palace,Man City,0,1,A,0,4,0,0,8,6,11,29,1,6.1,22,22,9,51,0,18.000000000000004,10,8,14,20,0,20.0,16,14,8,48,2,40.0,A
2023-03-12,Fulham,Arsenal,0,3,A,2,7,0,0,17,11,8,31,0,12.900000000000002,20,19,11,46,0,16.7,6,10,22,43,1,10.0,21,22,10,79,2,60.0,A
2023-03-12,Man United,Southampton,0,0,D,4,4,0,0,20,18,15,53,1,15.4,9,7,14,37,0,7.800000000000001,16,20,9,66,0,30.0,7,9,20,36,3,0.0,H
2023-03-12,West Ham,Aston Villa,1,1,D,6,4,0,0,9,11,16,30,0,7.800000000000001,16,15,16,41,0,13.0,26,21,7,51,1,80.0,2,7,21,46,3,0.0,H
2023-03-12,Newcastle,Wolves,2,1,H,8,4,0,0,14,7,6,41,1,10.000000000000002,14,9,10,31,1,11.4,11,10,11,34,2,20.0,14,11,10,36,0,30.0,A
2023-03-15,Brighton,Crystal Palace,1,0,H,5,3,0,0,18,22,12,61,0,14.1,5,4,12,23,1,4.0,10,13,13,47,2,10.0,13,13,13,29,0,20.0,H
2023-03-15,Southampton,Brentford,0,2,A,1,5,0,0,10,6,11,37,0,8.8,19,17,8,43,0,14.6,6,8,11,26,0,40.0,9,11,8,22,0,60.0,A
2023-03-17,Nottingham,Newcastle,1,2,A,3,4,0,0,13,10,14,32,0,9.500000000000002,14,8,7,46,1,10.7,0,0,2,0,0,0.0,3,2,0,10,0,100.0,A
2023-03-18,Aston Villa,Bournemouth,3,0,H,9,3,0,0,17,15,14,39,0,13.3,8,7,17,28,0,7.2,3,4,8,18,0,20.0,12,8,4,18,1,80.0,H
2023-03-18,Brentford,Leicester,1,1,D,2,1,1,0,21,17,6,43,0,16.2,7,12,18,33,1,5.500000000000001,1,6,10,25,0,0.0,13,10,6,25,0,80.0,H
2023-03-18,Southampton,Tottenham,3,3,D,7,3,0,0,10,5,11,35,0,7.9,18,16,12,48,1,14.7,11,15,22,52,2,30.0,17,22,15,62,1,50.0,A
2023-03-18,Wolves,Leeds,2,4,A,8,4,1,0,14,10,11,32,1,10.8,7,8,13,37,0,5.800000000000001,11,13,15,47,2,33.33333333333333,14,15,13,45,1,44.44444444444444,H
2023-03-18,Chelsea,Everton,2,2,D,7,3,0,0,12,7,8,42,1,10.4,10,7,18,40,0,8.5,10,6,8,64,0,20.0,16,8,6,31,0,40.0,H
2023-03-19,Arsenal,Crystal Palace,4,1,H,5,4,0,0,22,22,11,49,0,18.1,5,4,9,22,1,3.8,12,14,16,39,1,20.0,12,16,14,42,0,20.0,H
2023-04-01,Man City,Liverpool,4,1,H,8,1,0,0,22,22,9,52,0,18.3,14,14,10,52,0,12.1,9,17,18,38,0,10.0,15,18,17,38,0,30.0,H
2023-04-01,Arsenal,Leeds,4,1,H,6,5,0,0,22,24,12,49,0,18.7,9,10,13,35,0,8.0,25,28,10,87,1,80.0,4,10,28,34,2,10.0,H
2023-04-01,Bournemouth,Fulham,2,1,H,7,2,0,0,8,7,18,29,0,6.9,14,9,10,31,0,10.4,4,5,2,11,0,50.0,1,2,5,5,1,0.0,A
2023-04-01,Brighton,Brentford,3,3,D,15,5,0,0,18,20,11,62,0,14.5,19,16,7,39,1,14.7,12,6,2,21,0,80.0,3,2,6,17,0,20.0,H
2023-04-01,Crystal Palace,Leicester,2,1,H,9,2,0,0,5,5,12,21,1,3.5000000000000004,8,12,17,32,1,6.2,10,16,13,36,0,20.0,16,13,16,37,2,40.0,H
2023-04-01,Nottingham,Wolves,1,1,D,7,1,0,0,12,10,15,30,0,8.100000000000001,13,11,14,37,2,9.5,0,0,1,2,0,0.0,3,1,0,2,0,100.0,H
2023-04-01,Chelsea,Aston Villa,0,2,A,8,2,0,0,13,9,9,47,1,10.7,17,16,14,44,0,13.9,25,24,6,52,1,80.0,4,6,24,34,1,10.0,H
2023-04-02,West Ham,Southampton,1,0,H,2,3,0,0,10,11,14,32,0,8.0,11,8,13,42,0,8.8,13,14,10,47,3,30.0,13,10,14,41,0,30.0,H
2023-04-02,Newcastle,Man United,2,0,H,6,1,0,0,14,7,8,45,1,11.599999999999998,18,17,15,51,1,13.900000000000002,6,10,24,46,0,10.0,21,24,10,68,0,60.0,A
2023-04-03,Everton,Tottenham,1,1,D,6,2,1,1,11,8,16,39,0,9.4,16,15,15,45,1,13.3,7,4,22,19,2,10.0,19,22,4,47,1,50.0,A
2023-04-04,Bournemouth,Brighton,0,2,A,3,6,0,0,11,9,16,32,0,9.4,19,21,10,72,0,14.8,7,7,7,18,0,40.0,7,7,7,28,0,40.0,A
2023-04-04,Leeds,Nottingham,2,1,H,6,1,0,0,9,10,15,36,0,7.600000000000001,10,10,16,36,0,7.200000000000001,0,0,1,4,0,0.0,3,1,0,2,0,100.0,H
2023-04-04,Leicester,Aston Villa,1,2,A,4,5,1,0,8,13,18,28,1,5.800000000000001,19,17,13,42,0,15.600000000000003,15,16,12,50,0,40.0,12,12,16,35,0,30.0,A
2023-04-04,Chelsea,Liverpool,0,0,D,3,4,0,0,13,8,9,45,0,10.2,14,14,11,47,0,11.3,12,10,11,38,3,20.0,12,11,10,50,0,20.0,H
2023-04-05,Man United,Brentford,1,0,H,3,1,0,0,15,14,17,46,1,11.4,17,16,9,37,1,13.1,12,12,6,24,0,80.0,3,6,12,31,0,20.0,H
2023-04-05,West Ham,Newcastle,1,5,A,2,8,0,0,13,12,12,29,0,10.9,16,9,8,46,1,13.3,12,20,18,50,1,30.0,15,18,20,41,0,40.0,H
2023-04-08,Man United,Everton,2,0,H,11,1,0,0,15,13,16,45,1,12.1,12,8,15,41,1,9.500000000000002,16,15,11,58,0,40.0,10,11,15,25,0,20.0,H
2023-04-08,Aston Villa,Nottingham,2,0,H,3,2,0,0,19,17,13,42,0,16.2,7,9,18,32,0,4.9,1,1,1,2,0,0.0,1,1,1,3,0,0.0,H
2023-04-08,Brentford,Newcastle,1,2,A,6,4,0,0,14,14,10,34,1,10.8,18,14,9,53,1,15.199999999999998,2,7,15,13,2,0.0,11,15,7,46,0,60.0,A
2023-04-08,Fulham,West Ham,0,1,A,3,5,0,0,11,9,12,31,0,8.200000000000001,12,11,15,29,0,9.500000000000002,11,11,18,51,0,30.0,17,18,11,64,2,50.0,A
2023-04-08,Leicester,Bournemouth,0,1,A,4,7,0,0,8,14,18,31,2,5.4,11,9,16,33,0,9.1,8,9,11,36,1,11.11111111111111,14,11,9,27,1,33.33333333333333,A
2023-04-08,Tottenham,Brighton,2,1,H,3,4,0,0,17,16,14,40,2,13.4,19,19,9,70,0,15.2,18,11,9,39,0,60.0,12,9,11,36,0,40.0,A
2023-04-08,Wolves,Chelsea,1,0,H,4,1,0,0,11,11,15,34,2,8.4,11,7,9,43,0,8.9,11,11,16,27,0,20.0,14,16,11,48,0,30.0,H
2023-04-08,Southampton,Man City,1,4,A,1,8,0,0,8,6,13,40,0,6.4,25,25,8,59,0,20.3,4,6,21,31,0,0.0,22,21,6,49,0,60.0,A
2023-04-09,Leeds,Crystal Palace,1,5,A,7,8,0,0,11,12,16,37,0,9.6,7,6,12,25,1,5.800000000000001,11,6,6,24,0,42.857142857142854,8,6,6,30,0,28.57142857142857,H
2023-04-09,Liverpool,Arsenal,2,2,D,6,5,0,0,15,14,8,49,0,11.7,22,25,11,50,0,18.9,23,27,9,60,0,70.0,5,9,27,33,0,10.0,H
2023-04-15,Aston Villa,Newcastle,3,0,H,6,2,0,0,19,18,13,40,0,16.7,18,15,10,52,1,15.699999999999998,15,10,8,32,0,40.0,12,8,10,29,0,30.0,A
2023-04-15,Chelsea,Brighton,1,2,A,2,10,0,0,10,7,10,42,0,7.9,16,17,11,65,0,12.9,15,15,10,57,0,30.0,9,10,15,39,1,10.0,A
2023-04-15,Everton,Fulham,1,3,A,7,7,0,0,12,8,15,40,1,9.3,8,7,12,31,0,6.000000000000001,23,23,9,72,0,70.0,5,9,23,46,0,10.0,H
2023-04-15,Southampton,Crystal Palace,0,2,A,4,2,0,0,8,7,16,36,0,6.200000000000001,9,11,13,32,1,8.0,12,14,12,46,0,30.0,15,12,14,40,0,40.0,H
2023-04-15,Tottenham,Bournemouth,2,3,A,8,6,0,0,20,16,11,40,2,15.7,13,9,15,36,0,10.8,22,23,6,61,0,87.5,1,6,23,19,0,0.0,H
2023-04-15,Wolves,Brentford,2,0,H,9,3,0,0,14,12,12,37,2,10.7,13,15,12,40,1,9.400000000000002,7,5,7,8,1,40.0,7,7,5,11,2,40.0,H
2023-04-15,Man City,Leicester,3,1,H,4,4,0,0,25,25,7,61,0,20.6,7,12,17,33,2,4.5,27,29,13,75,0,90.0,3,13,29,36,0,10.0,H
2023-04-16,West Ham,Arsenal,2,2,D,3,5,0,0,15,12,14,30,0,12.1,23,27,12,52,0,19.000000000000004,1,10,26,33,2,0.0,28,26,10,66,0,90.0,A
2023-04-16,Nottingham,Man United,0,2,A,0,8,0,0,6,8,19,29,0,4.200000000000001,17,14,15,52,1,13.9,0,0,3,3,0,0.0,3,3,0,8,0,100.0,H
2023-04-17,Leeds,Liverpool,1,6,A,3,7,0,0,11,13,20,40,0,9.2,15,16,10,52,0,11.400000000000002,5,10,32,43,2,10.0,23,32,10,104,0,70.0,A
2023-04-21,Arsenal,Southampton,3,3,D,6,6,0,0,23,28,13,50,0,18.200000000000003,8,7,15,34,0,5.6000000000000005,16,17,10,52,2,40.0,10,10,17,46,1,20.0,H
2023-04-22,Fulham,Leeds,2,1,H,5,2,0,0,11,10,12,38,0,8.6,10,12,24,41,0,8.0,13,13,13,48,0,44.44444444444444,13,13,13,53,0,44.44444444444444,H
2023-04-22,Brentford,Aston Villa,1,1,D,5,2,0,0,10,12,14,39,1,7.4,22,19,9,42,0,18.8,8,6,8,15,0,40.0,5,8,6,31,0,20.0,A
2023-04-22,Crystal Palace,Everton,0,0,D,2,5,0,1,12,12,11,31,1,10.599999999999998,9,8,18,43,1,6.800000000000001,8,13,19,38,0,20.0,20,19,13,57,1,60.0,H
2023-04-22,Leicester,Wolves,2,1,H,8,3,0,0,4,9,18,32,2,2.6000000000000005,14,11,12,40,2,11.8,18,11,4,40,2,50.0,9,4,11,28,0,20.0,A
2023-04-22,Liverpool,Nottingham,3,2,H,6,5,0,0,18,22,8,55,0,13.7,3,7,21,27,0,2.2,0,0,1,7,0,0.0,3,1,0,7,0,100.0,H
2023-04-23,Bournemouth,West Ham,0,4,A,5,10,0,0,16,12,16,40,0,13.5,13,12,16,29,0,10.8,12,16,22,53,1,30.0,15,22,16,49,1,40.0,H
2023-04-23,Newcastle,Tottenham,6,1,H,8,3,0,0,17,15,13,47,1,14.4,17,17,14,45,2,13.2,8,13,23,24,2,20.0,20,23,13,56,0,60.0,A
2023-04-25,Wolves,Crystal Palace,2,0,H,3,4,0,0,11,10,13,41,1,9.3,12,11,10,32,1,10.6,7,5,12,33,1,22.22222222222222,19,12,5,44,1,66.66666666666666,H
2023-04-25,Aston Villa,Fulham,1,0,H,3,0,0,0,23,19,7,42,0,18.8,14,12,12,38,0,11.2,12,11,12,48,1,30.0,15,12,11,66,0,40.0,H
2023-04-25,Leeds,Leicester,1,1,D,3,3,0,0,10,13,24,37,0,7.600000000000001,4,7,18,33,2,3.8,11,11,17,51,1,30.0,17,17,11,56,0,50.0,H
2023-04-26,Nottingham,Brighton,3,1,H,5,7,0,0,3,9,22,31,0,2.1,18,17,10,71,0,14.3,1,0,0,0,0,0.0,1,0,0,7,0,0.0,A
2023-04-26,Chelsea,Brentford,0,2,A,4,1,0,0,9,8,12,41,0,6.800000000000001,10,12,14,42,1,7.1,7,4,8,23,0,40.0,7,8,4,31,0,40.0,A
2023-04-26,West Ham,Liverpool,1,2,A,2,4,0,0,15,15,15,38,0,12.6,18,23,10,55,0,14.4,6,9,22,34,0,20.0,24,22,9,62,0,80.0,A
2023-04-26,Man City,Arsenal,4,1,H,9,2,0,0,25,25,8,58,0,20.8,24,30,13,55,0,18.2,30,27,3,58,0,100.0,0,3,27,18,4,0.0,H
2023-04-27,Everton,Newcastle,1,4,A,5,8,0,0,10,8,16,47,2,7.600000000000001,19,20,13,53,1,15.9,11,10,15,39,2,30.0,17,15,10,53,0,50.0,A
2023-04-27,Southampton,Bournemouth,0,1,A,2,2,0,0,9,9,16,38,0,6.4,15,11,19,40,0,12.000000000000002,15,10,8,38,1,44.44444444444444,9,8,10,34,0,22.22222222222222,H
2023-04-27,Tottenham,Man United,2,2,D,7,8,0,0,14,17,20,45,1,10.7,20,14,12,56,1,16.099999999999998,9,17,20,35,0,30.0,21,20,17,54,1,70.0,A
2023-04-29,Crystal Palace,West Ham,4,3,H,6,4,0,0,11,10,11,32,1,9.4,14,15,16,38,0,11.5,12,19,20,39,1,30.0,15,20,19,41,0,40.0,A
2023-04-29,Brentford,Nottingham,2,1,H,8,3,0,0,12,13,13,38,1,9.4,5,11,22,35,0,4.4,1,2,2,2,0,0.0,1,2,2,7,0,0.0,H
2023-04-29,Brighton,Wolves,6,0,H,8,2,0,0,15,17,13,72,0,12.3,14,12,12,40,1,11.9,14,16,11,42,2,44.44444444444444,11,11,16,39,1,33.33333333333333,H
2023-04-30,Bournemouth,Leeds,4,1,H,7,6,0,0,15,11,19,41,0,12.9,11,14,24,40,0,8.0,0,3,4,6,0,0.0,3,4,3,4,0,100.0,A
2023-04-30,Fulham,Man City,1,2,A,1,9,0,0,13,12,13,34,0,10.000000000000002,28,29,8,62,0,22.6,1,6,28,33,1,0.0,28,28,6,93,1,90.0,A
2023-04-30,Man United,Aston Villa,1,0,H,6,1,0,0,18,14,13,59,0,14.7,26,18,3,40,0,20.6,15,14,13,51,0,40.0,12,13,14,43,1,30.0,A
2023-04-30,Newcastle,Southampton,3,1,H,5,3,0,0,21,23,13,54,1,17.7,6,8,17,35,0,4.300000000000001,21,20,12,39,1,60.0,6,12,20,50,0,10.0,H
2023-04-30,Liverpool,Tottenham,4,3,H,4,7,0,0,18,23,11,52,0,14.9,15,18,18,48,1,11.000000000000002,22,18,11,72,2,60.0,4,11,18,36,0,0.0,H
2023-05-01,Leicester,Everton,2,2,D,6,8,0,0,5,8,16,33,2,4.7,7,8,20,46,2,5.4,9,11,14,49,1,20.0,18,14,11,39,0,50.0,H
2023-05-02,Arsenal,Chelsea,3,1,H,10,4,0,0,21,27,15,52,0,15.400000000000002,8,7,13,41,0,5.9,16,18,16,35,1,50.0,13,16,18,46,0,40.0,H
2023-05-03,Liverpool,Fulham,1,0,H,3,3,0,0,20,27,14,52,0,16.6,10,11,15,32,0,7.800000000000001,17,19,9,77,1,50.0,11,9,19,49,0,30.0,H
2023-05-03,Man City,West Ham,3,0,H,7,2,0,0,28,28,8,62,0,22.800000000000004,14,18,18,41,0,10.6,24,24,8,68,0,70.0,3,8,24,20,0,0.0,H
2023-05-04,Brighton,Man United,1,0,H,6,5,0,0,17,22,12,73,0,13.500000000000002,20,13,11,58,0,16.1,15,18,15,39,2,50.0,15,15,18,56,0,50.0,A
2023-05-06,Bournemouth,Chelsea,1,3,A,4,5,0,0,18,14,16,46,0,15.0,8,8,15,40,0,5.4,9,7,15,26,0,33.33333333333333,18,15,7,45,0,66.66666666666666,H
2023-05-06,Man City,Leeds,2,1,H,6,2,0,0,28,28,7,63,0,22.800000000000004,8,14,28,42,0,6.1,20,31,8,90,1,60.0,8,8,31,30,1,20.0,H
2023-05-06,Tottenham,Crystal Palace,1,0,H,3,2,0,0,12,19,22,49,1,8.8,13,14,14,38,1,11.4,22,21,8,42,2,70.0,7,8,21,31,2,20.0,H
2023-05-06,Wolves,Aston Villa,1,0,H,2,3,0,0,13,11,17,40,1,10.700000000000005,23,16,4,36,0,18.0,18,15,12,46,1,50.0,9,12,15,41,0,20.0,H
2023-05-06,Liverpool,Brentford,1,0,H,5,1,0,0,20,26,14,49,0,17.099999999999998,12,12,12,40,1,10.1,8,13,9,44,0,40.0,5,9,13,17,0,20.0,H
2023-05-07,Newcastle,Arsenal,0,2,A,5,6,0,0,24,26,12,55,0,19.5,21,29,16,60,0,15.8,7,5,16,27,1,20.0,22,16,5,42,0,70.0,H
2023-05-07,West Ham,Man United,1,0,H,4,4,0,0,11,14,21,38,0,8.6,17,11,12,58,0,13.9,7,8,12,32,0,20.0,22,12,8,52,0,70.0,A
2023-05-08,Fulham,Leicester,5,3,H,7,9,0,0,7,10,16,33,0,5.700000000000001,6,10,17,39,2,5.4,15,8,4,31,0,50.0,6,4,8,37,0,12.5,H
2023-05-08,Brighton,Everton,1,5,A,5,5,0,0,20,23,11,72,0,16.299999999999997,8,10,20,49,2,6.1,13,16,19,39,0,40.0,16,19,16,48,0,50.0,H
2023-05-08,Nottingham,Southampton,4,3,H,4,5,0,0,5,12,20,35,0,4.300000000000001,6,9,19,36,0,4.0,3,1,0,1,0,100.0,0,0,1,0,0,0.0,A
2023-05-13,Leeds,Newcastle,2,2,D,4,5,1,0,8,15,29,42,0,5.4,24,26,12,58,0,18.6,10,11,13,52,0,20.0,16,13,11,56,0,40.0,A
2023-05-13,Aston Villa,Tottenham,2,1,H,4,2,0,0,20,15,5,38,0,15.0,12,18,22,49,1,9.500000000000002,6,9,23,41,0,20.0,24,23,9,60,0,80.0,H
2023-05-13,Chelsea,Nottingham,2,2,D,6,2,0,0,11,11,14,43,0,8.100000000000001,7,14,21,35,0,6.4,1,1,1,2,0,0.0,1,1,1,5,0,0.0,H
2023-05-13,Crystal Palace,Bournemouth,2,0,H,5,0,0,0,13,14,14,40,0,10.8,18,13,16,46,0,14.400000000000002,13,12,9,36,1,33.33333333333333,10,9,12,33,0,22.22222222222222,A
2023-05-13,Man United,Wolves,2,0,H,9,0,0,0,14,8,13,54,0,11.1,16,12,15,41,1,13.000000000000002,18,8,5,36,0,50.0,9,5,8,49,0,20.0,H
2023-05-13,Southampton,Fulham,0,2,A,1,4,0,0,3,11,23,36,0,2.2,9,14,18,35,0,7.800000000000001,13,17,13,50,0,30.0,13,13,17,35,0,30.0,H
2023-05-14,Brentford,West Ham,2,0,H,10,4,0,0,12,12,12,37,1,9.7,14,15,17,40,0,10.7,15,10,2,32,0,100.0,0,2,10,17,0,0.0,H
2023-05-14,Everton,Man City,0,3,A,3,4,0,0,11,15,17,49,2,8.700000000000001,30,29,7,63,0,24.000000000000004,1,5,25,24,0,0.0,28,25,5,71,0,90.0,A
2023-05-14,Arsenal,Brighton,0,3,A,2,6,0,0,21,27,16,61,0,16.3,17,20,16,68,0,13.3,14,13,10,51,0,40.0,14,10,13,34,0,40.0,H
2023-05-15,Leicester,Liverpool,0,3,A,4,5,0,0,6,13,21,48,2,5.199999999999999,20,20,14,46,0,17.599999999999998,9,8,18,22,0,30.0,21,18,8,70,0,70.0,A
2023-05-18,Newcastle,Brighton,4,1,H,9,2,0,0,22,26,13,55,0,16.6,19,21,14,72,0,15.3,11,6,11,24,0,20.0,14,11,6,45,3,30.0,H
2023-05-20,Tottenham,Brentford,1,3,A,8,4,0,0,12,19,23,45,1,9.1,12,12,12,42,1,10.4,9,6,2,20,0,40.0,3,2,6,13,0,0.0,H
2023-05-20,Bournemouth,Man United,0,1,A,4,5,0,0,15,12,18,44,0,11.7,17,10,6,59,0,13.7,7,7,16,35,1,22.22222222222222,19,16,7,48,0,66.66666666666666,A
2023-05-20,Fulham,Crystal Palace,2,2,D,4,5,0,0,12,14,15,34,0,10.5,16,16,13,45,0,13.1,11,13,10,46,2,37.5,11,10,13,42,2,37.5,H
2023-05-20,Liverpool,Aston Villa,1,1,D,5,3,0,0,23,23,13,45,0,19.6,22,16,5,38,0,16.7,27,24,14,76,0,90.0,3,14,24,37,0,10.0,H
2023-05-20,Wolves,Everton,1,1,D,5,4,0,0,13,11,17,36,1,10.9,10,13,18,49,2,7.800000000000001,17,13,11,34,1,50.0,11,11,13,48,3,30.0,H
2023-05-20,Nottingham,Arsenal,1,0,H,2,3,0,0,8,15,20,32,0,7.300000000000001,18,24,17,54,0,13.7,0,0,5,2,0,0.0,3,5,0,10,0,100.0,A
2023-05-21,West Ham,Leeds,3,1,H,9,3,0,0,13,14,18,38,0,10.000000000000002,8,15,29,42,1,5.800000000000001,13,17,19,55,1,40.0,16,19,17,61,0,50.0,H
2023-05-21,Brighton,Southampton,3,1,H,8,1,0,0,16,21,18,69,0,12.6,2,11,25,33,0,1.4,12,15,15,41,1,20.0,12,15,15,41,0,20.0,H
2023-05-21,Man City,Chelsea,1,0,H,2,6,0,0,30,28,6,62,0,24.000000000000004,9,12,16,46,0,7.100000000000001,24,12,6,44,0,80.0,6,6,12,18,0,20.0,H
2023-05-22,Newcastle,Leicester,0,0,D,4,1,0,0,22,28,13,60,0,17.200000000000003,6,12,21,45,1,4.800000000000001,12,12,24,36,1,40.0,18,24,12,48,0,60.0,H
2023-05-24,Brighton,Man City,1,1,D,7,4,0,0,18,21,16,62,0,14.400000000000002,30,27,6,61,0,24.000000000000004,3,7,29,27,0,10.0,27,29,7,73,1,90.0,A
2023-05-25,Man United,Chelsea,4,1,H,9,5,0,0,19,11,6,60,0,15.2,6,9,16,46,0,5.0,14,13,7,36,0,20.0,8,7,13,47,0,0.0,H
2023-05-28,Arsenal,Wolves,5,0,H,8,0,0,0,15,21,18,50,0,11.2,14,11,16,37,1,10.9,20,15,8,37,4,60.0,8,8,15,45,1,20.0,H
2023-05-28,Aston Villa,Brighton,2,1,H,5,4,0,0,20,14,6,32,0,15.000000000000002,16,20,17,63,0,13.000000000000002,20,14,5,36,0,66.66666666666666,5,5,14,27,2,11.11111111111111,A
2023-05-28,Brentford,Man City,1,0,H,4,3,0,0,14,14,12,44,0,12.5,28,27,7,61,0,22.000000000000004,3,2,7,16,0,20.0,12,7,2,26,0,80.0,A
2023-05-28,Chelsea,Newcastle,1,1,D,5,4,0,0,5,8,18,44,0,4.2,20,26,13,58,0,15.400000000000002,24,15,3,43,0,80.0,6,3,15,18,0,20.0,A
2023-05-28,Crystal Palace,Nottingham,1,1,D,4,4,0,0,17,18,14,47,0,13.5,11,15,18,31,0,9.7,0,0,1,0,0,0.0,3,1,0,2,0,100.0,H
2023-05-28,Everton,Bournemouth,1,0,H,6,2,0,0,8,13,19,47,2,6.6,15,12,16,45,0,11.1,11,17,19,39,1,33.33333333333333,14,19,17,52,1,44.44444444444444,A
2023-05-28,Leeds,Tottenham,1,4,A,2,7,0,0,5,12,30,41,1,3.6000000000000005,9,17,25,46,1,6.799999999999999,4,11,25,44,1,10.0,25,25,11,62,1,80.0,A
2023-05-28,Leicester,West Ham,2,1,H,4,3,0,0,6,11,20,45,1,5.1000000000000005,13,16,19,45,0,10.3,12,17,21,40,2,30.0,15,21,17,45,1,40.0,A
2023-05-28,Man United,Fulham,2,1,H,8,3,0,0,22,15,5,68,0,17.5,13,16,14,36,0,10.9,26,24,9,91,0,80.0,2,9,24,61,1,0.0,H
2023-05-28,Southampton,Liverpool,4,4,D,10,8,0,0,2,12,26,33,0,1.4,24,23,10,49,0,19.600000000000005,3,5,26,32,0,10.0,27,26,5,55,0,90.0,A
