Date,HomeTeam,AwayTeam,FTHG,FTAG,FTR,HST,AST,HR,AR,HomeTeamPointLast20,HomeTeamGoalScoredLast20,HomeTeamGoalConcededLast20,HomeTeamShotTargetLast20,HomeTeamRedLast20,AwayTeamPointLast20,AwayTeamGoalScoredLast20,AwayTeamGoalConcededLast20,AwayTeamShotTargetLast20,AwayTeamRedLast20,HomeTeamPointWeightLast20,HomeTeamGoalScoredWeightLast20,HomeTeamGoalConcededWeightLast20,HomeTeamShotTargetWeightLast20,HomeTeamRedWeightLast20,AwayTeamPointWeightLast20,AwayTeamGoalScoredWeightLast20,AwayTeamGoalConcededWeightLast20,AwayTeamShotTargetWeightLast20,AwayTeamRedWeightLast20,FTR_Prediction
2022-08-05,Crystal Palace,Arsenal,0,2,A,2,2,0,0,28,26,19,85,0,37,34,25,100,3,0.6083925320246546,0.6899309699219955,0.133135873809213,1.4578077112179415,0.0,0.6139983878134485,1.0424116272654451,0.0804106948204141,1.3261530948828557,0.0416000000002621,H
2022-08-06,Fulham,Liverpool,2,2,D,3,4,0,0,16,12,26,67,0,51,44,11,133,0,0.2426652672328204,0.0807169073482825,0.0960645843027964,0.8924537140593296,0.0,0.0699999983589707,0.1095585283198209,0.2816128016400358,1.1591203596264592,0.0,A
2022-08-06,Bournemouth,Aston Villa,2,0,H,3,2,0,0,16,15,30,59,3,23,28,26,101,1,0.2105600622601437,0.4004019413001018,0.4401621045952591,1.1061545406416238,1.2800001363148804e-05,0.0656476162821193,0.2928374825828431,0.4851842367583211,1.3908636130543877,0.0016,H
2022-08-06,Leeds,Wolves,2,1,H,4,6,0,0,22,24,43,78,2,26,25,29,79,1,0.721600075071572,0.7249280545601042,0.2941038887208852,1.64521960169439,1.5728640000000017e-12,0.7451523710989633,0.3367812399133465,0.0496931973274848,1.4248633307755971,4.096000000000002e-09,H
2022-08-06,Newcastle,Nottingham,2,0,H,10,0,0,0,39,26,21,91,0,0,0,0,0,0,0.2698716190672736,0.2532157492954346,0.2416672155264719,1.6793854243803077,0.0,0.0,0.0,0.0,0.0,0.0,H
2022-08-06,Tottenham,Southampton,4,1,H,8,2,0,0,38,46,20,110,0,20,24,39,97,1,0.6010064634403148,0.6170253140186629,0.5079055607477043,2.157089083443936,0.0,0.3226700845940736,0.3706548471543208,0.2663063028533979,0.7284210333828987,0.2,H
2022-08-06,Everton,Chelsea,0,1,A,4,6,0,0,20,20,34,65,5,36,37,21,109,0,0.0048015492266328,0.2128006603217672,0.4647708273943773,1.0801349577949262,3.1744005242880016e-06,0.6485599360144692,0.6564727252944894,0.257920597238806,1.05106331508034,0.0,A
2022-08-07,Leicester,Brentford,2,2,D,5,3,0,0,27,31,26,82,0,26,27,31,82,2,0.0418321008278424,0.4436619723198589,0.6598457640029364,1.013885307754235,0.0,0.6000131716949214,0.4419229159269702,0.389574255448026,0.9812799591420004,5.120000104857602e-07,H
2022-08-07,Man United,Brighton,1,2,A,5,4,0,0,27,27,31,97,0,27,25,26,80,1,0.0692306580296171,0.1060200084361707,0.2883895759551437,0.6870265289824431,0.0,0.6505600070564762,0.6502405138204119,0.4497727906906741,1.1861297349400934,6.400000000000002e-05,H
2022-08-07,West Ham,Man City,0,2,A,1,2,0,0,28,30,27,73,1,49,55,17,124,0,0.744208959931207,0.9392927187296428,0.2851482963569594,1.44856073055646,6.5536000000000055e-12,0.7493522774014874,1.2581052521199751,0.6083277840715561,1.9477786717262449,0.0,A
2022-08-13,Aston Villa,Everton,2,1,H,4,4,0,0,23,27,26,98,1,20,19,33,64,5,0.3282380814105969,0.4641874129142154,0.4259211837916263,1.9543180652719585,0.008,0.024007746133164,0.0640033016088363,0.3238541369718971,0.4006747889746733,1.5872002621440005e-05,H
2022-08-13,Arsenal,Leicester,4,2,H,7,2,0,0,37,31,25,96,3,28,31,25,83,0,0.0699919390672735,0.2120581363272463,0.4020534741020705,0.6307654744142985,0.2080000000013107,0.2091605041392228,0.2183098615993152,0.2992288200147023,1.069426538771225,0.0,H
2022-08-13,Brighton,Newcastle,0,0,D,7,1,0,0,27,24,25,79,1,41,27,20,93,0,0.2528000352824118,0.2512025691020801,0.248863953453381,0.9306486747005086,0.00032,0.3493580953363992,0.2660787464771941,0.2083360776323596,0.3969271219016434,0.0,A
2022-08-13,Man City,Bournemouth,4,0,H,7,1,0,0,49,51,14,117,0,18,15,28,57,3,0.746761387007468,0.2905262605998961,0.0416389203577798,0.7388933586312444,0.0,0.05280031130075,0.0020097065005298,0.2008105229762953,0.5307727032081502,6.400000681574402e-05,H
2022-08-13,Southampton,Leeds,2,2,D,4,5,0,0,19,24,42,97,0,22,23,43,75,2,0.6133504229703681,0.8532742357716148,0.3315315142670313,1.642105166914514,0.0,0.608000375357891,0.6246402728005417,0.4705194436044364,1.2260980084719906,7.864320000000007e-12,H
2022-08-13,Wolves,Fulham,0,0,D,1,3,0,0,23,25,31,79,1,16,14,28,67,0,0.7257618554948159,0.683906199566743,0.2484659866374452,1.1243166538780482,2.048000000000001e-08,0.2133263361641126,0.4035845367414338,0.4803229215140033,1.4622685702966791,0.0,H
2022-08-13,Brentford,Man United,4,0,H,7,4,0,0,24,27,32,81,2,27,28,32,100,0,6.585847461707778e-05,0.209614579634872,0.947871277240151,0.9063997957100328,2.5600000524288014e-06,0.3461532901480858,0.5301000421808643,0.4419478797757396,1.4351326449122674,0.0,H
2022-08-14,Nottingham,West Ham,1,0,H,6,5,0,0,0,0,2,0,0,25,26,28,68,1,0.0,0.0,2.0971520000000024e-14,0.0,0.0,0.7210447996560344,0.6964635936482133,0.4257414817848178,1.24280365278231,3.276800000000003e-11,H
2022-08-14,Chelsea,Tottenham,2,2,D,3,5,0,0,36,35,20,111,0,38,47,19,108,0,0.2427996800723766,0.2823636264724569,0.2896029861940298,1.255316575401762,0.0,0.0050323172016049,0.085126570093356,0.5395278037385322,0.7854454172197638,0.0,A
2022-08-15,Liverpool,Crystal Palace,1,1,D,4,3,1,0,52,46,12,133,0,25,23,21,81,0,0.349999991794864,0.5477926415991257,0.4080640082001999,1.7956017981323376,0.0,0.0419626601232728,0.4496548496099771,0.6656793690460863,1.2890385560897273,0.0,H
2022-08-20,Tottenham,Wolves,1,0,H,4,3,0,0,39,49,19,110,0,21,22,30,75,1,0.0251615860080351,0.4256328504668009,0.6976390186926815,0.9272270860988712,0.0,0.6288092774740893,0.4195309978337149,0.242329933187226,0.6215832693902515,1.0240000000000007e-07,H
2022-08-20,Crystal Palace,Aston Villa,3,1,H,9,5,0,0,26,22,19,78,0,25,27,25,93,1,0.2098133006163745,0.2482742480498956,0.3283968452304411,0.4451927804486668,0.0,0.6411904070530159,0.3209370645710976,0.1296059189581421,0.771590326359834,0.04,H
2022-08-20,Everton,Nottingham,1,1,D,8,5,0,0,20,20,34,67,5,3,1,2,6,0,0.1200387306658201,0.320016508044192,0.6192706848595064,1.0033739448734085,7.936001310720003e-05,3.1457280000000035e-14,1.0485760000000012e-14,1.0485760000000012e-13,6.291456000000007e-14,0.0,D
2022-08-20,Fulham,Brentford,3,2,H,9,5,0,0,16,12,26,63,0,27,30,28,84,2,0.0666316808205736,0.0179226837071691,0.4016146075700167,0.3113428514834271,0.0,0.0003292923731168,0.0480728981744019,0.7393563862007547,0.5319989785502366,1.2800000262144005e-05,D
2022-08-20,Leicester,Southampton,1,2,A,1,3,0,0,27,32,28,80,0,17,22,43,95,0,0.0458025206961143,0.0915493079965971,0.4961441000735533,0.3471326938561459,0.0,0.0667521148518505,0.2663711788580943,0.6576575713351775,2.210525834572611,0.0,H
2022-08-20,Bournemouth,Arsenal,0,3,A,1,6,0,0,18,15,31,56,3,40,34,25,101,2,0.2640015565037503,0.0100485325026492,0.0040526148815185,0.6538635160407613,0.0003200000340787,0.3499596953363992,0.0602906816362735,0.0102673705103733,1.1538273720715655,0.0400000000065536,A
2022-08-21,Leeds,Chelsea,3,0,H,6,3,0,1,20,22,43,75,2,36,36,21,109,0,0.0400018767894649,0.1232013640027288,0.3525972180222031,1.1304900423600048,3.9321600000000025e-11,0.2139984003618937,0.4118181323623052,0.4480149309701698,1.2765828770088408,0.0,A
2022-08-21,West Ham,Brighton,0,2,A,3,2,0,0,22,23,27,68,1,27,23,24,82,1,0.6052239982801716,0.482317968241066,0.1287074089240992,1.2140182639116026,1.638400000000001e-10,0.2640001764120697,0.2560128455104004,0.2443197672669053,0.6532433735026162,0.0016,A
2022-08-21,Newcastle,Man City,3,3,D,6,10,0,0,41,26,19,93,0,49,54,14,121,0,0.7467904766820065,0.3303937323859706,0.0416803881617981,0.9846356095082276,0.0,0.7338069350373708,0.4526313029995227,0.2081946017888993,0.6944667931562949,0.0,A
2022-08-22,Man United,Liverpool,2,1,H,4,5,0,0,26,26,34,98,0,52,45,11,131,1,0.7307664507404289,0.6505002109043213,0.2097393988787398,1.1756632245613785,0.0,0.7499999589743305,0.7389632079956385,0.0403200410010098,2.978008990661728,1.0485760000000012e-14,A
2022-08-27,Southampton,Man United,0,1,A,5,6,0,0,20,23,41,88,0,26,25,34,97,0,0.3337605742592839,0.3318558942904923,0.288287856675898,1.0526291728630863,0.0,0.6538322537021756,0.2525010545216271,0.0486969943937096,0.8783161228069334,0.0,H
2022-08-27,Brentford,Everton,1,1,D,5,7,0,0,27,32,28,88,2,21,20,32,72,5,0.0016464618655842,0.2403644908720305,0.6967819310038045,1.659994892751235,6.400000131072003e-05,0.6001936533291113,0.6000825402209705,0.0963534242975423,2.016869724367125,0.000396800065536,H
2022-08-27,Brighton,Leeds,1,0,H,4,2,0,0,29,24,23,82,1,23,25,42,77,2,0.3200008820603801,0.280064227552023,0.2215988363345264,1.2662168675131014,0.008,0.2000093839473561,0.6160068200136757,0.7629860901110155,1.652450211800086,1.9660800000000012e-10,H
2022-08-27,Chelsea,Leicester,2,1,H,3,5,1,0,35,34,22,106,1,27,33,28,80,0,0.0699920018094686,0.059090661811526,0.2400746548508806,0.3829143850442346,1.0485760000000012e-14,0.2290126034805719,0.4577465399829961,0.4807205003677873,0.73566346928074,0.0,H
2022-08-27,Liverpool,Bournemouth,9,0,H,12,2,0,0,49,43,13,123,1,17,15,34,55,3,0.7499997948716517,0.6948160399782026,0.20160020500507,1.8900449533086927,5.2428800000000056e-14,0.3200077825187513,0.0502426625132462,0.0202630744076242,1.2693175802038166,0.0016000001703936,H
2022-08-27,Man City,Crystal Palace,4,2,H,5,2,0,0,47,55,16,129,0,28,24,19,86,0,0.6690346751868641,0.2631565149976448,0.0409730089445281,1.4723339657815788,0.0,0.049066503081904,0.2413712402495098,0.6419842261522161,1.225963902243428,0.0,H
2022-08-27,Arsenal,Fulham,2,1,H,8,3,0,0,42,37,25,102,2,19,15,26,71,0,0.7497984766820275,0.3014534081813991,0.0513368525518667,0.76913686035789,0.200000000032768,0.3331584041028996,0.0896134185358773,0.0080730378501043,0.5567142574172301,0.0,H
2022-08-28,Aston Villa,West Ham,0,1,A,3,2,0,0,22,27,28,95,1,19,21,29,66,1,0.2059520352650789,0.6046853228554985,0.6480295947907421,0.8579516317992223,0.2,0.0261199914008576,0.4115898412053299,0.6435370446205172,1.0700913195580444,8.192000000000004e-10,H
2022-08-28,Wolves,Newcastle,1,1,D,4,6,0,0,18,20,30,76,1,39,28,22,96,0,0.144046387370446,0.0976549891685744,0.2116496659361405,1.107916346951289,5.120000000000002e-07,0.7339523834100424,0.6519686619298845,0.2084019408090222,1.9231780475411997,0.0,A
2022-08-28,Nottingham,Tottenham,0,2,A,1,7,0,0,4,2,3,11,0,42,48,16,111,0,1.6777216000000022e-13,6.291456000000007e-14,5.347737600000006e-13,3.670016000000004e-13,0.0,0.1258079300402073,0.1281642523340151,0.488195093463407,1.6361354304943976,0.0,A
2022-08-30,Crystal Palace,Brentford,1,1,D,4,3,0,0,28,25,20,83,0,28,32,26,85,2,0.2453325154095202,0.20685620124757,0.2099211307611219,1.1298195112171616,0.0,0.0082323093279316,0.2018224543601629,0.4839096550190324,0.2999744637562258,0.0003200000065536,A
2022-08-30,Fulham,Brighton,2,1,H,3,4,0,0,18,16,28,72,0,31,24,22,81,1,0.6657920205144983,0.4480670926793972,0.0403651892505424,0.7835712870861821,0.0,0.600004410301932,0.4003211377601256,0.1079941816726323,1.331084337565548,0.04,H
2022-08-30,Southampton,Chelsea,2,1,H,7,4,0,0,19,22,41,90,0,38,36,22,108,2,0.6688028712964196,0.6592794714524616,0.4414392833795005,2.263145864315483,0.0,0.3499600090473745,0.2954533090576512,0.2003732742544136,0.9145719252212045,6.291456000000007e-14,A
2022-08-30,Leeds,Everton,1,1,D,5,2,0,0,22,22,40,71,2,19,18,33,69,5,4.691973678039042e-05,0.0800341000683782,0.8149304505550872,0.2622510590004508,9.830400000000008e-10,0.0009682666455669,0.0004127011048626,0.4817671214877219,0.0843486218356995,0.00198400032768,H
2022-08-31,Arsenal,Aston Villa,2,1,H,9,3,0,0,42,38,26,108,1,21,24,26,94,0,0.7489923834101683,0.5072670409070164,0.2566842627593444,1.8456843017895332,1.638400000000001e-10,0.0297601763253944,0.0234266142774919,0.2401479739537201,0.2897581589961429,0.0,H
2022-08-31,Bournemouth,Wolves,0,0,D,2,4,0,0,16,15,43,52,3,19,21,30,76,1,0.6000389125937563,0.2512133125662311,0.1013153720382154,1.346587901019103,0.008000000851968,0.7202319368522407,0.4882749458428828,0.0582483296807131,1.539581734756486,2.5600000000000013e-06,H
2022-08-31,Man City,Nottingham,6,0,H,9,1,0,0,47,58,18,128,0,4,2,5,12,0,0.3451733759343513,0.3157825749882661,0.2048650447226614,1.3616698289079452,0.0,8.388608000000009e-13,3.145728000000004e-13,2.6948403200000026e-12,1.845493760000002e-12,0.0,H
2022-08-31,West Ham,Tottenham,1,1,D,4,4,0,0,22,20,26,63,1,45,50,14,111,0,0.1305999570043194,0.05794920602666,0.2176852231025852,0.3504565977902429,4.096000000000002e-09,0.629039650201068,0.6408212616700967,0.440975467317035,1.1806771524720605,0.0,A
2022-08-31,Liverpool,Newcastle,2,1,H,6,2,0,0,49,49,12,128,1,37,26,22,93,0,0.7499989743582892,0.4740801998911072,0.00800102502535,2.450224766543589,2.621440000000003e-13,0.6697619170502221,0.2598433096494324,0.0420097040451213,0.6158902377060604,0.0,H
2022-09-01,Leicester,Man United,0,1,A,2,2,0,0,26,32,28,83,0,26,25,34,100,0,0.1450630174028595,0.288732699914991,0.4036025018389574,1.6783173464037526,0.0,0.2691612685109087,0.2625052726081461,0.243484971968548,1.391580614034729,0.0,H
2022-09-03,Everton,Liverpool,0,0,D,3,8,0,0,20,19,32,71,5,49,49,13,123,1,0.004841333227845,0.0020635055243237,0.4088356074386201,0.4217431091785184,0.0099200016384,0.7499948717914772,0.3704009994555569,0.0400051251267607,1.251123832718004,1.3107200000000013e-12,A
2022-09-03,Brentford,Leeds,5,2,H,8,6,0,0,29,32,25,87,2,23,23,38,76,2,0.0411615466396686,0.0091122718008252,0.4195482750951725,0.4998723187811602,0.001600000032768,0.0002345986839124,0.4001705003419016,1.074652252775446,1.3112552950023064,4.915200000000003e-09,H
2022-09-03,Chelsea,West Ham,2,1,H,3,3,0,0,37,36,23,109,2,23,21,26,66,1,0.7498000452368729,0.4772665452882664,0.0018663712720892,1.5728596261060637,3.145728000000004e-13,0.6529997850216078,0.2897460301333109,0.0884261155129367,0.7522829889512566,2.048000000000001e-08,H
2022-09-03,Newcastle,Crystal Palace,0,0,D,6,9,0,0,34,26,24,93,0,28,25,20,82,0,0.3488095852511101,0.2992165482471726,0.2100485202256278,1.0794511885303233,0.0,0.2266625770476116,0.0342810062378605,0.0496056538056202,0.6490975560858495,0.0,H
2022-09-03,Nottingham,Bournemouth,2,3,A,3,3,0,0,4,2,11,13,0,14,14,43,48,3,4.194304000000004e-12,1.5728640000000017e-12,1.3537116160000011e-11,9.23795456000001e-12,0.0,0.0001945629687912,0.2560665628311552,0.5065768601910772,0.7329395050955356,0.04000000425984,A
2022-09-03,Tottenham,Fulham,2,1,H,10,3,0,0,43,48,13,110,0,18,16,29,72,0,0.1451982510053497,0.2041063083504933,0.2048773365851855,0.903385762360344,0.0,0.3289601025725223,0.240335463397007,0.2018259462527228,0.9178564354309412,0.0,H
2022-09-03,Wolves,Southampton,1,0,H,2,1,0,0,17,19,30,73,1,19,21,40,87,0,0.6011596842612137,0.441374729214414,0.2912416484035658,0.6979086737824705,1.2800000000000005e-05,0.3440143564821286,0.2963973572623283,0.2071964168975129,1.315729321577488,0.0,H
2022-09-03,Aston Villa,Man City,1,1,D,1,4,0,0,21,25,27,96,0,49,63,17,132,0,0.1488008816269722,0.11713307138747,0.2007398697686217,0.4487907949807456,0.0,0.725866879671788,0.5789128749413932,0.0243252236133072,1.8083491445398203,0.0,A
2022-09-04,Brighton,Leicester,5,2,H,11,4,0,0,28,23,24,79,1,26,31,27,78,0,2.205150965923841e-05,0.0016056888006384,0.5399709083631826,0.6554216878277814,0.2,0.7253150870142977,0.4436634995749552,0.0180125091947977,1.391586732018783,0.0,D
2022-09-04,Man United,Arsenal,3,1,H,6,3,0,0,28,25,33,97,0,42,38,26,109,1,0.3458063425545752,0.3125263630407408,0.2174248598427402,1.9579030701736675,0.0,0.7449619170508722,0.5363352045351024,0.2834213137967324,1.228421508947761,8.192000000000004e-10,A
2022-09-16,Aston Villa,Southampton,1,0,H,3,1,0,0,22,26,27,96,0,18,20,40,84,0,0.7440044081348713,0.5856653569373609,0.0036993488431192,1.2439539749037385,0.0,0.7200717824106432,0.4819867863116415,0.0359820844875749,2.578646607887451,0.0,D
2022-09-16,Nottingham,Fulham,2,3,A,3,7,0,0,4,4,14,16,0,17,16,30,72,0,2.0971520000000014e-11,7.885291520000007e-12,6.771703808000006e-11,4.622123008000004e-11,0.0,0.6448005128626111,0.2016773169850456,0.0091297312636351,1.5892821771547363,0.0,D
2022-09-17,Wolves,Man City,0,3,A,1,7,1,0,17,18,29,72,1,47,62,18,129,0,0.0057984213060996,0.2068736460720806,0.4562082420178289,0.489543368912373,6.400000000000002e-05,0.6293343983589498,0.8945643747069763,0.1216261180665469,2.041745722699143,0.0,A
2022-09-17,Newcastle,Bournemouth,1,1,D,7,3,0,0,34,25,23,96,0,17,16,43,48,3,0.744047926255561,0.4960827412358627,0.0502426011281391,2.397255942651679,0.0,0.0009728148439878,0.2803328141558074,0.5328843009554068,0.664697525477709,0.2000000212992,H
2022-09-17,Tottenham,Leicester,6,2,H,11,7,0,0,46,50,13,118,0,23,31,32,76,0,0.7259912550267802,1.0205315417524876,0.0243866829259381,2.516928811801825,0.0,0.626575435071488,0.218317497874797,0.090062545974041,0.9579336600939556,0.0,H
2022-09-18,Brentford,Arsenal,0,3,A,2,7,0,0,32,37,25,93,2,39,37,28,107,1,0.2058077331983748,0.0455613590041788,0.0977413754758837,0.4993615939058847,0.00800000016384,0.7248095852543608,0.6816760226755223,0.4171065689836932,1.142107544738836,4.096000000000002e-09,A
2022-09-18,Everton,West Ham,1,0,H,2,4,0,0,21,19,31,72,5,20,21,28,66,1,0.0242066661392357,0.0103175276216188,1.0441780371931004,0.1087155458926235,0.049600008192,0.2649989251080389,0.4487301506665651,0.4421305775647045,0.7614149447563138,1.0240000000000007e-07,D
2022-10-01,Arsenal,Tottenham,3,1,H,9,3,0,1,39,37,26,110,1,46,52,15,118,0,0.6240479262718349,0.4083801133776424,0.0855328449184661,1.7105377236942534,2.048000000000001e-08,0.6299562751339319,1.102657708762501,0.1219334146297115,1.584644059009238,0.0,A
2022-10-01,Bournemouth,Brentford,0,0,D,1,4,0,0,18,16,42,49,2,31,37,28,93,2,0.0048640742199499,0.4016640707790478,0.6644215047770448,1.3234876273885765,1.0649600000000007e-07,0.0290386659918741,0.2278067950208942,0.48870687737945,0.4968079695294445,0.0400000008192,A
2022-10-01,Crystal Palace,Chelsea,1,2,A,3,3,0,0,28,25,20,88,0,37,36,24,105,2,0.1333128852380687,0.1714050311893025,0.2480282690281013,0.2454877804293417,0.0,0.7490002261843955,0.3863327264413529,0.0093318563604568,0.8642981305303488,1.5728640000000017e-12,H
2022-10-01,Fulham,Newcastle,1,4,A,1,10,1,0,17,18,32,72,0,32,24,24,92,0,0.2240025643130867,0.0083865849252596,0.0456486563181966,0.9464108857737558,0.0,0.7202396312778153,0.4804137061793242,0.2512130056407063,0.9862797132584662,0.0,D
2022-10-01,Liverpool,Brighton,3,3,D,7,6,0,0,47,48,13,127,1,31,28,24,87,0,0.749974358957396,0.8520049972777846,0.2000256256338034,2.2556191635901044,6.5536000000000055e-12,0.0001102575483276,0.0080284440032444,0.699854541815934,0.2771084391390223,0.0,H
2022-10-01,Southampton,Everton,1,2,A,6,5,0,0,15,18,41,74,0,24,20,26,74,5,0.6003589120532153,0.4099339315582075,0.1799104224378854,1.8932330394372645,0.0,0.1210333306962103,0.0515876381081049,0.2208901859655024,0.5435777294631384,0.24800004096,H
2022-10-01,West Ham,Wolves,2,0,H,5,4,0,0,19,19,27,67,1,17,17,30,71,2,0.3249946255401943,0.2436507533328253,0.2106528878235327,0.8070747237816102,5.120000000000002e-07,0.0289921065304981,0.0343682303604031,0.2810412100891758,0.4477168445618756,0.0003200000000104,H
2022-10-02,Man City,Man United,6,3,H,10,8,0,0,47,61,18,127,0,30,27,33,95,0,0.1466719917947801,0.4728218735349124,0.6081305903327348,1.2087286134957882,0.0,0.7290317127729075,0.5626318152037355,0.0871242992137116,1.789515350868398,0.0,H
2022-10-02,Leeds,Aston Villa,0,0,D,1,7,1,0,23,23,39,76,2,22,25,27,95,0,0.0011729934195621,0.0008525017095287,1.3732612638772823,0.5562764750115937,2.457600000000001e-08,0.720022040674388,0.9283267846868148,0.0184967442155962,2.2197698745187227,0.0,A
2022-10-03,Leicester,Nottingham,4,0,H,7,3,0,0,20,32,38,79,0,4,6,17,19,0,0.13287717535744,0.0915874893740061,0.4503127298702679,0.7896683004698507,0.0,1.0485760000000008e-10,3.9447429120000034e-11,3.386166476800002e-10,2.3113760768000017e-10,0.0,H
2022-10-08,Bournemouth,Leicester,2,1,H,4,5,0,0,19,14,39,44,2,23,36,36,83,0,0.02432037109976,0.0083203538952388,0.3221075238852231,0.617438136942891,5.324800000000003e-07,0.6643858767872316,0.4579374468700727,0.2515636493513392,0.9483415023493263,0.0,A
2022-10-08,Chelsea,Wolves,3,0,H,7,2,0,0,37,37,25,105,2,17,17,31,74,2,0.745001130922009,0.9316636322067856,0.0466592818022947,1.3214906526517742,7.864320000000007e-12,0.1449605326524908,0.1718411518020157,0.4052060504458998,1.23858422280942,0.0016000000000524,H
2022-10-08,Man City,Southampton,4,0,H,8,0,0,0,50,65,18,133,0,12,17,43,71,0,0.7333599589739319,0.3641093676746251,0.0406529516637048,2.043643067479045,0.0,0.0017945602660761,0.0496696577910479,0.899552112189448,0.4661651971863846,0.0,H
2022-10-08,Newcastle,Brentford,5,1,H,6,3,0,0,32,26,24,98,0,32,36,26,95,2,0.6011981563891077,0.4020685308966627,0.256065028203542,0.9313985662924358,0.0,0.1451933299593812,0.139033975104471,0.4435343868972499,0.4840398476472642,0.200000004096,A
2022-10-08,Brighton,Tottenham,0,1,A,4,3,0,0,32,31,24,92,0,43,48,18,114,1,0.0005512877416487,0.0401422200162536,0.4992727090797006,0.3855421956951743,0.0,0.1497813756696592,0.5132885438125153,0.6096670731485893,0.9232202950462198,1.0485760000000012e-14,A
2022-10-09,Crystal Palace,Leeds,2,1,H,5,4,0,0,28,26,21,91,0,24,23,33,75,3,0.6665644261903435,0.857025155946523,0.2401413451405276,1.2274389021467398,0.0,0.0058649670978214,0.0042625085476438,0.8663063193864111,0.7813823750579789,1.2288001048576006e-07,H
2022-10-09,West Ham,Fulham,3,1,H,8,2,0,0,21,20,26,69,1,16,19,36,69,1,0.6249731277010031,0.2182537666641474,0.0532644391176634,1.0353736189081029,2.5600000000000013e-06,0.1200128215654334,0.0419329246263089,0.228243281591025,0.732054428868789,1.0485760000000012e-14,H
2022-10-09,Arsenal,Liverpool,3,2,H,7,3,0,0,39,38,27,111,1,45,48,15,126,1,0.1202396313592057,0.0419005668882435,0.4276642245923412,0.5526886184713611,1.0240000000000007e-07,0.7498717947869896,1.260024986388954,0.0001281281690488,3.2780958179505943,3.276800000000003e-11,A
2022-10-09,Everton,Man United,1,2,A,2,4,0,0,27,22,26,77,4,27,28,39,96,0,0.6051666534810833,0.2579381905405457,0.1044509298275228,0.7178886473157444,0.2400002048,0.6451585638645367,0.8131590760187088,0.435621496068621,1.9475767543420732,0.0,H
2022-10-10,Nottingham,Aston Villa,1,1,D,3,2,0,0,4,6,21,22,0,20,21,27,93,0,5.242880000000005e-10,1.9723714560000012e-10,1.693125181440001e-09,1.155719495680001e-09,0.0,0.60011020337195,0.6416339234340734,0.0924837210779812,2.098849372593686,0.0,D
2022-10-14,Brentford,Brighton,2,0,H,3,7,0,0,32,37,29,97,1,32,31,23,95,0,0.7259666497969063,0.6951698755223658,0.2176719344863019,1.4201992382363522,2.048000000000001e-08,0.0027564387082436,0.2007111000812683,0.4963635453985136,0.9277109784759134,0.0,H
2022-10-15,Leicester,Crystal Palace,0,0,D,5,1,0,0,20,35,37,84,0,28,24,21,91,0,0.3219293839361573,0.2896872343503739,0.257818246756717,0.7417075117466847,0.0,0.3328221309517484,0.2851257797326353,0.2007067257026484,1.137194510733751,0.0,H
2022-10-15,Fulham,Bournemouth,2,2,D,4,6,0,0,16,20,38,68,1,22,16,39,45,2,0.6000641078271673,0.2096646231315553,0.1412164079551565,0.6602721443439654,5.2428800000000056e-14,0.1216018554988318,0.0416017694762152,0.6105376194261262,0.0871906847144961,2.6624000000000014e-06,D
2022-10-15,Wolves,Nottingham,1,0,H,2,2,0,0,17,17,32,71,2,5,7,22,25,0,0.7248026632624539,0.8592057590100788,0.0260302522295307,1.1929211140471208,0.0080000000002621,2.6214504857600022e-09,9.861962137600006e-10,8.465636392960006e-09,5.778628935680004e-09,0.0,D
2022-10-15,Tottenham,Everton,2,0,H,7,0,0,0,46,47,15,114,1,24,22,28,76,3,0.7489068783483277,0.5664427190625869,0.0483353657429459,1.61610147523113,5.2428800000000056e-14,0.025833267405416,0.2896909527027391,0.5222546491376351,0.5894432365787428,0.200001024,H
2022-10-16,Aston Villa,Chelsea,0,2,A,7,4,0,0,18,19,28,86,0,37,36,25,107,2,0.00055101685976,0.2081696171703769,0.4624186053899164,1.49424686296845,0.0,0.725005654610076,0.6583181610339586,0.2332964090114736,1.6074532632589449,3.9321600000000025e-11,A
2022-10-16,Leeds,Arsenal,0,1,A,4,4,0,0,24,24,31,76,3,42,41,27,116,1,0.0293248354891071,0.0213125427382295,0.331531596932076,0.906911875289936,6.144000524288003e-07,0.60119815679606,0.2095028344412491,0.1383211229617272,0.7634430923568789,5.120000000000002e-07,A
2022-10-16,Man United,Newcastle,0,0,D,2,2,0,0,27,26,38,91,0,32,29,24,100,0,0.2257928193227148,0.065795380093565,0.1781074803431152,0.7378837717104094,0.0,0.0059907819455696,0.0103426544833658,0.2803251410177202,0.6569928314622417,0.0,A
2022-10-16,Southampton,West Ham,1,1,D,8,4,0,0,12,17,43,70,0,21,22,27,73,1,0.0089728013303808,0.2483482889552396,0.4977605609472812,1.3308259859319227,0.0,0.1248656385050463,0.0912688333207686,0.2663221955883277,1.1768680945405972,1.2800000000000005e-05,H
2022-10-16,Liverpool,Man City,1,0,H,2,6,0,0,42,44,18,114,1,50,68,18,133,0,0.7493589739349477,0.3001249319447901,0.0006406408452754,1.3904790897530033,1.638400000000001e-10,0.6667997948696908,0.8205468383731673,0.203264758318524,2.2182153373953084,0.0,H
2022-10-18,Brighton,Nottingham,0,0,D,7,0,0,0,32,30,23,98,0,5,7,23,27,0,0.0137821935412183,0.0035555004063416,0.4818177269925885,0.6385548923796404,0.0,1.3107252428800008e-08,4.930981068800003e-09,4.2328192450560034e-08,2.8893165649920015e-08,0.0,H
2022-10-18,Crystal Palace,Wolves,2,1,H,4,4,0,0,28,23,20,88,0,17,14,32,68,2,0.6641106547587522,0.4256288986631766,0.0035336285132423,1.685972553668766,0.0,0.6240133163123004,0.2960287950504041,0.1301512611476537,0.9646055702356244,0.0400000000013107,H
2022-10-19,Bournemouth,Southampton,0,1,A,3,3,0,0,23,18,38,51,2,13,17,42,73,0,0.6080092774941696,0.2080088473810973,0.0526880971306513,0.4359534235725437,1.3312000000000004e-05,0.0448640066519144,0.2417414447762086,0.4888028047364168,1.6541299296596972,0.0,H
2022-10-19,Brentford,Chelsea,0,0,D,5,5,0,0,32,36,28,94,1,37,35,24,104,2,0.6298332489845625,0.4758493776118494,0.0883596724315095,1.1009961911817916,1.0240000000000007e-07,0.6250282730504114,0.2915908051698136,0.1664820450573681,1.0372663162947662,1.9660800000000012e-10,H
2022-10-19,Liverpool,West Ham,1,0,H,7,3,0,0,42,44,18,111,1,22,23,27,72,1,0.7467948696747693,0.500624659723961,0.0032032042263773,1.9523954487650368,8.192000000000004e-10,0.6243281925252423,0.4563441666038537,0.3316109779416488,0.8843404727030278,6.400000000000002e-05,H
2022-10-19,Newcastle,Everton,1,0,H,4,0,0,0,33,29,23,100,0,24,21,28,74,2,0.0299539097278585,0.0517132724168294,0.4016257050886013,1.2849641573112298,0.0,0.1291663370270802,0.4484547635136954,0.6112732456881961,0.947216182893714,5.120000000000003e-06,H
2022-10-19,Man United,Tottenham,2,0,H,10,2,0,0,27,26,38,90,0,46,47,15,114,1,0.1289640966135847,0.3289769004678251,0.890537401715576,0.6894188585520674,0.0,0.7445343917416698,0.8322135953129552,0.2416768287147295,1.0805073761557231,2.621440000000003e-13,A
2022-10-20,Fulham,Aston Villa,3,0,H,8,6,0,1,14,21,40,69,1,18,18,28,86,0,0.0003205391358466,0.0483231156577973,0.7060820397758036,0.3013607217198688,2.621440000000003e-13,0.0027550842988003,0.0408480858518847,0.312093026949603,0.4712343148423231,0.0,H
2022-10-20,Leicester,Leeds,2,0,H,1,2,0,0,20,34,36,86,0,24,24,31,76,3,0.609646919680797,0.4484361717518696,0.2890912337835852,0.7085375587334751,0.0,0.1466241774455357,0.1065627136911474,0.6576579846603906,0.5345593764497222,3.0720002621440014e-06,H
2022-10-22,Nottingham,Liverpool,1,0,H,7,7,0,0,6,7,23,27,0,42,43,18,109,1,6.553627262976004e-08,2.4654905344000016e-08,2.116409622528001e-07,1.444658282496001e-07,0.0,0.7339743483738772,0.5031232986198154,0.0160160211318865,0.7619772438252567,4.096000000000002e-09,A
2022-10-22,Everton,Crystal Palace,3,0,H,6,2,0,0,24,19,26,70,2,28,23,21,84,0,0.645831685135401,0.2422738175684772,0.0563662284409903,0.7360809144685692,2.560000000000001e-05,0.3205532737937919,0.128144493315904,0.017668142566222,0.4298627683438717,0.0,A
2022-10-22,Man City,Brighton,3,1,H,4,2,0,0,47,64,18,129,0,33,30,21,102,0,0.3339989743484535,0.1027341918658363,0.0163237915926305,1.091076686976605,0.0,0.068910967706102,0.0177775020317081,0.4090886349629424,0.1927744618982749,0.0,H
2022-10-22,Chelsea,Man United,1,1,D,2,6,0,0,35,34,24,106,2,30,27,34,98,0,0.1251413652520671,0.4579540258490679,0.8324102252868404,2.1863315814738824,9.830400000000008e-10,0.6448204830679553,0.6448845023391463,0.4526870085778801,1.447094292760442,0.0,H
2022-10-23,Aston Villa,Brentford,4,0,H,11,3,0,0,18,18,30,91,1,30,34,28,95,1,0.0137754214940016,0.2042404292594237,0.5604651347480465,1.356171574211678,1.0485760000000012e-14,0.1491662449228225,0.379246888059247,0.4417983621575475,1.5049809559090104,5.120000000000002e-07,A
2022-10-23,Leeds,Fulham,2,3,A,5,5,0,0,24,24,30,77,3,17,24,37,77,1,0.7331208872276789,0.5328135684557374,0.2882899233019737,1.672796882248632,1.5360001310720004e-05,0.0016026956792646,0.241615578289018,0.5304101988790174,1.506803608599428,1.3107200000000013e-12,H
2022-10-23,Southampton,Arsenal,1,1,D,3,3,0,0,16,17,40,69,0,42,41,27,117,1,0.2243200332596039,0.2087072238810536,0.4440140236820841,1.270649648298517,0.0,0.0059907839803313,0.0475141722062559,0.6916056148086359,0.8172154617844363,2.5600000000000013e-06,A
2022-10-23,Wolves,Leicester,0,4,A,5,4,0,0,14,14,34,69,2,20,34,35,84,0,0.1200665815615013,0.4801439752520309,0.6507563057382897,1.823027851178164,0.2000000000065536,0.048234598404016,0.2421808587593692,0.4454561689179259,0.5426877936673856,0.0,D
2022-10-23,Tottenham,Newcastle,1,2,A,5,5,0,0,43,44,16,112,1,36,30,22,98,0,0.7226719587083487,1.1610679765647751,0.2083841435736683,1.4025368807786365,1.3107200000000013e-12,0.1497695486393241,0.2585663620841577,1.0081285254430066,0.4248207865561901,0.0,H
2022-10-24,West Ham,Bournemouth,2,0,H,4,3,0,0,19,21,27,71,1,20,17,39,52,2,0.121640962626211,0.2817208330192683,0.6580548897082548,0.4217023635151704,0.00032,0.0400463874708471,0.0400442369054867,0.2634404856532671,0.1797671178627501,6.656000000000003e-05,H
2022-10-29,Leicester,Man City,0,1,A,5,5,0,0,23,37,33,86,0,49,67,19,129,0,0.2411729920201117,0.2109042937968879,0.2272808445896294,0.71343896833697,0.0,0.669994871742299,0.5136709593292133,0.0816189579631631,1.4553834348830683,0.0,A
2022-10-29,Bournemouth,Tottenham,2,3,A,4,7,0,0,20,17,40,55,2,40,40,17,111,1,0.2002319373542359,0.2002211845274337,0.3172024282663565,0.8988355893137822,0.0003328,0.6133597935417426,0.8053398828238871,0.0419207178683626,1.0126844038932332,6.5536000000000055e-12,A
2022-10-29,Brentford,Wolves,1,1,D,3,4,0,1,30,33,30,92,1,14,12,35,66,1,0.7458312246141126,0.8962344402962351,0.2089918107877795,1.5249047795450827,2.5600000000000013e-06,0.6003329078075065,0.4007198762601546,0.2537815286914902,1.1151392558908704,3.276800000000003e-11,H
2022-10-29,Brighton,Chelsea,4,1,H,9,7,0,0,33,31,22,104,0,36,34,21,100,2,0.34455483853051,0.0888875101585513,0.0454431748147432,0.9638723094913956,0.0,0.6257068262603465,1.2897701292453505,0.1620511264342121,2.931657907369432,4.915200000000003e-09,A
2022-10-29,Crystal Palace,Southampton,1,0,H,3,4,0,0,27,23,24,85,0,16,17,40,66,0,0.6027663689689596,0.64072246657952,0.0883407128311418,1.1493138417193791,0.0,0.1216001662980299,0.0435361194052786,1.220070118410431,0.3532482414926155,0.0,H
2022-10-29,Newcastle,Aston Villa,4,0,H,7,0,0,0,39,31,18,102,0,21,21,28,97,1,0.748847743196652,0.2928318104208094,0.0406426272150428,1.124103932781003,0.0,0.0688771074700397,0.0212021462971606,0.8023256737402323,1.7808578710585057,5.2428800000000056e-14,H
2022-10-29,Fulham,Everton,0,0,D,6,4,0,0,20,26,37,76,1,24,21,26,73,2,0.0080134783963548,0.2080778914451213,0.6520509943951079,1.5340180429971917,6.5536000000000055e-12,0.2291584256770363,0.2113690878424174,0.2818311422049517,0.6804045723429084,0.000128,H
2022-10-29,Liverpool,Leeds,1,2,A,10,6,0,0,39,41,19,113,1,21,24,32,75,3,0.6698717418693854,0.5156164930990769,0.0800801056594434,0.8098862191263562,2.048000000000001e-08,0.6656044361383937,0.6640678422787079,0.4414496165098999,1.3639844112432105,7.680000655360003e-05,H
2022-10-30,Arsenal,Nottingham,5,0,H,10,2,0,0,43,42,25,117,1,9,8,23,34,0,0.0299539199016671,0.2375708610312903,0.4580280740431895,1.086077308922212,1.2800000000000005e-05,3.276813946060802e-07,1.2327453720576006e-07,1.0582048112640006e-06,7.223292146483203e-07,0.0,H
2022-10-30,Man United,West Ham,1,0,H,3,5,0,0,28,25,33,98,0,22,22,24,74,1,0.2241024153397861,0.2244225116957416,0.2634350428894108,1.2354714638022712,0.0,0.6082048131310867,0.4086041650963625,0.2902744485412733,1.1085118175758937,0.0016,H
2022-11-05,Leeds,Bournemouth,4,3,H,4,6,0,0,21,23,31,75,3,19,18,42,55,2,0.3280221806919995,0.3203392113935595,0.20724808254951,0.8199220562161147,0.000384000032768,0.0011596867711795,0.0011059226371896,0.5860121413318136,0.4941779465689524,0.001664,H
2022-11-05,Man City,Fulham,2,1,H,5,2,1,0,49,66,19,128,0,21,25,34,75,1,0.3499743587115257,0.5683547966460762,0.4080947898158154,1.2769171744153929,0.0,0.0400673919817849,0.0403894572256067,0.2602549719755391,0.6700902149860204,3.276800000000003e-11,H
2022-11-05,Nottingham,Brentford,2,2,D,7,2,0,0,9,8,28,36,0,28,30,30,89,1,1.6384069730304007e-06,6.163726860288003e-07,5.291024108748803e-06,3.6116460942131215e-06,0.0,0.7291561230705729,0.4811722014811855,0.0449590539389082,1.6245238977254446,1.2800000000000005e-05,D
2022-11-05,Wolves,Brighton,2,3,A,5,8,1,0,12,11,35,65,2,35,35,23,109,0,0.0016645390375426,0.0035993813007833,0.2689076434574613,0.5756962794543934,1.638504857600001e-10,0.7227741926525817,0.4444375507927984,0.2272158740737268,0.8193615474570718,0.0,A
2022-11-05,Everton,Leicester,0,2,A,2,8,0,0,24,20,25,74,2,22,36,33,88,0,0.1457921283851918,0.0568454392120869,0.4091557110247588,0.4020228617145838,0.00064,0.2058649601005584,0.0545214689844396,0.1364042229481577,0.567194841684902,0.0,A
2022-11-06,Chelsea,Arsenal,0,1,A,1,2,0,0,33,29,25,93,2,46,46,23,123,1,0.1285341313017315,0.4488506462267612,0.8102556321711024,0.6582895368472311,2.457600000000001e-08,0.1497695995083673,0.187854305156504,0.2901403702159475,1.4303865446111643,6.400000000000002e-05,A
2022-11-06,Aston Villa,Man United,3,1,H,4,3,0,0,21,21,28,89,1,30,25,32,96,0,0.3443855373501989,0.1060107314858033,0.0116283687012034,0.904289355292528,2.621440000000003e-13,0.1205120766989618,0.1221125584787184,0.3171752144470541,1.1773573190113875,0.0,H
2022-11-06,Southampton,Newcastle,1,4,A,5,4,0,0,16,17,35,69,0,39,34,18,105,0,0.6080008314901497,0.2176805970263933,0.100350592052164,0.7662412074631195,0.0,0.7442387159832908,0.464159052104089,0.203213136075214,1.6205196639050874,0.0,A
2022-11-06,West Ham,Crystal Palace,1,2,A,2,6,0,0,19,20,24,74,1,27,21,24,83,0,0.0410240656554328,0.0430208254818123,0.451372242706377,0.5425590878795203,0.008,0.0138318448448294,0.20361233289761,0.441703564155709,0.7465692085969278,0.0,D
2022-11-06,Tottenham,Liverpool,1,2,A,5,6,0,0,40,39,19,113,1,36,40,21,120,1,0.0667989677087444,0.0266994141194669,0.2096035893418341,0.0634220194662396,3.276800000000003e-11,0.3493587093469266,0.5780824654953947,0.4004005282972382,1.0494310956318853,1.0240000000000007e-07,D
2022-11-12,Man City,Brentford,1,2,A,6,8,0,0,51,66,18,128,1,26,30,32,84,1,0.7498717935576601,0.8417739832304023,0.0404739490790873,1.3845858720770163,1.0485760000000012e-14,0.6457806153528746,0.4058610074059486,0.2247952696945619,1.1226194886272431,6.400000000000002e-05,H
2022-11-12,Bournemouth,Everton,3,0,H,9,3,0,0,19,21,44,59,2,24,20,25,75,2,0.0057984338558976,0.0055296131859795,0.9300607066591096,0.4708897328448248,0.00832,0.728960641925959,0.2842271960604344,0.0457785551238149,1.0101143085729396,0.0032,H
2022-11-12,Liverpool,Southampton,3,1,H,7,5,0,0,38,40,20,122,1,13,17,39,71,0,0.7467935467346645,0.8904123274769937,0.0020026414862014,1.2471554781594885,5.120000000000002e-07,0.0400041574507479,0.0884029851319769,0.5017529602608621,0.8312060373156497,0.0,H
2022-11-12,Nottingham,Crystal Palace,1,0,H,2,0,0,0,10,10,30,43,0,30,22,23,86,0,8.192034875637765e-06,3.081863451115521e-06,2.645512056471553e-05,1.805823054446593e-05,0.0,0.0691592242241785,0.0180616644880708,0.2085178207785556,0.732846042984701,0.0,D
2022-11-12,Tottenham,Leeds,4,3,H,8,5,0,1,40,40,20,118,1,23,26,33,76,3,0.3339948385437221,0.1334970705973451,0.0480179467091915,0.3171100973312508,1.638400000000001e-10,0.6401109034600289,0.6016960569678392,0.0362404127475813,1.099610281080615,0.00192000016384,H
2022-11-12,West Ham,Leicester,0,2,A,6,6,0,0,19,21,24,75,1,24,38,33,94,0,0.205120328277164,0.2151041274090724,0.2568612135319057,1.7127954393976224,0.04,0.0293248005028236,0.272607344922219,0.6820211147407885,0.8359742084245935,0.0,A
2022-11-12,Newcastle,Chelsea,1,0,H,3,2,0,0,39,36,18,102,0,33,27,22,92,2,0.721193579916485,0.3207952605204867,0.0160656803760806,1.1025983195254778,0.0,0.6426706565086577,0.2442532311338058,0.0512781608555223,1.2914476842361655,1.2288000000000008e-07,H
2022-11-12,Wolves,Arsenal,0,2,A,2,4,0,0,12,13,37,68,3,49,47,22,119,1,0.0083226951877132,0.0179969065039377,0.3445382172873379,0.878481397272019,8.192629145600005e-10,0.748847997541868,0.9392715257825304,0.4507018510797373,1.1519327230558418,0.00032,A
2022-11-13,Brighton,Aston Villa,1,2,A,2,2,0,0,35,36,24,114,0,23,24,29,90,1,0.6138709632629396,0.2221877539640233,0.136079370368655,1.0968077372854423,0.0,0.721927686751026,0.5300536574290481,0.0581418435060275,1.5214467764626811,1.3107200000000013e-12,H
2022-11-13,Fulham,Man United,1,2,A,7,9,0,0,21,26,35,74,1,30,26,34,95,0,0.2003369599089246,0.2019472861280443,0.3012748598777165,0.3504510749301224,1.638400000000001e-10,0.6025603834948092,0.6105627923936026,0.5858760722353017,1.886786595056968,0.0,A
2022-12-26,Brentford,Tottenham,2,2,D,5,8,0,0,26,30,32,87,1,42,44,23,126,1,0.2289030767644036,0.0293050370297639,0.1239763484728204,0.6130974431362994,0.00032,0.669974192718642,0.6674853529867676,0.2400897335459892,1.585550486656338,8.192000000000004e-10,A
2022-12-26,Crystal Palace,Fulham,0,3,A,0,11,2,0,30,22,23,84,0,20,26,36,80,1,0.3457961211208925,0.0903083224403542,0.0425891038927886,1.664230214923505,0.0,0.0016847995446231,0.0097364306402318,0.5063742993886033,0.7522553746506857,8.192000000000004e-10,D
2022-12-26,Everton,Wolves,1,2,A,6,4,0,0,21,19,28,74,2,12,13,38,66,3,0.6448032096297944,0.4211359803021722,0.2288927756191059,1.050571542864729,0.016,0.0416134759385661,0.0899845325196886,0.7226910864367107,0.3924069863601157,4.096314572800002e-09,H
2022-12-26,Leicester,Newcastle,0,3,A,2,5,0,0,27,39,30,98,0,39,36,18,101,0,0.1466240025141497,0.3630367246111159,0.4101055737039422,2.17987104212303,0.0,0.6059678995824562,0.603976302602444,0.0803284018804031,1.5129915976274204,0.0,A
2022-12-26,Southampton,Brighton,1,3,A,4,4,0,0,13,18,40,73,0,32,36,26,111,0,0.2000207872537395,0.4420149256598952,0.5087648013043421,1.1560301865783005,0.0,0.0693548163146973,0.1109387698201271,0.6803968518432962,0.4840386864272324,0.0,A
2022-12-26,Aston Villa,Liverpool,1,3,A,6,9,0,0,23,24,30,86,1,38,39,21,124,1,0.609638433755161,0.6502682871452612,0.2907092175301483,1.6072338823134265,6.5536000000000055e-12,0.7339677336733537,0.4520616373850001,0.0100132074310179,1.2357773907975158,2.5600000000000013e-06,A
2022-12-26,Arsenal,West Ham,3,1,H,5,4,0,0,49,45,20,119,1,18,20,25,73,1,0.7442399877093708,0.6963576289126725,0.2535092553986867,1.7596636152792509,0.0016,0.0256016413858201,0.0755206370453618,0.2843060676595496,0.5639771969881742,0.2,H
2022-12-27,Chelsea,Bournemouth,2,0,H,5,4,0,0,30,26,23,89,2,22,24,40,66,2,0.2133532825432883,0.2212661556690288,0.2563908042776222,1.45723842118085,6.144000000000003e-07,0.0289921692795194,0.027648065929929,0.6503035332955472,0.3544486642242185,0.0416,H
2022-12-27,Man United,Nottingham,3,0,H,8,3,0,0,30,25,33,95,0,13,11,30,45,0,0.0128019174740774,0.0528139619680334,0.9293803611765186,0.4339329752849344,0.0,4.0960174409646096e-05,1.5409317266063367e-05,0.0001322756028235,9.029115274330115e-05,0.0,D
2022-12-28,Leeds,Man City,1,3,A,1,9,0,0,20,26,37,76,4,48,64,20,129,1,0.2005545173001437,0.0084802848392269,0.1812020637379487,0.4980514054031278,0.0096000008192104,0.7493589677883,1.2088699161520218,0.2023697453954577,1.9229293603851445,5.2428800000000056e-14,A
2022-12-30,West Ham,Brentford,0,2,A,5,6,0,0,18,21,27,75,0,26,32,34,90,1,0.1280082069291008,0.3776031852268199,0.4215303382977793,0.8198859849409129,0.0,0.1445153838220286,0.1465251851488408,0.6198817423641229,1.0654872156815491,0.0016,H
2022-12-30,Liverpool,Leicester,2,1,H,5,2,0,0,38,40,22,129,1,27,38,31,91,0,0.6698386683667993,0.2603081869250317,0.0500660371551001,2.1788869539876727,1.2800000000000005e-05,0.7331200125707487,0.8151836230555797,0.0505278685197421,1.8993552106151688,0.0,H
2022-12-31,Wolves,Man United,0,1,A,3,6,0,0,15,15,36,69,3,33,28,29,102,0,0.2080673796928621,0.449922662598464,0.613455432183563,0.9620349318006204,2.0481572864000013e-08,0.0640095873704185,0.2640698098401988,0.6469018058825926,1.169664876424756,0.0,A
2022-12-31,Bournemouth,Crystal Palace,0,2,A,2,6,0,0,22,24,39,69,2,29,22,26,77,2,0.1449608463975973,0.1382403296496452,0.2515176664777569,0.7722433211211345,0.208,0.7289806056044628,0.451541612201771,0.2129455194639748,1.321151074617524,2.0971520000000024e-14,H
2022-12-31,Fulham,Southampton,2,1,H,2,3,0,0,23,29,34,88,1,12,17,41,72,0,0.0084239977231469,0.0486821532011908,0.5318714969430164,0.7612768732535431,4.096000000000002e-09,0.0001039362686976,0.2100746282994866,0.5438240065217417,0.7801509328915426,0.0,H
2022-12-31,Man City,Everton,1,1,D,3,1,0,0,48,62,20,130,1,18,18,29,76,2,0.746794838941531,1.0443495807601395,0.011848726977299,1.614646801925816,2.621440000000003e-13,0.2240160481489715,0.1056799015108713,0.1444638780955505,1.252857714323709,0.08,H
2022-12-31,Newcastle,Leeds,0,0,D,5,1,0,0,39,36,18,99,0,19,27,40,75,4,0.0298394979123121,0.0198815130122505,0.4016420094020158,0.5649579881371534,0.0,0.0027725865007185,0.0424014241961449,0.9060103186897752,0.4902570270156495,0.0480000040960524,H
2022-12-31,Brighton,Arsenal,2,4,A,5,7,0,0,35,39,24,114,0,49,45,20,117,1,0.3467740815735181,0.5546938491006669,0.4019842592164911,1.4201934321362035,0.0,0.721199938546885,0.4817881445633937,0.2675462769934441,1.7983180763963067,0.008,A
2023-01-01,Tottenham,Aston Villa,0,2,A,2,4,0,0,40,43,24,127,1,20,22,32,85,1,0.34987096359322,0.3374267649338586,0.2004486677299672,0.9277524332817731,4.096000000000002e-09,0.0481921687758045,0.2513414357263162,0.4535460876507729,1.036169411567194,3.276800000000003e-11,H
2023-01-01,Nottingham,Chelsea,1,1,D,5,2,0,0,13,11,33,48,0,32,27,22,88,2,0.0002048008720482,7.704658633031683e-05,0.0006613780141493,0.0004514557637479,0.0,0.066766412716473,0.1063307783451653,0.2819540213881111,1.2861921059043018,3.0720000000000017e-06,H
2023-01-02,Brentford,Liverpool,3,1,H,7,6,0,0,29,34,31,92,1,38,41,23,124,1,0.7225769191101747,0.7326259257442252,0.099408711820614,1.3274360784078083,0.008,0.3491933418340274,0.3015409346251798,0.250330185775511,0.8944347699384158,6.400000000000002e-05,A
2023-01-03,Arsenal,Newcastle,0,0,D,4,1,0,0,49,47,21,117,1,40,36,17,102,0,0.6059996927344562,0.4089407228170102,0.3377313849672414,1.9915903819816057,0.04,0.1491974895615712,0.0994075650612527,1.0082100470100788,0.8247899406858192,0.0,H
2023-01-03,Everton,Brighton,1,4,A,4,8,0,0,18,19,30,72,2,34,39,26,114,0,0.1200802407448681,0.5283995075543669,0.7223193904777634,1.2642885716185557,0.4,0.7338704078675904,0.773469245503355,0.0099212960824977,2.100967160681071,0.0,A
2023-01-03,Leicester,Fulham,0,1,A,6,2,0,0,24,36,33,85,0,26,31,33,87,1,0.6656000628537427,1.0759181152779085,0.2526393425987319,1.4967760530758647,0.0,0.0421199886157663,0.2434107660059751,0.6593574847150923,0.8063843662677359,2.048000000000001e-08,H
2023-01-03,Man United,Bournemouth,3,0,H,6,4,0,0,36,28,26,103,0,22,24,40,68,1,0.320047936852124,0.3203490492010044,0.2345090294129623,0.8483243821238428,0.0,0.7248042319879866,0.6912016482482259,0.2575883323888055,0.8612166056056929,0.04,H
2023-01-04,Southampton,Nottingham,0,1,A,0,1,0,0,12,17,41,72,0,14,12,34,53,0,0.000519681343488,0.0503731414974437,0.7191200326087293,0.900754664457744,0.0,0.0010240043602516,0.000385232931662,0.0033068900707572,0.0022572788187922,0.0,H
2023-01-04,Leeds,West Ham,2,2,D,6,2,0,0,20,27,36,74,4,18,20,27,77,0,0.0138629325036034,0.2120071209807249,0.5300515934488756,0.4512851350782581,0.2400000204802621,0.6400410346455041,0.8880159261340992,0.1076516914889176,1.0994299247046164,0.0,D
2023-01-04,Aston Villa,Wolves,1,1,D,4,3,0,0,23,23,30,85,1,14,13,35,68,3,0.240960843879054,0.2567071786316018,0.2677304382538645,1.180847057836012,1.638400000000001e-10,0.0403368984643108,0.2496133129923199,1.067277160917825,0.8101746590031336,1.0240786432000007e-07,H
2023-01-04,Crystal Palace,Tottenham,0,4,A,4,6,0,0,29,22,25,78,2,39,42,25,126,1,0.6449030280223446,0.257708061008876,0.0647275973198741,1.605755373087684,1.0485760000000012e-13,0.7493548179660998,0.6871338246692931,0.0022433386498569,1.6387621664088865,2.048000000000001e-08,A
2023-01-05,Chelsea,Man City,0,1,A,2,3,0,0,33,28,22,85,2,46,59,21,127,1,0.3338320635823758,0.531653891725837,0.4097701069405657,1.4309605295215295,1.5360000000000005e-05,0.7339741947076648,1.221747903800709,0.0592436348865059,2.0732340096291098,1.3107200000000013e-12,A
2023-01-12,Fulham,Chelsea,2,1,H,3,10,0,1,29,31,30,86,1,32,26,21,81,2,0.2105999430788631,0.2170538300298861,0.2967874235754611,1.0319218313386995,1.0240000000000007e-07,0.669160317911879,0.6582694586291848,0.0488505347028392,1.1548026476076676,7.680000000000002e-05,H
2023-01-13,Aston Villa,Leeds,2,1,H,5,4,0,0,23,23,30,85,1,21,28,36,78,3,0.2048042193952807,0.2835358931580197,0.3386521912693332,1.9042352891801004,8.192000000000004e-10,0.0693146625180277,0.0600356049036456,0.6502579672443992,0.2564256753913535,0.2000001024013107,H
2023-01-14,Man United,Man City,2,1,H,4,1,0,0,38,30,25,106,0,46,55,21,121,1,0.6002396842606514,0.6017452460050534,0.1725451470648115,1.2416219106192758,0.0,0.6698709735383552,1.1087395190035554,0.2962181744325296,1.3661700481455803,6.5536000000000055e-12,D
2023-01-14,Brighton,Liverpool,3,0,H,9,2,0,0,34,40,27,113,0,37,41,25,127,1,0.6693520393379828,0.8673462275168168,0.0496064804124989,1.5048358034054372,0.0,0.7459667091701367,0.5077046731259092,0.2516509288775864,1.4721738496921413,0.00032,A
2023-01-14,Everton,Southampton,1,2,A,4,5,0,0,18,18,31,71,0,12,17,39,68,0,0.6004012037243405,0.6419975377718452,0.611596952388858,1.3214428580928188,0.0,0.00259840671744,0.2518657074872189,0.5956001630436564,0.5037733222887195,0.0,H
2023-01-14,Nottingham,Leicester,2,0,H,5,1,0,0,17,13,34,54,0,21,31,33,84,0,0.0051200218012896,0.0019261646583208,0.016534450353786,0.0112863940939717,0.0,0.328000314268713,0.3795905763895411,0.2631967129936698,0.4838802653793853,0.0,D
2023-01-14,Wolves,West Ham,1,0,H,4,4,0,0,15,13,31,68,3,16,18,29,74,0,0.2016844923215649,0.24806656496161,0.3363858045891353,1.050873295015699,5.120393216000003e-07,0.2002051732275305,0.4400796306705167,0.538258457444609,0.4971496235231032,0.0,D
2023-01-14,Brentford,Bournemouth,2,0,H,4,2,0,0,29,34,32,94,1,19,21,42,69,1,0.6128845955509047,0.6631296287211573,0.4970435591030807,1.637180392039116,0.04,0.6240211599399322,0.456008241241129,0.287941661944059,1.3060830280285056,0.2,H
2023-01-15,Chelsea,Crystal Palace,1,0,H,5,5,0,0,29,24,23,87,3,26,21,29,75,2,0.3458015895593943,0.2913472931459341,0.2442526735142171,1.774013238038443,0.0003840000000104,0.2245151401117221,0.2885403050443801,0.3236379865994127,1.028776865438462,5.242880000000005e-13,H
2023-01-15,Newcastle,Fulham,1,0,H,5,0,0,0,41,36,12,100,0,31,32,30,84,1,0.7459874478078664,0.4970378253062636,0.0410502350503936,1.1239497034291062,0.0,0.0529997153943473,0.0852691501494514,0.4839371178773158,0.1596091566935297,5.120000000000002e-07,H
2023-01-15,Tottenham,Arsenal,0,2,A,7,5,0,0,39,43,25,126,1,47,45,20,112,1,0.74677408983053,0.4356691233465067,0.0112166932492845,2.1938108320444947,1.0240000000000007e-07,0.0299984636722911,0.0447036140850512,0.6886569248362071,0.9579519099080698,0.2,A
2023-01-18,Crystal Palace,Man United,1,1,D,5,4,0,0,25,20,29,76,2,38,29,26,105,0,0.1225757005586104,0.4427015252219003,0.618189932997074,1.143884327192363,2.6214400000000026e-12,0.0011984213032881,0.0087262300252877,0.8627257353240682,1.2081095530964217,0.0,A
2023-01-19,Man City,Tottenham,4,2,H,6,3,0,0,43,51,22,117,1,36,42,27,125,1,0.3493548676917756,0.5436975950177869,0.4810908721626691,1.8308502407279124,3.276800000000003e-11,0.7338704491526489,1.1783456167325337,0.0560834662464435,2.969054160222547,5.120000000000002e-07,H
2023-01-21,Liverpool,Chelsea,0,0,D,3,2,0,0,34,39,27,123,1,31,24,22,85,3,0.7298335458506835,0.5385233656295457,0.2582546443879632,1.360869248460726,0.0016,0.7290079477970031,0.4567364657296808,0.2212633675710857,1.8700661901922664,0.0019200000000524,H
2023-01-21,Bournemouth,Nottingham,1,1,D,4,5,0,0,16,19,43,65,0,20,15,34,59,0,0.1201057996996608,0.2800412062056448,0.439708309720316,0.5304151401425483,0.0,0.0256001090064796,0.0096308232916251,0.0826722517689303,0.0564319704699109,0.0,H
2023-01-21,Leicester,Brighton,2,2,D,2,4,0,0,20,30,34,84,0,34,39,27,116,0,0.640001571343565,0.8979528819477054,0.3159835649683699,1.4194013268969363,0.0,0.3467601966899449,0.3367311375841152,0.2480324020624949,1.5241790170272789,0.0,A
2023-01-21,Southampton,Aston Villa,0,1,A,5,5,0,0,15,18,38,71,0,25,24,30,81,1,0.0129920335872314,0.2593285374361154,0.9780008152182922,0.5188666114436498,0.0,0.0240210969764351,0.4176794657901196,0.6932609563466767,0.5211764459005543,4.096000000000002e-09,A
2023-01-21,West Ham,Everton,2,0,H,4,2,0,0,15,16,28,76,0,15,16,31,69,0,0.0010258661376524,0.2003981533525836,0.6912922872230551,0.485748117615558,0.0,0.0020060186217021,0.2099876888592358,1.057984761944311,0.607214290464135,0.0,H
2023-01-21,Crystal Palace,Newcastle,0,0,D,1,7,0,0,26,19,27,76,2,41,35,12,101,0,0.6128785027930628,0.2135076261095119,0.0909496649853803,0.7194216359618676,1.3107200000000011e-11,0.7299372390393631,0.4851891265313283,0.205251175251968,1.6197485171455823,0.0,A
2023-01-22,Leeds,Brentford,0,0,D,5,0,0,0,21,29,35,82,2,29,33,30,91,1,0.3465733125901386,0.3001780245182389,0.2512898362220164,1.2821283769568097,5.120065536000002e-07,0.0644229777545547,0.3156481436058072,0.4852177955154035,1.1859019601956202,0.2,A
2023-01-22,Man City,Wolves,3,0,H,7,1,0,0,45,53,22,115,1,17,13,30,68,3,0.7467743384589095,0.7184879750889761,0.4054543608133661,1.1542512036396244,1.638400000000001e-10,0.008422461607856,0.2403328248080603,0.6819290229456766,1.2543664750785355,2.5601966080000013e-06,H
2023-01-22,Arsenal,Man United,3,2,H,5,4,0,0,50,47,17,113,0,39,30,23,104,0,0.1499923183614873,0.2235180704252769,0.443284624181035,0.7897595495404013,0.0,0.0059921065164511,0.0436311501264493,0.3136286766203509,1.0405477654821498,0.0,H
2023-01-23,Fulham,Tottenham,0,1,A,5,3,0,0,31,32,29,84,1,33,39,31,115,1,0.2649985769717367,0.4263457507472573,0.4196855893865897,0.7980457834676488,2.5600000000000013e-06,0.6693522457632441,0.8917280836626889,0.2804173312322595,1.8452708011127656,2.5600000000000013e-06,A
2023-02-03,Chelsea,Fulham,0,0,D,3,4,0,0,29,22,21,79,3,30,30,28,86,1,0.6450397389850254,0.2836823286484042,0.1063168378554286,1.3503309509613537,0.0096000000002621,0.3249928848586834,0.1317287537362862,0.0984279469329586,0.9902289173382955,1.2800000000000005e-05,A
2023-02-04,Everton,Arsenal,1,0,H,4,3,0,0,15,15,28,69,0,53,50,17,116,0,0.0100300931085107,0.0499384442961789,0.2899238097215764,1.0360714523206958,0.0,0.749961591807468,1.117590352126416,0.216423120905196,1.9487977477020584,0.0,A
2023-02-04,Aston Villa,Leicester,2,4,A,4,5,0,0,28,23,27,84,1,18,28,35,80,0,0.120105484882207,0.0883973289506085,0.4663047817333834,0.6058822295028237,2.048000000000001e-08,0.2000078567178345,0.4897644097385477,0.5799178248418703,1.097006634484703,0.0,H
2023-02-04,Brentford,Southampton,3,0,H,4,6,0,0,30,32,28,86,0,15,17,35,74,0,0.322114888772784,0.578240718029036,0.4260889775770173,0.9295098009781012,0.0,0.0649601679361573,0.2966426871805772,0.8900040760914714,0.5943330572183012,0.0,D
2023-02-04,Brighton,Bournemouth,1,0,H,6,2,0,0,34,40,28,114,0,17,19,42,67,0,0.7338009834497351,0.6836556879205972,0.2401620103124956,1.6208950851364352,0.0,0.6005289984983145,0.4002060310282345,0.1985415486015904,0.6520757007127833,0.0,H
2023-02-04,Man United,Crystal Palace,2,1,H,5,3,1,0,39,32,25,104,0,24,18,27,74,2,0.0299605325822558,0.2181557506322674,0.5681433831017861,1.2027388274107902,0.0,0.0643925139653237,0.0675381305475596,0.4547483249269015,0.5971081798093478,6.553600000000006e-11,H
2023-02-04,Wolves,Liverpool,3,0,H,6,4,0,0,17,12,30,64,3,32,37,26,121,1,0.0421123080392802,0.2016641240403018,0.4096451147284139,1.2718323753926897,1.2800983040000004e-05,0.6491677292534276,0.6926168281477285,0.2912732219398161,1.8043462423036611,0.008,A
2023-02-04,Newcastle,West Ham,1,1,D,2,1,0,0,39,33,11,102,0,18,17,25,78,0,0.6496861951968256,0.4259456326566412,0.02625587625984,2.098742585727983,0.0,0.0051293306882936,0.0019907667629388,0.456461436115275,0.428740588077832,0.0,H
2023-02-05,Nottingham,Leeds,1,0,H,2,4,0,0,21,16,35,64,0,21,28,34,82,2,0.1280005450324089,0.0481541164581362,0.413361258844662,0.2821598523496071,0.0,0.7328665629507034,0.5008901225911944,0.2564491811100819,1.4106418847840996,2.560032768000001e-06,D
2023-02-05,Tottenham,Man City,1,0,H,3,5,1,0,33,36,30,110,1,45,53,20,117,1,0.3467612288162516,0.4586404183134542,0.4020866561612972,1.226354005563859,1.2800000000000005e-05,0.7338716922945786,0.5924398754449117,0.0272718040668307,0.7712560181981951,8.192000000000004e-10,A
2023-02-08,Man United,Leeds,2,2,D,7,2,0,0,42,33,24,104,1,18,26,34,80,2,0.1498026629113105,0.0907787531613582,0.8407169155089407,1.0136941370540034,1.0485760000000012e-14,0.6643328147535168,0.5044506129559716,0.2822459055504202,1.0532094239205387,1.2800163840000004e-05,H
2023-02-11,West Ham,Chelsea,1,1,D,2,4,0,0,19,18,24,78,0,27,21,21,76,3,0.0256466534414785,0.0099538338147047,0.2823071805763852,1.1437029403891703,0.0,0.2251986949251373,0.4184116432420209,0.5315841892771431,0.7516547548067976,0.0480000000013107,H
2023-02-11,Arsenal,Brentford,1,1,D,7,2,0,0,50,45,17,110,0,32,33,26,87,0,0.7498079590373393,0.5879517606320801,0.0821156045259905,0.7439887385103224,0.0,0.6105744438639513,0.8912035901452111,0.1304448878850867,1.6475490048905472,0.0,H
2023-02-11,Crystal Palace,Brighton,1,1,D,1,7,0,0,24,19,27,75,2,34,38,27,113,0,0.3219625698266186,0.3376906527378087,0.2737416246345282,0.9855408990467708,3.276800000000002e-10,0.6690049172487066,0.4182784396029959,0.200810051562478,1.1044754256822378,0.0,A
2023-02-11,Fulham,Nottingham,2,0,H,3,1,0,0,30,30,28,87,1,24,17,33,66,0,0.6249644242934276,0.6586437686814312,0.4921397346647933,1.95114458669152,6.400000000000002e-05,0.6400027251620761,0.2407705822906915,0.06680629422331,1.4107992617480567,0.0,H
2023-02-11,Leicester,Tottenham,4,1,H,7,4,0,0,20,30,35,80,0,35,35,28,108,2,3.928358920388609e-05,0.4488220486927804,0.8995891242093721,0.4850331724235669,0.0,0.7338061440812896,0.2932020915672816,0.010433280806486,1.131770027819328,6.400000001048579e-05,A
2023-02-11,Southampton,Wolves,1,2,A,2,2,0,1,15,16,34,78,0,20,14,28,64,3,0.3248008396807864,0.4832134359028859,0.450020380457388,0.9716652860915688,0.0,0.2105615401964326,0.0083206202015403,0.0482255736420696,0.3591618769635089,6.400491520000002e-05,H
2023-02-11,Bournemouth,Newcastle,1,1,D,5,7,0,0,14,17,43,66,0,37,32,12,94,0,0.0026449924915724,0.0010301551411724,0.9927077430079628,0.2603785035639371,0.0,0.2484309759841377,0.1297281632832166,0.1312793812992105,0.4937129286399375,0.0,D
2023-02-12,Leeds,Man United,0,2,A,6,5,0,0,16,26,35,78,2,43,35,22,107,1,0.3216640737675942,0.522253064779879,0.411229527752122,1.266047119602714,6.400081920000003e-05,0.7490133145565634,0.453893765806812,0.2035845775447241,1.0684706852700896,5.2428800000000056e-14,A
2023-02-12,Man City,Aston Villa,3,1,H,9,2,0,0,42,51,21,120,1,28,25,29,86,1,0.6693584614728927,0.9621993772245584,0.1363590203341642,1.856280090991028,4.096000000000002e-09,0.6005274244110353,0.4419866447530636,0.3315239086669588,1.02941114751416,1.0240000000000007e-07,H
2023-02-13,Liverpool,Everton,2,0,H,6,1,0,0,29,34,28,117,1,18,16,27,69,0,0.2458386462671372,0.4630841407386419,0.4563661096991117,1.021731211518348,0.04,0.050150465542585,0.2496922214809049,0.4496190486078816,1.18035726160352,0.0,H
2023-02-15,Arsenal,Man City,1,3,A,1,6,0,0,48,44,18,115,0,42,50,22,122,1,0.7490397951867068,0.9397588031604104,0.4105780226299632,1.7199436925516856,0.0,0.346792307364494,0.8109968861228225,0.6817951016708317,2.2814004549552336,2.048000000000001e-08,H
2023-02-18,Aston Villa,Arsenal,2,4,A,5,5,0,0,25,24,31,84,1,45,41,19,109,0,0.0026371220551761,0.2099332237653285,0.6576195433348256,1.1470557375708217,5.120000000000002e-07,0.7451989759335336,0.6987940158020624,0.0528901131498474,1.5997184627584378,0.0,A
2023-02-18,Brentford,Crystal Palace,1,1,D,5,4,0,0,30,30,27,82,0,24,19,27,73,2,0.0528722193197668,0.456017950726066,0.6522244394254442,1.2377450244527568,0.0,0.6098128491331034,0.6884532636890537,0.3687081231726516,1.927704495233864,1.638400000000001e-09,H
2023-02-18,Brighton,Fulham,0,1,A,7,2,0,0,32,37,27,116,0,30,29,26,81,1,0.3450245862435429,0.0913921980149897,0.0040502578124003,1.522377128411262,0.0,0.1248221214671687,0.2932188434071762,0.4606986733239665,0.7557229334576288,0.00032,H
2023-02-18,Chelsea,Southampton,0,1,A,5,5,0,0,27,20,20,77,3,14,15,34,76,0,0.1259934746256972,0.0920582162101148,0.6579209463857258,0.7582737740340293,0.2400000000065536,0.6240041984039323,0.4160671795144399,0.2501019022869607,0.8583264304578639,0.0,H
2023-02-18,Everton,Leeds,1,0,H,6,0,0,0,18,15,27,66,0,15,24,35,79,2,0.2507523277129253,0.2484611074045247,0.2480952430394291,1.9017863080176096,0.0,0.6083203688379712,0.6112653238993946,0.0561476387606311,1.3302355980136324,0.000320004096,D
2023-02-18,Nottingham,Man City,1,1,D,1,6,0,0,21,16,35,61,0,44,50,20,118,1,0.2000136258103804,0.2038529114534576,0.3340314711165711,1.0539963087402933,0.0,0.7339615368225019,1.0549844306141434,0.4089755083541683,1.4070022747762303,1.0240000000000007e-07,A
2023-02-18,Wolves,Bournemouth,0,1,A,4,1,0,0,22,16,29,65,4,15,18,40,70,0,0.0528077009821945,0.0416031010077225,0.2411278682103585,0.7958093848175655,0.0003200245760104,0.0132249624578726,0.0051507757058726,0.9635387150398236,0.3018925178197377,0.0,H
2023-02-18,Newcastle,Liverpool,0,2,A,4,7,1,0,37,33,13,100,0,31,34,26,119,1,0.2421548799206988,0.6486408164160937,0.656396906496063,1.4685646431997608,0.0,0.2291932313357176,0.3154207036932306,0.2818305484955583,1.1086560575918023,0.2,H
2023-02-19,Man United,Leicester,3,0,H,8,3,0,0,43,35,21,108,1,23,32,32,85,0,0.745066572782848,0.2694688290340812,0.0179228877236207,1.3423534263504997,2.621440000000003e-13,0.0001964179460508,0.2441102434639439,0.4979456210468707,0.4251658621179082,0.0,H
2023-02-19,Tottenham,West Ham,2,0,H,6,1,0,0,32,35,32,108,2,20,19,24,75,0,0.6690307204064478,0.4660104578364185,0.052166404032472,1.6588501390966812,0.0003200000000524,0.1282332672074029,0.0497691690735344,0.4115359028819368,0.7185147019458722,0.0,H
2023-02-24,Fulham,Wolves,1,1,D,5,2,0,0,33,29,24,80,1,22,16,29,66,4,0.624110607335875,0.4660942170358914,0.3034933666198323,0.7786146672881645,0.0016,0.2640385049109725,0.2080155050386129,0.2056393410518031,0.9790469240878688,0.0016001228800524,H
2023-02-25,Everton,Aston Villa,0,2,A,5,5,0,0,20,15,26,64,0,25,25,32,84,1,0.2537616385646579,0.2423055370226342,0.2404762151971455,1.508931540088112,0.0,0.0131856102758809,0.0496661188266636,0.2880977166741694,0.7352786878541595,2.5600000000000013e-06,A
2023-02-25,Leeds,Southampton,1,0,H,4,2,0,0,12,21,36,73,2,14,14,33,78,0,0.0416018441898557,0.0563266194969723,0.2807381938031664,0.6511779900681618,0.00160002048,0.1200209920196922,0.0803358975722101,0.2505095114348036,1.2916321522893717,0.0,H
2023-02-25,Leicester,Arsenal,0,1,A,0,2,0,0,23,31,33,87,0,45,42,21,108,0,0.0009820897302544,0.2205512173197197,0.4897281052343848,1.1258293105895725,0.0,0.7259948796676985,0.4939700790103534,0.2644505657492583,1.99859231379224,0.0,A
2023-02-25,West Ham,Nottingham,4,0,H,5,3,0,0,20,19,24,73,0,21,16,35,57,0,0.6411663360370148,0.248845845367672,0.0576795144097051,0.5925735097293708,0.0,6.812905191243778e-05,0.0192645572672985,0.6701573555828662,0.2699815437014768,0.0,H
2023-02-25,Bournemouth,Man City,1,4,A,2,5,0,0,18,19,37,70,0,42,47,19,119,1,0.0661248122893946,0.0257538785293736,1.8176935751991168,0.509462589098699,0.0,0.6698076841125191,1.274922153070727,0.0448775417708517,2.035011373881214,5.120000000000002e-07,A
2023-02-25,Crystal Palace,Liverpool,0,0,D,0,4,0,0,22,17,27,68,2,33,35,25,122,0,0.0490642456655272,0.4422663184452787,0.8435406158632689,0.6385224761693595,8.192000000000005e-09,0.1459661566786195,0.5771035184661739,0.4091527424777912,1.543280287959084,0.0,A
2023-02-26,Tottenham,Chelsea,2,0,H,3,2,0,0,32,35,32,107,2,27,20,18,79,2,0.3451536020322701,0.3300522891821135,0.2608320201623601,1.294250695483468,0.0016000000002621,0.6299673731284862,0.460291081050574,0.2896047319286389,0.7913688701701982,0.200000000032768,H
2023-03-01,Arsenal,Everton,4,0,H,5,5,0,0,45,41,20,102,0,19,14,27,62,0,0.6299743983385235,0.4698503950517771,0.3222528287462916,1.9929615689612208,0.0,0.2688081928232895,0.2115276851131711,0.2023810759857484,0.5446577004406112,0.0,H
2023-03-01,Liverpool,Wolves,2,0,H,6,1,0,0,34,34,23,121,0,22,16,29,64,4,0.7298307833931079,1.885517592330869,0.0457637123889561,2.7164014397954617,0.0,0.3201925245548731,0.0400775251930749,0.0281967052590258,0.895234620439365,0.0080006144002621,H
2023-03-04,Man City,Newcastle,2,0,H,3,2,0,0,42,45,20,115,1,36,30,12,98,1,0.3490384205626265,0.374610765353677,0.2243877088542694,1.1750568694061203,2.5600000000000013e-06,0.2107743996034941,0.2432040820804681,0.2819845324803355,1.3428232159988445,1.0485760000000012e-14,H
2023-03-04,Arsenal,Bournemouth,3,2,H,9,4,0,0,45,43,19,98,0,18,20,32,70,0,0.1498719916926488,0.3492519752589273,0.6112641437314581,0.964807844806158,0.0,0.3306240614469731,0.1287693926468786,0.0884678759956244,0.547312945493516,0.0,H
2023-03-04,Aston Villa,Crystal Palace,1,0,H,1,0,0,1,28,27,31,86,1,23,15,23,66,2,0.0659280513794362,0.248330594133339,0.440488583370847,0.6763934392708498,1.2800000000000005e-05,0.2453212283276467,0.2113315922263933,0.217703079316344,1.1926123808467977,4.096000000000002e-08,H
2023-03-04,Brighton,West Ham,4,0,H,9,2,0,0,31,37,28,116,0,20,22,24,76,0,0.7251229312177145,0.4569609900749488,0.0202512890620123,0.6118856420563826,0.0,0.2058316801851051,0.244229226838402,0.2883975720485258,0.9628675486469064,0.0,H
2023-03-04,Chelsea,Leeds,1,0,H,3,2,0,0,24,18,19,78,1,15,22,35,75,2,0.1498368656424304,0.3014554052528702,0.4480236596432155,0.9568443508510112,1.638400000000001e-10,0.2080092209493101,0.281633097484872,0.4036909690158318,1.2558899503408507,0.0080001024,H
2023-03-04,Wolves,Tottenham,1,0,H,5,6,0,0,21,16,31,61,4,34,36,31,106,2,0.6009626227743655,0.2003876259653746,0.1409835262951503,0.476173102196835,0.0400030720013107,0.7257680101613818,0.6502614459105884,0.3041601008118006,2.471253477417372,0.0080000000013107,A
2023-03-04,Southampton,Leicester,1,0,H,5,0,0,0,14,14,33,75,0,23,30,32,82,0,0.6001049600984614,0.4016794878610506,0.2525475571740285,1.45816076144688,0.0,0.0049104486512721,0.1027560865985986,0.4486405261719346,0.6291465529478611,0.0,D
2023-03-05,Nottingham,Everton,2,2,D,4,3,0,0,21,16,37,59,0,18,13,30,65,0,0.0003406452595621,0.0963227863364927,1.3507867779143723,0.3499077185074155,0.0,0.3440409641164472,0.0576384255658557,0.0119053799287842,0.7232885022031087,0.0,H
2023-03-05,Liverpool,Man United,7,0,H,8,4,0,0,34,27,23,115,0,43,37,21,110,1,0.6491539169655706,0.4275879616543667,0.2288185619447808,1.5820071989773703,0.0,0.7253328639142711,0.3473441451704373,0.0896144386181038,0.7117671317525811,1.3107200000000013e-12,D
2023-03-06,Brentford,Fulham,3,2,H,6,5,0,0,31,29,25,82,0,31,28,24,82,1,0.2643610965988449,0.2800897536303406,0.2611221971272309,1.1887251222638362,0.0,0.1205530366793849,0.3304710851794672,0.5174668330991721,0.8930733364408747,0.008,H
2023-03-11,Bournemouth,Liverpool,1,0,H,2,6,0,0,17,22,35,72,0,34,32,22,117,0,0.6531203072348652,0.6438469632344144,0.4423393799781535,0.7365647274676219,0.0,0.2457695848278838,0.1379398082719069,0.144092809723904,1.910035994886936,0.0,A
2023-03-11,Everton,Brentford,1,0,H,6,4,0,0,18,15,32,65,0,33,31,26,83,0,0.7202048205822468,0.2881921278292997,0.0595268996439421,0.6164425110155743,0.0,0.3218054829942558,0.4004487681517342,0.3056109856361756,0.9436256113192444,0.0,A
2023-03-11,Leeds,Brighton,2,2,D,4,2,0,0,14,21,35,72,2,31,39,28,123,0,0.0400461047465508,0.4081654874243596,1.0184548450791693,1.2794497517042744,0.040000512,0.6256146560886034,0.284804950374786,0.1012564453100618,1.0594282102820072,0.0,A
2023-03-11,Leicester,Chelsea,1,3,A,7,6,1,0,23,30,32,80,0,27,18,17,77,1,0.0245522432563609,0.5137804329929934,1.2432026308596833,1.1457327647393056,0.0,0.749184328212184,0.5072770262643612,0.2401182982160777,0.7842217542550869,8.192000000000004e-10,H
2023-03-11,Tottenham,Nottingham,3,1,H,7,5,0,0,31,34,31,102,2,22,18,33,62,0,0.6288400508069086,1.2513072295529415,0.5208005040590135,2.356267387086921,0.0400000000065536,0.0017032262978214,0.4816139316824848,0.7539338895718823,0.7495385925371194,0.0,H
2023-03-11,Crystal Palace,Man City,0,1,A,0,4,0,0,22,14,23,62,3,44,46,19,114,1,0.2266061416382333,0.0566579611319664,0.0885153965817305,1.9630619042339883,2.048000104857601e-07,0.745192102813164,0.8730538267684059,0.1219385442713469,1.8752843470306333,1.2800000000000005e-05,A
2023-03-12,Fulham,Arsenal,0,3,A,2,7,0,0,31,29,25,84,1,48,45,18,104,0,0.6027651833969248,0.6523554258973571,0.5873341654958919,1.4653666822044256,0.04,0.7493599584632755,0.746259876294668,0.0563207186573112,1.8240392240308845,0.0,A
2023-03-12,Man United,Southampton,0,0,D,4,4,0,0,40,36,28,112,1,14,13,32,73,0,0.6266643195713554,0.7367207258521864,0.4480721930905925,1.5588356587629475,6.5536000000000055e-12,0.0005248004923378,0.0083974393052633,0.2627377858701427,0.2908038072344511,0.0,H
2023-03-12,West Ham,Aston Villa,1,1,D,6,4,0,0,19,21,27,74,0,31,27,29,84,1,0.0291584009255256,0.22114613419201,0.4419878602426705,0.8143377432345524,0.0,0.3296402568972127,0.2416529706667055,0.2024429168542351,0.3819671963542592,6.400000000000002e-05,H
2023-03-12,Newcastle,Wolves,2,1,H,8,4,0,0,35,29,13,94,1,21,16,31,64,4,0.0538719980174704,0.2160204104023408,0.4099226624016987,0.7141160799942424,5.2428800000000056e-14,0.0048131138718584,0.0019381298268838,0.7049176314757515,0.3808655109842273,0.2000153600065536,H
2023-03-15,Brighton,Crystal Palace,1,0,H,5,3,0,0,29,40,30,121,0,21,14,24,53,3,0.1280732804430273,0.424024751873951,0.5062822265503298,1.2971410514100563,0.0,0.1330307081911665,0.2832898056598323,0.4425769829086632,0.8153095211699406,1.0240000524288003e-06,H
2023-03-15,Southampton,Brentford,0,2,A,1,5,0,0,15,13,31,76,0,32,30,26,84,0,0.0026240024616999,0.0419871965263167,0.3136889293507133,0.4540190361722972,0.0,0.609027414971279,1.002243840758671,0.5280549281808883,1.718128056596263,0.0,A
2023-03-17,Nottingham,Newcastle,1,2,A,3,4,0,0,22,17,33,64,0,38,30,12,100,1,0.0085161314891071,0.4080696584124341,0.7696694478594429,0.747692962685649,0.0,0.2693599900873838,0.0801020520117253,0.0496133120085039,1.5705803999712955,2.621440000000003e-13,A
2023-03-18,Aston Villa,Bournemouth,3,0,H,9,3,0,0,31,27,29,87,1,17,20,33,71,0,0.6482012844860743,0.2082648533335382,0.0122145842711861,0.909835981771338,0.00032,0.2656015361743572,0.2192348161720818,0.2116968998907674,0.6828236373381298,0.0,H
2023-03-18,Brentford,Leicester,1,1,D,2,1,1,0,32,27,24,81,0,23,29,30,83,1,0.0451370748564262,0.0112192037933757,0.6402746409044411,0.5906402829813678,0.0,0.1227612162818048,0.5689021649649769,1.216013154298448,1.728663823696601,1.0485760000000012e-14,H
2023-03-18,Southampton,Tottenham,3,3,D,7,3,0,0,15,13,32,76,0,31,31,30,98,2,0.0131200123084996,0.2099359826315837,0.5684446467535877,1.2700951808614966,0.0,0.1442002540345741,0.2565361477647388,0.6040025202950774,0.7813369354346773,0.200000000032768,A
2023-03-18,Wolves,Leeds,2,4,A,8,4,1,0,21,17,30,67,3,15,21,32,70,2,0.024065569359292,0.0096906491344296,0.5245881573787776,0.904327554921178,7.680003276800003e-05,0.2002305237327649,0.0408274371218191,0.0922742253958673,0.397248758521413,0.20000256,H
2023-03-18,Chelsea,Everton,2,2,D,7,3,0,0,27,19,17,80,1,18,15,32,69,0,0.7459216410609505,0.5363851313218375,0.2005914910803991,0.9211087712754966,4.096000000000002e-09,0.6010241029112647,0.4409606391465089,0.2976344982197109,1.0822125550779342,0.0,H
2023-03-19,Arsenal,Crystal Palace,4,1,H,5,4,0,0,48,45,18,104,0,21,13,23,53,3,0.7467997923164083,0.7312993814733706,0.2816035932865561,2.120196120154493,0.0,0.6651535409558325,0.4164490282991616,0.2128849145433266,1.076547605849734,5.120000262144003e-06,H
2023-04-01,Man City,Liverpool,4,1,H,8,1,0,0,44,44,19,111,1,33,32,23,115,0,0.7259605140658508,1.3652691338420395,0.6096927213567346,2.376421735153208,6.400000000000002e-05,0.2288479241394192,0.6896990413595346,0.7204640486195306,1.5501799744347415,0.0,H
2023-04-01,Arsenal,Leeds,4,1,H,6,5,0,0,48,46,18,100,0,17,25,34,73,1,0.7339989615820722,0.6564969073668943,0.4080179664327908,1.6009806007725196,0.0,0.001152618663856,0.2041371856091375,0.4613711269793576,0.9862437926071068,1.2800000000000005e-05,H
2023-04-01,Bournemouth,Fulham,2,1,H,7,2,0,0,16,19,35,71,0,28,26,26,79,1,0.3280076808717861,0.096174080860409,0.0584844994538687,0.41411818669068,0.0,0.0138259169846231,0.2617771294867849,0.9366708274794908,0.3268334110221481,0.2,A
2023-04-01,Brighton,Brentford,3,3,D,15,5,0,0,32,40,28,122,0,33,28,22,81,1,0.640366402215168,1.1201237593697655,0.5314111327516492,2.485705257050335,0.0,0.2256853742821415,0.0560960189668891,0.2013732045222157,0.95320141490686,1.0485760000000012e-14,H
2023-04-01,Crystal Palace,Leicester,2,1,H,9,2,0,0,18,12,26,52,3,24,28,25,77,1,0.3257677047791616,0.0822451414958185,0.0644245727166752,0.3827380292487112,2.5600001310720008e-05,0.6138060814090346,0.8445108248248949,0.0800657714922494,1.6433191184830145,5.2428800000000056e-14,D
2023-04-01,Nottingham,Wolves,1,1,D,7,1,0,0,22,16,32,64,0,21,19,32,71,4,0.0425806574455357,0.0403482920621808,0.8483472392972351,0.7384648134282761,0.0,0.12032784679646,0.0484532456721691,0.62294078689393,0.5216377746059743,0.0003840001638504,D
2023-04-01,Chelsea,Aston Villa,0,2,A,8,2,0,0,25,19,18,84,1,31,29,29,93,1,0.7296082053047623,0.6819256566092085,0.0029574554020164,1.605543856377556,2.048000000000001e-08,0.2410064224304025,0.0413242666677226,0.0610729213559308,1.549179908856784,0.0016,H
2023-04-02,West Ham,Southampton,1,0,H,2,3,0,0,20,21,26,77,0,16,15,33,77,0,0.1457920046276385,0.1057306709600606,0.2099393012133632,1.0716887161728246,0.0,0.0656000615425088,0.0496799131579501,0.8422232337679699,0.3504759043075552,0.0,H
2023-04-02,Newcastle,Man United,2,0,H,6,1,0,0,40,32,13,98,1,38,33,27,110,1,0.3467999504369504,0.4005102600586475,0.2480665600425302,1.85290199985652,1.3107200000000013e-12,0.1333215978567867,0.6836036292609312,1.2403609654529624,1.7941782938147777,3.276800000000003e-11,H
2023-04-03,Everton,Tottenham,1,1,D,6,2,1,1,16,15,33,67,0,32,33,30,98,1,0.0051205145563339,0.2048031957325657,0.4881724910985754,0.4110627753897021,0.0,0.7210012701728808,0.2826807388237254,0.020012601475418,0.9066846771734172,1.638400000000001e-10,D
2023-04-04,Bournemouth,Brighton,0,2,A,3,6,0,0,18,21,36,77,0,30,38,29,126,0,0.640038404358962,0.4808704043020662,0.2924224972693544,1.0705909334534731,0.0,0.20183201107585,0.6006187968488591,0.6570556637582774,1.4285262852518317,0.0,A
2023-04-04,Leeds,Nottingham,2,1,H,6,1,0,0,17,25,36,74,1,23,17,29,68,0,0.0057630933192802,0.020685928045698,0.3068556348968299,0.9312189630355866,6.400000000000002e-05,0.2129032872276892,0.2017414603109145,0.2417361964861856,0.6923240671414532,0.0,H
2023-04-04,Leicester,Aston Villa,1,2,A,4,5,1,0,21,25,27,72,1,33,31,29,88,1,0.0690304070451724,0.222554124124485,0.4003288574612682,1.2165955924150924,2.621440000000003e-13,0.2050321121520438,0.2066213333386343,0.3053646067796541,0.7458995442839402,0.008,A
2023-04-04,Chelsea,Liverpool,0,0,D,3,4,0,0,22,16,20,85,1,32,30,24,109,0,0.6480410265238111,0.409628283046042,0.0147872770101031,1.027719281887863,1.0240000000000007e-07,0.1442396206970962,0.4484952067976829,0.6023202430976945,0.750899872173717,0.0,A
2023-04-05,Man United,Brentford,1,0,H,3,1,0,0,38,30,23,103,1,33,31,25,82,1,0.6666079892839335,0.4180181463046554,0.2018048272648319,0.9708914690738986,1.638400000000001e-10,0.1284268714107181,0.280480094834477,1.00686602261111,0.7660070745343526,5.2428800000000056e-14,H
2023-04-05,West Ham,Newcastle,1,5,A,2,8,0,0,23,22,25,75,0,42,33,12,97,1,0.7289600231382242,0.5286533548003138,0.0496965060668162,1.358443580864143,0.0,0.7339997521847833,1.0025513002932582,0.2403328002126512,2.264509999282662,6.5536000000000055e-12,A
2023-04-08,Man United,Everton,2,0,H,11,1,0,0,38,29,22,102,1,17,15,32,71,1,0.3330399464196985,0.0900907315232873,0.0090241363241598,0.8544573453695243,8.192000000000004e-10,0.02560257278168,0.0240159786628389,0.4408624554928872,0.0553138769485732,1.0485760000000012e-14,H
2023-04-08,Aston Villa,Nottingham,2,0,H,3,2,0,0,35,32,29,91,1,22,17,30,66,0,0.0251605607602507,0.0331066666931925,0.5268230338982812,1.729497721419753,0.04,0.064516436138446,0.0087073015545829,0.208680982430949,0.4616203357072759,0.0,H
2023-04-08,Brentford,Newcastle,1,2,A,6,4,0,0,33,30,21,80,1,42,34,12,95,1,0.6421343570535908,0.4024004741723849,0.0343301130555595,0.8300353726717731,2.621440000000003e-13,0.6699987609239475,1.012756501466343,0.2016640010632665,1.3225499964133922,3.276800000000003e-11,A
2023-04-08,Fulham,West Ham,0,1,A,3,5,0,0,28,26,24,80,0,20,21,30,72,0,0.0691295849231155,0.3088856474339351,0.6833541373974755,0.6341670551107614,0.0,0.6448001156911203,0.6432667740015796,0.2484825303341334,1.7922179043207362,0.0,H
2023-04-08,Leicester,Bournemouth,0,1,A,4,7,0,0,21,25,27,71,2,15,19,37,76,0,0.3451520352258622,0.1127706206224358,0.0016442873063617,1.082977962075504,1.3212057600000012e-12,0.2001920217948094,0.4043520215103308,0.4621124863467927,1.3529546672673969,0.0,H
2023-04-08,Tottenham,Brighton,2,1,H,3,4,0,0,30,33,31,97,2,32,37,26,126,0,0.6050063508644142,0.4134036941186374,0.1000630073771006,1.5334233858671065,8.192104857600004e-10,0.0091600553792818,0.0030939842443162,0.2852783187913867,1.14263142625922,0.0,A
2023-04-08,Wolves,Chelsea,1,0,H,4,1,0,0,22,20,30,70,4,20,14,20,84,1,0.6016392339823108,0.2422662283608562,0.1147039344696597,0.6081888730298818,0.0019200008192524,0.2402051326190656,0.04814141523021,0.0739363850505158,1.138596409439347,5.120000000000002e-07,A
2023-04-08,Southampton,Man City,1,4,A,1,8,0,0,16,15,30,80,0,44,42,17,109,1,0.3280003077125439,0.2483995657897509,0.21111616883986,1.7523795215378075,0.0,0.629802570329285,0.8263456692102392,0.0484636067836828,1.8821086757661236,0.00032,A
2023-04-09,Leeds,Crystal Palace,1,5,A,7,8,0,0,20,27,36,76,1,20,14,27,60,3,0.0288154665964326,0.1034296402285114,0.5342781744841596,0.6560948151779957,0.00032,0.6288385238958396,0.4112257074791134,0.3221228635833867,0.9136901462436506,0.0001280000065536,H
2023-04-09,Liverpool,Arsenal,2,2,D,6,5,0,0,33,28,21,110,0,48,47,17,99,0,0.7211981034854915,0.2424760339884147,0.0116012154884718,0.7544993608686267,0.0,0.6699948079103922,0.2824845368345127,0.0400898321639643,1.0049030038626603,0.0,D
2023-04-15,Aston Villa,Newcastle,3,0,H,6,2,0,0,38,34,27,87,1,42,31,12,93,1,0.1258028038012849,0.1655333334659839,0.6341151694914061,1.647488607098797,0.2,0.3499938046197681,0.063782507331736,0.0083200053163432,0.6127499820670019,1.638400000000001e-10,D
2023-04-15,Chelsea,Brighton,1,2,A,2,10,0,0,19,14,21,80,1,32,38,27,126,0,0.2010256630953279,0.2407070761510502,0.3696819252525898,0.6929820471967456,2.5600000000000013e-06,0.0458002768964092,0.0154699212215917,0.4263915939569546,1.7131571312961418,0.0,A
2023-04-15,Everton,Fulham,1,3,A,7,7,0,0,17,15,32,72,1,28,25,22,81,0,0.1280128639084003,0.1200798933141946,0.2043122774644569,0.2765693847428767,5.2428800000000056e-14,0.3456479246155776,0.5444282371696756,0.4167706869873875,1.1708352755538385,0.0,D
2023-04-15,Southampton,Crystal Palace,0,2,A,4,2,0,0,15,15,33,73,0,20,17,27,64,3,0.6400015385627198,0.2419978289487649,0.0555808441993422,0.761897607689048,0.0,0.1441926194792288,0.0561285373956194,0.6106143179169439,0.5684507312183366,0.000640000032768,D
2023-04-15,Tottenham,Bournemouth,2,3,A,8,6,0,0,30,33,32,93,2,17,18,35,77,0,0.0250317543221022,0.067018470593208,0.5003150368855137,0.6671169293355634,4.096052428800002e-09,0.0009601089740786,0.0217601075516643,0.3105624317339632,0.7647733363370572,0.0,H
2023-04-15,Wolves,Brentford,2,0,H,9,3,0,0,22,20,30,72,4,30,29,23,83,1,0.0081961699115846,0.2113311418042915,0.5735196723482985,1.0409443651494503,0.0096000040962621,0.2106717852679537,0.0120023708619348,0.1716505652778185,1.1501768633589275,1.3107200000000013e-12,H
2023-04-15,Man City,Leicester,3,1,H,4,4,0,0,44,42,18,109,1,20,25,28,70,2,0.1490128516464561,0.1317283460512376,0.2423180339184245,1.4105433788307002,0.0016,0.7257601761293109,0.563853103112179,0.0082214365318191,0.4148898103775619,6.606028800000005e-12,H
2023-04-16,West Ham,Arsenal,2,2,D,3,5,0,0,20,19,29,69,0,46,48,19,100,0,0.2240005784556326,0.2163338700079078,0.2424126516706672,0.9610895216037332,0.0,0.3499740395519712,0.4124226841725842,0.2004491608198427,1.0245150193133554,0.0,A
2023-04-16,Nottingham,Man United,0,2,A,0,8,0,0,22,17,31,66,0,40,31,22,111,1,0.3225821806922302,0.0435365077729149,0.0434049121547662,0.3081016785364006,0.0,0.6651997320985236,0.4504536576164574,0.0451206816207995,2.272286726847736,4.096000000000002e-09,A
2023-04-17,Leeds,Liverpool,1,6,A,3,7,0,0,20,28,39,81,1,31,29,23,114,0,0.144077332982163,0.5171482011425677,0.6713908724208502,1.280474075890052,0.0016,0.6059905174274678,0.2123801699420943,0.0580060774423802,1.772496804343196,0.0,A
2023-04-21,Arsenal,Southampton,3,3,D,6,6,0,0,46,49,20,102,0,12,14,35,74,0,0.7498701977598664,1.062113420862942,0.0022458040992346,2.122575096566828,0.0,0.2000076928135987,0.2099891447438246,0.2779042209967322,0.8094880384452816,0.0,A
2023-04-22,Fulham,Leeds,2,1,H,5,2,0,0,30,26,21,84,0,20,27,42,79,1,0.7282396230779196,0.7221411858484089,0.0838534349369481,1.8541763777692648,0.0,0.7203866649108154,0.5857410057128484,0.3569543621043133,1.4023703794502915,0.008,H
2023-04-22,Brentford,Aston Villa,1,1,D,5,2,0,0,29,29,25,81,1,41,37,24,87,0,0.0533589263397683,0.0600118543096742,0.8582528263891138,0.750884316794669,6.5536000000000055e-12,0.6290140190064563,0.8276666673299509,0.1705758474570301,2.237443035494047,0.0,A
2023-04-22,Crystal Palace,Everton,0,0,D,2,5,0,1,23,19,24,64,3,17,16,34,79,1,0.7209630973961753,0.2806426869781181,0.053071589584719,0.8422536560917036,0.00320000016384,0.6400643195420017,0.6003994665709838,0.0215613873223159,1.3828469237144567,2.621440000000003e-13,H
2023-04-22,Leicester,Wolves,2,1,H,8,3,0,0,17,24,31,73,2,25,21,28,77,4,0.6288008806465537,0.819265515560905,0.0411071826591272,1.0744490518878511,3.3030144000000026e-11,0.0409808495579549,0.0566557090214785,0.8675983617414923,1.2047218257473464,0.0480000204813107,H
2023-04-22,Liverpool,Nottingham,3,2,H,6,5,0,0,31,34,24,114,0,21,17,33,66,0,0.02995258713737,0.0619008497105345,0.2900303872119119,1.8624840217160528,0.0,0.6129109034611508,0.2176825388645744,0.217024560773852,1.540508392682003,0.0,H
2023-04-23,Bournemouth,West Ham,0,4,A,5,10,0,0,20,21,36,80,0,20,20,30,68,0,0.0048005448704249,0.1088005377583533,0.5528121586698368,0.8238666816853484,0.0,0.1200028922781735,0.0816693500395598,0.2120632583533573,0.8054476080186971,0.0,H
2023-04-23,Newcastle,Tottenham,6,1,H,8,3,0,0,41,31,15,93,1,30,35,33,99,2,0.7499690230988408,0.3189125366586802,0.0416000265817476,1.0637499103350303,8.192000000000004e-10,0.1251587716105109,0.335092352966061,0.5015751844275999,1.3355846466779009,2.048026214400001e-08,H
2023-04-25,Wolves,Crystal Palace,2,0,H,3,4,0,0,25,22,26,75,4,21,18,24,63,3,0.2049042477897744,0.2832785451074034,0.3379918087074821,1.0236091287367637,0.2400001024065536,0.6048154869808865,0.4032134348905906,0.2653579479235953,1.211268280458538,0.0160000008192,H
2023-04-25,Aston Villa,Fulham,1,0,H,3,0,0,0,39,34,25,78,0,30,25,22,81,0,0.1450700950322911,0.1383333366497647,0.8528792372851612,0.1872151774702548,0.0,0.6411981153896289,0.610705929242065,0.4192671746847513,1.2708818888463744,0.0,H
2023-04-25,Leeds,Leicester,1,1,D,3,3,0,0,17,26,43,75,1,17,22,32,77,2,0.6019333245540762,0.9287050285642522,0.7847718105215875,1.0118518972514776,0.04,0.1440044032327994,0.0963275778045457,0.2055359132956465,1.3722452594393404,1.6515072000000012e-10,H
2023-04-26,Nottingham,Brighton,3,1,H,5,7,0,0,18,18,36,64,0,35,40,26,129,0,0.0645545173057536,0.0884126943228933,1.0851228038692915,0.7025419634100667,0.0,0.2290013844820774,0.0773496061079794,0.1319579697847835,1.5657856564808124,0.0,A
2023-04-26,Chelsea,Brentford,0,2,A,4,1,0,0,18,14,22,80,1,30,30,22,83,1,0.0051283154766397,0.2035353807552617,0.8484096262629701,1.464910235983749,1.2800000000000005e-05,0.2667946316988521,0.3000592715483814,0.2912641319455792,0.7544215839733974,3.276800000000003e-11,A
2023-04-26,West Ham,Liverpool,1,2,A,2,4,0,0,23,24,29,75,0,34,37,25,113,0,0.6000144613908992,0.4083467501978413,0.0603162917667864,1.0272380400935897,0.0,0.1497629356868816,0.309504248552704,0.4501519360595801,2.3124201085803278,0.0,A
2023-04-26,Man City,Arsenal,4,1,H,9,2,0,0,47,45,18,107,1,44,47,23,98,0,0.7450642582323123,0.6586417302562197,0.211590169592133,1.0527168941535423,0.008,0.7493509887993421,0.3105671043147419,0.0112290204962049,0.6128754828342042,0.0,H
2023-04-27,Everton,Newcastle,1,4,A,5,8,0,0,15,13,34,78,2,41,36,16,97,1,0.2003215977100188,0.0019973328549183,0.1078069366115795,0.9142346185723348,1.3212057600000012e-12,0.7498451154942349,0.5945626832934641,0.2080001329087486,1.3187495516752368,4.096000000000002e-09,A
2023-04-27,Southampton,Bournemouth,0,1,A,2,2,0,0,12,16,37,77,0,20,21,38,82,0,3.846406800408577e-05,0.0499457237191544,0.3895211049836924,1.0474401922264702,0.0,0.0240027243521245,0.5440026887917667,0.7640607933492259,1.1193334084267934,0.0,D
2023-04-27,Tottenham,Man United,2,2,D,7,8,0,0,30,35,37,97,2,40,31,22,109,1,0.6257938580525548,0.6754617648303153,0.5078759221380619,1.6779232333895358,1.0240131072000007e-07,0.3259986604926488,0.252268288082308,0.2256034081039974,1.3614336342387643,2.048000000000001e-08,A
2023-04-29,Crystal Palace,West Ham,4,3,H,6,4,0,0,18,16,25,61,3,20,23,31,73,0,0.0240774349044318,0.016067174452953,0.3267897396179973,0.0563414022927312,0.080000004096,7.230695449559043e-05,0.0417337509892168,0.3015814588339532,1.1361902004679685,0.0,D
2023-04-29,Brentford,Nottingham,2,1,H,8,3,0,0,32,31,21,81,1,21,21,32,67,0,0.3339731584942919,0.5002963577419282,0.4563206597278958,0.7721079198669971,1.638400000000001e-10,0.3227725865287995,0.4420634716144979,0.4256140193464687,1.5127098170503857,0.0,H
2023-04-29,Brighton,Wolves,6,0,H,8,2,0,0,34,41,29,129,0,27,23,25,74,3,0.145006922410387,0.3867480305399078,0.6597898489239491,0.8289282824041347,0.0,0.0245212389489036,0.416392725537038,0.6899590435374106,1.1180456436838486,0.200000512032768,H
2023-04-30,Bournemouth,Leeds,4,1,H,7,6,0,0,23,20,35,80,0,15,23,41,74,1,0.120013621760654,0.7200134439588437,0.8203039667461293,1.596667042133988,0.0,0.0096666227703912,0.643525142821271,0.9238590526079474,1.0592594862574194,0.2,H
2023-04-30,Fulham,Man City,1,2,A,1,9,0,0,27,22,21,76,0,47,46,18,112,1,0.2059905769481437,0.0535296462103249,0.096335873423767,1.3544094442318728,0.0,0.7253212911615923,0.2932086512811403,0.0579508479606757,1.2635844707678054,0.04,A
2023-04-30,Man United,Aston Villa,1,0,H,6,1,0,0,40,32,23,111,1,42,35,21,81,0,0.6299933024632545,0.2613414404115609,0.1280170405200082,0.8071681711939048,1.0240000000000007e-07,0.7253504751614874,0.6916666832488341,0.2643961864258061,0.9360758873513054,0.0,H
2023-04-30,Newcastle,Southampton,3,1,H,5,3,0,0,41,38,16,100,1,12,16,37,75,0,0.7492255774712058,0.972813416467362,0.0400006645437536,1.5937477583762676,2.048000000000001e-08,0.0001923203400204,0.249728618595772,0.9476055249184726,1.2372009611323718,0.0,H
2023-04-30,Liverpool,Tottenham,4,3,H,4,7,0,0,37,38,24,107,0,28,34,37,97,2,0.7488146784344396,0.5475212427635406,0.2507596802979109,1.5621005429016783,0.0,0.1289692902627842,0.3773088241515968,0.5393796106903304,1.3896161669477514,5.120065536000002e-07,H
2023-05-01,Leicester,Everton,2,2,D,6,8,0,0,18,23,32,75,2,14,14,38,79,2,0.7200220161640078,0.4816378890227391,0.0276795664782432,1.8612262971967328,8.257536000000005e-10,0.001607988550094,0.0099866642746022,0.5390346830579394,0.571173092861726,6.606028800000005e-12,H
2023-05-02,Arsenal,Chelsea,3,1,H,10,4,0,0,41,47,27,98,0,18,13,20,77,1,0.7467549439967103,0.55283552157372,0.0561451024810665,1.0643774141710416,0.0,0.0256415773831987,0.0176769037763084,0.2420481313148711,0.3245511799187859,6.400000000000002e-05,H
2023-05-03,Liverpool,Fulham,1,0,H,3,3,0,0,37,40,26,105,0,26,23,23,71,0,0.7440733921722291,0.7376062138177448,0.2537984014895861,1.8105027145084331,0.0,0.0299528847407186,0.2676482310516349,0.4816793671188559,0.7720472211593732,0.0,H
2023-05-03,Man City,West Ham,3,0,H,7,2,0,0,47,47,19,116,1,20,26,34,72,0,0.6266064558079922,0.4660432564057224,0.2897542398033894,1.3179223538391214,0.2,0.0003615347724779,0.2086687549461155,0.5079072941698083,0.6809510023398845,0.0,H
2023-05-04,Brighton,Man United,1,0,H,6,5,0,0,37,46,26,135,0,40,32,23,114,1,0.7250346120519668,0.9337401526996016,0.2989492446197449,2.144641412020757,0.0,0.1499665123163033,0.3067072020578147,0.640085202600041,1.0358408559695864,5.120000000000002e-07,H
2023-05-06,Bournemouth,Chelsea,1,3,A,4,5,0,0,26,21,32,81,0,18,14,22,80,1,0.6000681088033017,0.6000672197942603,0.1015198337306565,1.9833352106700128,0.0,0.1282078869159936,0.0883845188815526,0.2102406565743873,0.6227558995939715,0.00032,H
2023-05-06,Man City,Leeds,2,1,H,6,2,0,0,47,48,18,118,0,15,21,41,75,0,0.1330322790399921,0.3302162820286435,0.4487711990169469,1.5896117691956806,0.0,0.0483331138519564,0.2176257141063654,0.6192952630397791,0.2962974312871599,0.0,H
2023-05-06,Tottenham,Crystal Palace,1,0,H,3,2,0,0,28,36,39,99,2,21,20,27,67,3,0.6448464513139214,0.8865441207580151,0.6968980534516935,1.9480808347388296,2.560032768000001e-06,0.1203871745221905,0.0803358722648074,0.633948698090018,0.2817070114637192,0.40000002048,H
2023-05-06,Wolves,Aston Villa,1,0,H,2,3,0,0,27,21,28,71,2,39,32,21,78,0,0.1226061947445182,0.08196362768519,0.4497952176871152,0.5902282184192637,2.560163840000001e-06,0.6267523758074365,0.4583334162441699,0.3219809321290406,0.6803794367565372,0.0,A
2023-05-06,Liverpool,Brentford,1,0,H,5,1,0,0,37,38,25,101,0,34,31,20,87,1,0.7203669608611762,0.6880310690887343,0.2689920074479305,2.052513572542197,0.0,0.669865792471491,0.5014817887096616,0.2816032986394893,1.8605395993350688,8.192000000000004e-10,H
2023-05-07,Newcastle,Arsenal,0,2,A,5,6,0,0,41,37,17,98,1,41,48,28,104,0,0.7461278873560601,0.8640670823368413,0.2000033227187788,0.9687387918813888,1.0240000000000007e-07,0.733774719983582,0.7641776078686311,0.2807255124053432,1.321887070855312,0.0,H
2023-05-07,West Ham,Man United,1,0,H,4,4,0,0,20,25,35,72,0,40,31,21,116,1,0.0018076738623897,0.0433437747305775,0.5395364708490727,1.4047550116994432,0.0,0.7498325615815165,0.5335360102890734,0.2004260130002148,2.179204279847984,2.5600000000000013e-06,A
2023-05-08,Fulham,Leicester,5,3,H,7,9,0,0,26,22,22,72,0,16,23,34,73,2,0.149764423703593,0.3382411552581747,0.4083968355942898,1.860236105796897,0.0,0.6001100808200495,0.4081894451137164,0.1383978323912373,1.3061314859837267,4.128768000000002e-09,H
2023-05-08,Brighton,Everton,1,5,A,5,5,0,0,37,43,25,132,0,15,16,38,85,2,0.625173060259865,0.6687007634980183,0.4947462230987244,1.7232070601038472,0.0,0.0080399427504806,0.0499333213730321,0.6951734152897182,0.8558654643087136,3.3030144000000026e-11,H
2023-05-08,Nottingham,Southampton,4,3,H,4,5,0,0,20,20,32,63,0,12,16,36,73,0,0.6138629326439974,0.2103173580725,0.1280700967323645,0.5635490852519596,0.0,0.0009616017001021,0.2486430929788705,0.7380276245923942,1.1860048056618897,0.0,H
2023-05-13,Leeds,Newcastle,2,2,D,4,5,1,0,15,21,40,76,0,38,33,18,99,1,0.2416655692597821,0.0881285705318374,0.0964763151989158,0.4814871564358203,0.0,0.7306394367803,0.3203354116842062,1.6613593915064327e-05,0.8436939594069968,5.120000000000002e-07,A
2023-05-13,Aston Villa,Tottenham,2,1,H,4,2,0,0,36,30,21,79,0,28,33,36,94,2,0.1337618790371819,0.2916670812208497,0.6099046606452138,1.4018971837827177,0.0,0.2242322565696376,0.432720603790086,0.4844902672584671,1.7404041736941784,1.2800163840000004e-05,H
2023-05-13,Chelsea,Nottingham,2,2,D,6,2,0,0,21,17,22,83,1,20,23,35,65,0,0.6410394345799996,0.4419225944077946,0.0512032828719471,1.1137794979699098,0.0016,0.0693146632200179,0.0515867903625422,0.6403504836618539,0.8177454262598397,0.0,H
2023-05-13,Crystal Palace,Bournemouth,2,0,H,5,0,0,0,21,20,25,69,1,23,19,35,76,0,0.6019358726109529,0.4016793613240369,0.1697434904501001,1.408535057318617,1.0240000000000007e-07,0.0003405440165085,0.0003360989713111,0.507599168653314,0.9166760533501044,0.0,H
2023-05-13,Man United,Wolves,2,0,H,9,0,0,0,37,29,21,111,1,30,22,26,71,2,0.749162807907582,0.6676800514453669,0.0021300650010843,1.89602139923996,1.2800000000000005e-05,0.6130309737226228,0.4098181384259607,0.248976088435576,0.9511410920963388,1.2800819200000005e-05,H
2023-05-13,Southampton,Fulham,0,2,A,1,4,0,0,12,18,37,73,0,29,26,23,72,0,0.0048080085005107,0.243215464894384,0.6901381229620128,0.9300240283095008,0.0,0.7488221185179964,0.6912057762909258,0.0419841779714805,2.301180528984557,0.0,D
2023-05-14,Brentford,West Ham,2,0,H,10,4,0,0,31,29,20,80,1,23,26,33,70,0,0.3493289623574545,0.5074089435483079,0.4080164931974568,1.3026979966753545,4.096000000000002e-09,0.0090383693119802,0.216718873652898,0.6976823542453634,1.023775058497257,0.0,H
2023-05-14,Everton,Man City,0,3,A,3,4,0,0,18,21,36,87,2,50,49,17,118,0,0.0401997137524346,0.249666606865213,0.4758670764486007,1.2793273215436196,1.6515072000000012e-10,0.6651613951999922,0.6510814101432383,0.2438559950847449,1.948058845978464,0.0,A
2023-05-14,Arsenal,Brighton,0,3,A,2,6,0,0,41,47,27,105,0,34,41,28,129,0,0.6688735999179412,0.8208880393431758,0.4036275620267164,1.609435354276624,0.0,0.1258653012993245,0.3435038174901017,0.4737311154936742,0.6160353005192872,0.0,H
2023-05-15,Leicester,Liverpool,0,3,A,4,5,0,0,13,24,39,76,2,37,36,24,97,0,0.0005504041002467,0.0409472255686135,0.691989161956239,0.5306574299187276,2.064384000000001e-08,0.6018348043059122,0.4401553454436817,0.3449600372396524,1.2625678627110388,0.0,A
2023-05-18,Newcastle,Brighton,4,1,H,9,2,0,0,36,34,20,101,1,37,43,26,133,0,0.6531971839015099,0.601677058421052,8.306796959629316e-05,1.218469797035036,2.5600000000000013e-06,0.6293265064966541,0.71751908745054,0.3686555774683709,1.0801765025964989,0.0,H
2023-05-20,Tottenham,Brentford,1,3,A,8,4,0,0,27,32,36,88,2,33,29,18,85,1,0.121161282848188,0.1636030189504404,0.4224513362923566,0.7020208684709132,6.400081920000003e-05,0.7466448117873038,0.5370447177415604,0.0400824659872841,1.5134899833768771,2.048000000000001e-08,A
2023-05-20,Bournemouth,Man United,0,1,A,4,5,0,0,23,19,35,72,0,37,28,21,112,1,0.0017027200825425,0.0016804948565557,0.5379958432665909,0.5833802667505222,0.0,0.7458140395379413,0.3384002572268549,0.0106503250054217,1.480106996199892,6.400000000000002e-05,D
2023-05-20,Fulham,Crystal Palace,2,2,D,4,5,0,0,29,25,23,65,0,21,20,25,68,1,0.7441105925900129,0.4560288814546498,0.2099208898574024,0.5059026449228261,0.0,0.0096793630547954,0.0083968066202055,0.8487174522505003,1.0426752865931364,5.120000000000002e-07,A
2023-05-20,Liverpool,Aston Villa,1,1,D,5,3,0,0,37,37,23,97,0,39,31,19,77,0,0.0091740215295921,0.2007767272184401,0.7248001861982619,1.3128393135552463,0.0,0.6688093951859413,0.4583354061042693,0.0495233032260786,1.009485918913629,0.0,H
2023-05-20,Wolves,Everton,1,1,D,5,4,0,0,27,20,27,67,2,18,20,37,84,2,0.0651548686131134,0.0490906921298034,0.244880442177901,0.7557054604816942,6.400409600000003e-05,0.200998568762173,0.2483330343260651,0.3793353822430351,0.3966366077181284,8.257536000000005e-10,H
2023-05-20,Nottingham,Arsenal,1,0,H,2,3,0,0,21,25,34,64,0,38,43,28,100,0,0.3465733161001,0.2579339518127322,0.20175241830929,1.0887271312992188,0.0,0.3443679995897054,0.1044401967158788,0.0181378101336132,1.04717677138314,0.0,A
2023-05-21,West Ham,Leeds,3,1,H,9,3,0,0,23,25,32,70,0,15,23,42,79,1,0.0451918465599012,0.0835943682644902,0.4884117712268375,1.118875292486326,0.0,0.2083278462989212,0.4406428526592079,0.4823815759946003,1.4074357821791432,1.0485760000000012e-14,H
2023-05-21,Brighton,Southampton,3,1,H,8,1,0,0,34,41,29,131,0,12,17,36,70,0,0.1466325324832702,0.5875954372527104,0.8432778873418967,1.4008825129825155,0.0,0.0240400425025536,0.2160773244719202,0.4506906148100846,0.6501201415475142,0.0,H
2023-05-21,Man City,Chelsea,1,0,H,2,6,0,0,50,49,16,113,0,19,17,24,84,1,0.3258069759999922,0.2554070507162226,0.2192799754237247,0.7402942298923625,0.0,0.2051971729000077,0.209612972038994,0.2560164143597565,0.5688974898496117,0.008,H
2023-05-22,Newcastle,Leicester,0,0,D,4,1,0,0,36,35,21,105,1,13,24,39,78,2,0.2659859195075809,0.0083852921053013,0.0004153398479919,1.0923489851752737,1.2800000000000005e-05,0.0027520205012336,0.2047361278430675,0.4599458097812262,0.6532871495936796,1.0321920000000007e-07,H
2023-05-24,Brighton,Man City,1,1,D,7,4,0,0,37,42,26,134,0,52,49,15,112,0,0.7331626624163828,0.9379771862635828,0.2163894367094938,2.004412564912661,0.0,0.6290348799999922,0.2770352535811234,0.0963998771186237,0.7014711494618331,0.0,A
2023-05-25,Man United,Chelsea,4,1,H,9,5,0,0,37,28,21,111,1,18,16,24,88,1,0.7290701976897377,0.692001286134285,0.0532516250271088,1.4005349809995122,0.00032,0.0259858645000388,0.04806486019497,0.2800820717987928,0.8444874492481216,0.04,H
2023-05-28,Arsenal,Wolves,5,0,H,8,0,0,0,37,43,29,99,0,28,21,27,69,2,0.7218399979485267,0.5222009835793942,0.0906890506680769,1.2358838569157315,0.0,0.3257743430655777,0.2454534606490278,0.2244022108895156,0.7785273024085231,0.00032002048,H
2023-05-28,Aston Villa,Brighton,2,1,H,5,4,0,0,37,30,20,76,0,35,39,26,133,0,0.3440469759297166,0.2916770305213569,0.2476165161304038,1.0474295945681753,0.0,0.6658133120819241,0.6898859313179238,0.0819471835474795,2.0220628245633776,0.0,A
2023-05-28,Brentford,Man City,1,0,H,4,3,0,0,33,30,19,83,1,50,49,16,113,0,0.7332240589365498,0.6852235887078331,0.2004123299364313,1.5674499168844278,1.0240000000000007e-07,0.1451743999999712,0.3851762679056276,0.4819993855931292,0.507355747309207,0.0,A
2023-05-28,Chelsea,Newcastle,1,1,D,5,4,0,0,18,17,27,91,1,36,35,21,104,1,0.1299293225001943,0.2403243009748605,0.4004103589940062,2.22243724624066,0.2,0.3299295975379147,0.0419264605265068,0.0020766992399597,0.4617449258764102,6.400000000000002e-05,A
2023-05-28,Crystal Palace,Nottingham,1,1,D,4,4,0,0,22,22,23,69,1,23,25,33,61,0,0.0483968152739879,0.0419840331010487,0.2435872612525225,1.2133764329657335,2.5600000000000013e-06,0.7328665805005312,0.2896697590636715,0.0087620915464503,0.4436356564961146,0.0,H
2023-05-28,Everton,Bournemouth,1,0,H,6,2,0,0,18,20,37,87,2,23,19,34,74,0,0.0049928438108756,0.2416651716303362,0.8966769112151858,0.9831830385906838,4.128768000000002e-09,0.0085136004127129,0.0084024742827786,0.6899792163329646,0.9169013337526528,0.0,H
2023-05-28,Leeds,Tottenham,1,4,A,2,7,0,0,14,22,43,76,1,27,33,37,94,2,0.041639231494606,0.2032142632960498,0.4119078799730331,1.0371789108957468,5.2428800000000056e-14,0.6058064142409402,0.8180150947522125,0.1122566814618144,1.5101043423546496,0.000320004096,A
2023-05-28,Leicester,West Ham,2,1,H,4,3,0,0,14,23,37,77,2,26,28,31,74,0,0.0137601025061788,0.0236806392153374,0.299729048906131,1.2664357479684087,5.160960000000002e-07,0.2259592327995379,0.4179718413224824,0.4420588561341979,0.5943764624317246,0.0,A
2023-05-28,Man United,Fulham,2,1,H,8,3,0,0,37,29,22,114,1,27,25,24,67,0,0.6453509884487193,0.4600064306714667,0.2662581251355548,1.0026749049976549,0.0016,0.7205529629500743,0.2801444072732701,0.0496044492870333,0.5295132246141725,0.0,H
2023-05-28,Southampton,Liverpool,4,4,D,10,8,0,0,12,17,37,68,0,38,37,21,96,0,0.120200212512768,0.0803866223596116,0.2534530740504547,0.250600707737581,0.0,0.0458701076479711,0.003883636092211,0.6240009309913194,0.5641965677762839,0.0,A
