Date,HomeTeam,AwayTeam,FTHG,FTAG,FTR,HST,AST,HR,AR,HomeTeamPointLast20,HomeTeamGoalScoredLast20,HomeTeamGoalConcededLast20,HomeTeamShotTargetLast20,HomeTeamRedLast20,HomeTeamRatingLast20,AwayTeamPointLast20,AwayTeamGoalScoredLast20,AwayTeamGoalConcededLast20,AwayTeamShotTargetLast20,AwayTeamRedLast20,AwayTeamRatingLast20,HomeTeamPointH2HLast10,HomeTeamGoalScoredH2HLast10,HomeTeamGoalConcededH2HLast10,HomeTeamShotTargetH2HLast10,HomeTeamRedH2HLast10,HomeTeamWin%H2HLast10,AwayTeamPointH2HLast10,AwayTeamGoalScoredH2HLast10,AwayTeamGoalConcededH2HLast10,AwayTeamShotTargetH2HLast10,AwayTeamRedH2HLast10,AwayTeamWin%H2HLast10,FTR_Prediction
2022-08-05,Crystal Palace,Arsenal,0,2,A,2,2,0,0,28,26,19,85,0,16.500000000000004,37,34,25,100,3,19.40000000000001,12,17,16,45,0,20.0,12,16,17,47,1,20.0,A
2022-08-06,Fulham,Liverpool,2,2,D,3,4,0,0,16,12,26,67,0,6.500000000000003,51,44,11,133,0,29.300000000000008,10,9,22,53,0,30.0,19,22,9,84,1,60.0,A
2022-08-06,Bournemouth,Aston Villa,2,0,H,3,2,0,0,16,15,30,59,3,9.6,23,28,26,101,1,12.200000000000005,9,6,4,15,1,75.0,3,4,6,16,0,25.0,H
2022-08-06,Leeds,Wolves,2,1,H,4,6,0,0,22,24,43,78,2,12.000000000000002,26,25,29,79,1,10.300000000000002,11,13,12,41,1,37.5,11,12,13,41,2,37.5,H
2022-08-06,Newcastle,Nottingham,2,0,H,10,0,0,0,39,26,21,91,0,21.500000000000007,0,0,0,0,0,0.0,0,0,0,0,0,0.0,0,0,0,0,0,0.0,H
2022-08-06,Tottenham,Southampton,4,1,H,8,2,0,0,38,46,20,110,0,23.6,20,24,39,97,1,7.700000000000003,15,19,15,56,1,40.0,12,15,19,54,2,30.0,H
2022-08-06,Everton,Chelsea,0,1,A,4,6,0,0,20,20,34,65,5,13.3,36,37,21,109,0,19.500000000000004,16,8,7,27,0,40.0,10,7,8,65,0,20.0,A
2022-08-07,Leicester,Brentford,2,2,D,5,3,0,0,27,31,26,82,0,17.000000000000004,26,27,31,82,2,17.1,12,8,4,20,0,100.0,0,4,8,22,0,0.0,H
2022-08-07,Man United,Brighton,1,2,A,5,4,0,0,27,27,31,97,0,12.900000000000004,27,25,26,80,1,16.700000000000003,18,15,16,55,0,60.0,12,16,15,37,2,40.0,H
2022-08-07,West Ham,Man City,0,2,A,1,2,0,0,28,30,27,73,1,12.800000000000002,49,55,17,124,0,26.60000000000001,3,9,26,20,0,0.0,24,26,9,73,0,70.0,A
2022-08-13,Aston Villa,Everton,2,1,H,4,4,0,0,23,27,26,98,1,10.900000000000002,20,19,33,64,5,12.2,22,16,10,34,0,70.0,7,10,16,34,0,20.0,H
2022-08-13,Arsenal,Leicester,4,2,H,7,2,0,0,37,31,25,96,3,20.800000000000008,28,31,25,83,0,16.6,21,19,11,58,1,70.0,9,11,19,49,0,30.0,H
2022-08-13,Brighton,Newcastle,0,0,D,7,1,0,0,27,24,25,79,1,18.300000000000008,41,27,20,93,0,22.300000000000004,16,12,6,41,3,40.0,10,6,12,28,0,20.0,A
2022-08-13,Man City,Bournemouth,4,0,H,7,1,0,0,49,51,14,117,0,27.400000000000013,18,15,28,57,3,11.4,24,27,4,59,2,100.0,0,4,27,18,0,0.0,H
2022-08-13,Southampton,Leeds,2,2,D,4,5,0,0,19,24,42,97,0,7.000000000000003,22,23,43,75,2,14.1,16,10,11,55,0,40.0,10,11,10,46,1,20.0,H
2022-08-13,Wolves,Fulham,0,0,D,1,3,0,0,23,25,31,79,1,8.600000000000003,16,14,28,67,0,6.600000000000002,18,10,10,44,1,50.0,9,10,10,53,0,20.0,H
2022-08-13,Brentford,Man United,4,0,H,7,4,0,0,24,27,32,81,2,16.500000000000004,27,28,32,100,0,11.7,0,2,12,24,0,0.0,12,12,2,20,0,100.0,H
2022-08-14,Nottingham,West Ham,1,0,H,6,5,0,0,0,0,2,0,0,0.0,25,26,28,68,1,11.000000000000004,0,0,0,0,0,0.0,0,0,0,0,0,0.0,H
2022-08-14,Chelsea,Tottenham,2,2,D,3,5,0,0,36,35,20,111,0,21.10000000000001,38,47,19,108,0,24.6,22,17,7,50,0,70.0,7,7,17,36,1,20.0,A
2022-08-15,Liverpool,Crystal Palace,1,1,D,4,3,1,0,52,46,12,133,0,28.00000000000001,25,23,21,81,0,15.400000000000002,30,28,4,76,0,100.0,0,4,28,33,1,0.0,H
2022-08-20,Tottenham,Wolves,1,0,H,4,3,0,0,39,49,19,110,0,23.800000000000004,21,22,30,75,1,8.700000000000001,20,13,9,76,0,60.0,8,9,13,56,0,20.0,H
2022-08-20,Crystal Palace,Aston Villa,3,1,H,9,5,0,0,26,22,19,78,0,14.7,25,27,25,93,1,12.900000000000002,12,10,13,40,0,30.0,15,13,10,39,2,40.0,A
2022-08-20,Everton,Nottingham,1,1,D,8,5,0,0,20,20,34,67,5,11.3,3,1,2,6,0,3.0,0,0,0,0,0,0.0,0,0,0,0,0,0.0,A
2022-08-20,Fulham,Brentford,3,2,H,9,5,0,0,16,12,26,63,0,6.900000000000002,27,30,28,84,2,18.500000000000004,0,0,0,0,0,0.0,0,0,0,0,0,0.0,A
2022-08-20,Leicester,Southampton,1,2,A,1,3,0,0,27,32,28,80,0,15.300000000000002,17,22,43,95,0,6.700000000000003,19,27,10,66,0,50.0,7,10,27,44,3,10.0,H
2022-08-20,Bournemouth,Arsenal,0,3,A,1,6,0,0,18,15,31,56,3,11.0,40,34,25,101,2,21.700000000000006,5,8,18,33,1,11.11111111111111,20,18,8,37,0,66.66666666666666,A
2022-08-21,Leeds,Chelsea,3,0,H,6,3,0,1,20,22,43,75,2,13.8,36,36,21,109,0,19.90000000000001,5,10,20,30,2,10.0,23,20,10,69,0,70.0,A
2022-08-21,West Ham,Brighton,0,2,A,3,2,0,0,22,23,27,68,1,10.000000000000004,27,23,24,82,1,18.000000000000004,6,12,19,37,0,0.0,18,19,12,45,0,40.0,A
2022-08-21,Newcastle,Man City,3,3,D,6,10,0,0,41,26,19,93,0,21.600000000000005,49,54,14,121,0,27.700000000000006,1,7,32,26,0,0.0,28,32,7,76,0,90.0,A
2022-08-22,Man United,Liverpool,2,1,H,4,5,0,0,26,26,34,98,0,10.2,52,45,11,131,1,26.20000000000001,6,5,26,26,2,10.0,21,26,5,53,0,60.0,A
2022-08-27,Southampton,Man United,0,1,A,5,6,0,0,20,23,41,88,0,9.1,26,25,34,97,0,12.000000000000002,7,9,20,35,3,0.0,16,20,9,64,0,30.0,H
2022-08-27,Brentford,Everton,1,1,D,5,7,0,0,27,32,28,88,2,17.1,21,20,32,72,5,11.200000000000005,12,8,4,22,0,100.0,0,4,8,20,4,0.0,H
2022-08-27,Brighton,Leeds,1,0,H,4,2,0,0,29,24,23,82,1,19.6,23,25,42,77,2,15.900000000000002,10,5,2,27,0,33.33333333333333,4,2,5,22,0,0.0,H
2022-08-27,Chelsea,Leicester,2,1,H,3,5,1,0,35,34,22,106,1,18.50000000000001,27,33,28,80,0,13.8,17,15,9,60,0,40.0,8,9,15,27,1,10.0,H
2022-08-27,Liverpool,Bournemouth,9,0,H,12,2,0,0,49,43,13,123,1,23.800000000000008,17,15,34,55,3,9.600000000000003,19,22,7,46,0,75.0,4,7,22,22,0,12.5,H
2022-08-27,Man City,Crystal Palace,4,2,H,5,2,0,0,47,55,16,129,0,26.500000000000007,28,24,19,86,0,16.900000000000002,16,15,6,52,2,40.0,10,6,15,18,0,20.0,H
2022-08-27,Arsenal,Fulham,2,1,H,8,3,0,0,42,37,25,102,2,23.100000000000005,19,15,26,71,0,9.0,19,22,11,77,2,50.0,7,11,22,46,2,10.0,H
2022-08-28,Aston Villa,West Ham,0,1,A,3,2,0,0,22,27,28,95,1,11.6,19,21,29,66,1,8.500000000000002,5,8,20,48,3,10.0,23,20,8,50,1,70.0,H
2022-08-28,Wolves,Newcastle,1,1,D,4,6,0,0,18,20,30,76,1,7.300000000000002,39,28,22,96,0,20.20000000000001,14,12,11,38,0,30.0,11,11,12,36,2,20.0,H
2022-08-28,Nottingham,Tottenham,0,2,A,1,7,0,0,4,2,3,11,0,4.0,42,48,16,111,0,24.800000000000004,0,0,0,0,0,0.0,0,0,0,0,0,0.0,A
2022-08-30,Crystal Palace,Brentford,1,1,D,4,3,0,0,28,25,20,83,0,15.100000000000003,28,32,26,85,2,16.800000000000004,4,0,0,10,0,0.0,4,0,0,10,0,0.0,A
2022-08-30,Fulham,Brighton,2,1,H,3,4,0,0,18,16,28,72,0,8.3,31,24,22,81,1,21.300000000000004,3,2,2,12,0,0.0,3,2,2,14,0,0.0,A
2022-08-30,Southampton,Chelsea,2,1,H,7,4,0,0,19,22,41,90,0,8.000000000000002,38,36,22,108,2,19.300000000000008,5,11,32,32,2,10.0,23,32,11,75,0,70.0,A
2022-08-30,Leeds,Everton,1,1,D,5,2,0,0,22,22,40,71,2,14.800000000000002,19,18,33,69,5,11.300000000000002,6,7,20,38,0,10.0,21,20,7,75,0,60.0,H
2022-08-31,Arsenal,Aston Villa,2,1,H,9,3,0,0,42,38,26,108,1,23.700000000000006,21,24,26,94,0,10.4,24,22,8,54,1,80.0,6,8,22,39,0,20.0,H
2022-08-31,Bournemouth,Wolves,0,0,D,2,4,0,0,16,15,43,52,3,9.200000000000005,19,21,30,76,1,7.600000000000002,0,1,2,2,1,0.0,3,2,1,7,0,100.0,A
2022-08-31,Man City,Nottingham,6,0,H,9,1,0,0,47,58,18,128,0,26.800000000000008,4,2,5,12,0,3.7,0,0,0,0,0,0.0,0,0,0,0,0,0.0,H
2022-08-31,West Ham,Tottenham,1,1,D,4,4,0,0,22,20,26,63,1,10.8,45,50,14,111,0,25.90000000000001,11,14,18,31,0,30.0,17,18,14,47,1,50.0,A
2022-08-31,Liverpool,Newcastle,2,1,H,6,2,0,0,49,49,12,128,1,24.000000000000007,37,26,22,93,0,19.50000000000001,22,17,7,67,0,60.0,4,7,17,25,0,0.0,H
2022-09-01,Leicester,Man United,0,1,A,2,2,0,0,26,32,28,83,0,12.600000000000003,26,25,34,100,0,13.6,13,17,16,47,1,30.0,13,16,17,51,0,30.0,H
2022-09-03,Everton,Liverpool,0,0,D,3,8,0,0,20,19,32,71,5,11.1,49,49,13,123,1,24.90000000000001,6,9,21,27,1,10.0,21,21,9,50,0,60.0,A
2022-09-03,Brentford,Leeds,5,2,H,8,6,0,0,29,32,25,87,2,16.400000000000002,23,23,38,76,2,14.600000000000003,2,6,8,16,2,0.0,8,8,6,24,0,50.0,H
2022-09-03,Chelsea,West Ham,2,1,H,3,3,0,0,37,36,23,109,2,18.000000000000007,23,21,26,66,1,10.6,14,11,9,57,0,40.0,14,9,11,25,3,40.0,H
2022-09-03,Newcastle,Crystal Palace,0,0,D,6,9,0,0,34,26,24,93,0,17.300000000000008,28,25,20,82,0,15.100000000000003,19,10,5,41,0,50.0,7,5,10,30,0,10.0,A
2022-09-03,Nottingham,Bournemouth,2,3,A,3,3,0,0,4,2,11,13,0,3.6,14,14,43,48,3,8.9,0,0,0,0,0,0.0,0,0,0,0,0,0.0,H
2022-09-03,Tottenham,Fulham,2,1,H,10,3,0,0,43,48,13,110,0,24.60000000000001,18,16,29,72,0,10.1,25,19,6,67,0,80.0,4,6,19,55,0,10.0,H
2022-09-03,Wolves,Southampton,1,0,H,2,1,0,0,17,19,30,73,1,7.500000000000002,19,21,40,87,0,10.1,23,18,11,43,0,70.0,5,11,18,63,0,10.0,H
2022-09-03,Aston Villa,Man City,1,1,D,1,4,0,0,21,25,27,96,0,9.4,49,63,17,132,0,27.800000000000008,1,8,27,24,1,0.0,28,27,8,69,2,90.0,A
2022-09-04,Brighton,Leicester,5,2,H,11,4,0,0,28,23,24,79,1,19.7,26,31,27,78,0,11.100000000000003,9,8,16,34,0,20.0,18,16,8,46,2,50.0,A
2022-09-04,Man United,Arsenal,3,1,H,6,3,0,0,28,25,33,97,0,15.4,42,38,26,109,1,24.90000000000001,12,13,17,53,0,30.0,15,17,13,51,0,40.0,A
2022-09-16,Aston Villa,Southampton,1,0,H,3,1,0,0,22,26,27,96,0,9.300000000000002,18,20,40,84,0,9.100000000000003,10,17,20,57,0,30.0,19,20,17,48,0,60.0,H
2022-09-16,Nottingham,Fulham,2,3,A,3,7,0,0,4,4,14,16,0,3.3000000000000003,17,16,30,72,0,9.5,0,0,0,0,0,0.0,0,0,0,0,0,0.0,H
2022-09-17,Wolves,Man City,0,3,A,1,7,1,0,17,18,29,72,1,9.7,47,62,18,129,0,26.100000000000005,7,10,24,26,2,20.0,22,24,10,69,1,70.0,A
2022-09-17,Newcastle,Bournemouth,1,1,D,7,3,0,0,34,25,23,96,0,16.800000000000004,17,16,43,48,3,11.6,10,8,8,27,0,50.0,7,8,8,28,0,33.33333333333333,H
2022-09-17,Tottenham,Leicester,6,2,H,11,7,0,0,46,50,13,118,0,25.40000000000001,23,31,32,76,0,10.000000000000002,21,25,18,59,0,70.0,9,18,25,45,0,30.0,H
2022-09-18,Brentford,Arsenal,0,3,A,2,7,0,0,32,37,25,93,2,18.000000000000007,39,37,28,107,1,22.500000000000004,6,6,4,10,0,50.0,6,4,6,24,0,50.0,A
2022-09-18,Everton,West Ham,1,0,H,2,4,0,0,21,19,31,72,5,11.4,20,21,28,66,1,9.6,7,8,14,37,2,20.0,22,14,8,41,0,70.0,H
2022-10-01,Arsenal,Tottenham,3,1,H,9,3,0,1,39,37,26,110,1,23.700000000000003,46,52,15,118,0,26.30000000000001,16,16,16,48,2,50.0,13,16,16,51,2,40.0,A
2022-10-01,Bournemouth,Brentford,0,0,D,1,4,0,0,18,16,42,49,2,11.500000000000002,31,37,28,93,2,16.500000000000004,0,0,0,0,0,0.0,0,0,0,0,0,0.0,A
2022-10-01,Crystal Palace,Chelsea,1,2,A,3,3,0,0,28,25,20,88,0,14.3,37,36,24,105,2,18.500000000000007,3,5,24,13,0,10.0,27,24,5,61,0,90.0,A
2022-10-01,Fulham,Newcastle,1,4,A,1,10,1,0,17,18,32,72,0,11.3,32,24,24,92,0,15.900000000000004,14,11,10,52,1,40.0,14,10,11,72,0,40.0,H
2022-10-01,Liverpool,Brighton,3,3,D,7,6,0,0,47,48,13,127,1,23.10000000000001,31,28,24,87,0,21.2,21,21,8,59,1,60.0,6,8,21,35,0,10.0,H
2022-10-01,Southampton,Everton,1,2,A,6,5,0,0,15,18,41,74,0,8.200000000000001,24,20,26,74,5,13.100000000000003,13,15,13,52,1,40.0,16,13,15,32,1,50.0,H
2022-10-01,West Ham,Wolves,2,0,H,5,4,0,0,19,19,27,67,1,8.3,17,17,30,71,2,8.799999999999999,16,12,8,46,0,50.0,13,8,12,47,0,40.0,H
2022-10-02,Man City,Man United,6,3,H,10,8,0,0,47,61,18,127,0,26.90000000000001,30,27,33,95,0,17.000000000000004,19,20,11,61,0,60.0,10,11,20,31,0,30.0,H
2022-10-02,Leeds,Aston Villa,0,0,D,1,7,1,0,23,23,39,76,2,13.6,22,25,27,95,0,11.300000000000002,10,12,16,45,0,20.0,16,16,12,56,2,40.0,A
2022-10-03,Leicester,Nottingham,4,0,H,7,3,0,0,20,32,38,79,0,8.500000000000002,4,6,17,19,0,3.2,0,0,0,0,0,0.0,0,0,0,0,0,0.0,H
2022-10-08,Bournemouth,Leicester,2,1,H,4,5,0,0,19,14,39,44,2,11.900000000000002,23,36,36,83,0,10.7,11,9,8,23,1,25.0,8,8,9,31,1,12.5,A
2022-10-08,Chelsea,Wolves,3,0,H,7,2,0,0,37,37,25,105,2,20.3,17,17,31,74,2,8.000000000000002,14,16,11,52,0,30.0,11,11,16,27,0,20.0,H
2022-10-08,Man City,Southampton,4,0,H,8,0,0,0,50,65,18,133,0,27.40000000000001,12,17,43,71,0,7.300000000000002,22,19,7,53,0,60.0,4,7,19,33,0,0.0,H
2022-10-08,Newcastle,Brentford,5,1,H,6,3,0,0,32,26,24,98,0,17.40000000000001,32,36,26,95,2,15.800000000000002,8,10,6,40,0,50.0,2,6,10,10,2,0.0,A
2022-10-08,Brighton,Tottenham,0,1,A,4,3,0,0,32,31,24,92,0,20.9,43,48,18,114,1,23.800000000000004,13,10,11,37,0,40.0,16,11,10,42,0,50.0,A
2022-10-09,Crystal Palace,Leeds,2,1,H,5,4,0,0,28,26,21,91,0,13.3,24,23,33,75,3,13.300000000000002,5,4,5,25,0,16.666666666666664,11,5,4,20,0,50.0,H
2022-10-09,West Ham,Fulham,3,1,H,8,2,0,0,21,20,26,69,1,10.6,16,19,36,69,1,10.8,15,17,12,66,2,40.0,12,12,17,55,1,30.0,H
2022-10-09,Arsenal,Liverpool,3,2,H,7,3,0,0,39,38,27,111,1,24.6,45,48,15,126,1,22.000000000000007,2,6,29,26,0,0.0,26,29,6,67,0,80.0,A
2022-10-09,Everton,Man United,1,2,A,2,4,0,0,27,22,26,77,4,15.300000000000006,27,28,39,96,0,15.600000000000003,10,10,17,26,0,20.0,16,17,10,61,0,40.0,H
2022-10-10,Nottingham,Aston Villa,1,1,D,3,2,0,0,4,6,21,22,0,2.9000000000000004,20,21,27,93,0,11.100000000000003,0,0,0,0,0,0.0,0,0,0,0,0,0.0,H
2022-10-14,Brentford,Brighton,2,0,H,3,7,0,0,32,37,29,97,1,14.400000000000002,32,31,23,95,0,19.1,0,0,6,14,0,0.0,12,6,0,14,0,100.0,A
2022-10-15,Leicester,Crystal Palace,0,0,D,5,1,0,0,20,35,37,84,0,9.500000000000002,28,24,21,91,0,14.500000000000002,16,15,18,34,2,40.0,10,18,15,39,0,20.0,H
2022-10-15,Fulham,Bournemouth,2,2,D,4,6,0,0,16,20,38,68,1,9.600000000000003,22,16,39,45,2,13.7,0,0,3,1,1,0.0,3,3,0,5,0,100.0,H
2022-10-15,Wolves,Nottingham,1,0,H,2,2,0,0,17,17,32,71,2,7.100000000000002,5,7,22,25,0,3.8,0,0,0,0,0,0.0,0,0,0,0,0,0.0,H
2022-10-15,Tottenham,Everton,2,0,H,7,0,0,0,46,47,15,114,1,24.700000000000003,24,22,28,76,3,13.7,19,23,6,47,1,50.0,7,6,23,23,2,10.0,H
2022-10-16,Aston Villa,Chelsea,0,2,A,7,4,0,0,18,19,28,86,0,11.100000000000003,37,36,25,107,2,20.800000000000004,4,7,24,28,1,10.0,25,24,7,53,1,80.0,A
2022-10-16,Leeds,Arsenal,0,1,A,4,4,0,0,24,24,31,76,3,12.300000000000002,42,41,27,116,1,25.800000000000004,4,11,31,33,2,10.0,25,31,11,89,1,80.0,A
2022-10-16,Man United,Newcastle,0,0,D,2,2,0,0,27,26,38,91,0,17.000000000000004,32,29,24,100,0,18.700000000000006,20,24,11,72,0,60.0,8,11,24,47,0,20.0,H
2022-10-16,Southampton,West Ham,1,1,D,8,4,0,0,12,17,43,70,0,6.700000000000001,21,22,27,73,1,12.4,12,10,16,40,0,30.0,15,16,10,47,3,40.0,A
2022-10-16,Liverpool,Man City,1,0,H,2,6,0,0,42,44,18,114,1,19.40000000000001,50,68,18,133,0,28.200000000000006,12,17,22,39,1,20.0,12,22,17,39,0,20.0,A
2022-10-18,Brighton,Nottingham,0,0,D,7,0,0,0,32,30,23,98,0,17.700000000000003,5,7,23,27,0,3.5000000000000004,0,0,0,0,0,0.0,0,0,0,0,0,0.0,H
2022-10-18,Crystal Palace,Wolves,2,1,H,4,4,0,0,28,23,20,88,0,14.500000000000004,17,14,32,68,2,9.3,16,10,4,40,1,62.5,7,4,10,29,1,25.0,H
2022-10-19,Bournemouth,Southampton,0,1,A,3,3,0,0,23,18,38,51,2,14.000000000000004,13,17,42,73,0,7.1000000000000005,9,8,9,31,0,25.0,12,9,8,35,1,37.5,H
2022-10-19,Brentford,Chelsea,0,0,D,5,5,0,0,32,36,28,94,1,15.600000000000003,37,35,24,104,2,22.6,6,8,4,26,0,50.0,6,4,8,18,0,50.0,A
2022-10-19,Liverpool,West Ham,1,0,H,7,3,0,0,42,44,18,111,1,20.500000000000007,22,23,27,72,1,12.500000000000002,24,25,10,62,0,80.0,6,10,25,32,0,20.0,H
2022-10-19,Newcastle,Everton,1,0,H,4,0,0,0,33,29,23,100,0,18.200000000000006,24,21,28,74,2,12.6,14,14,11,51,0,40.0,14,11,14,40,2,40.0,H
2022-10-19,Man United,Tottenham,2,0,H,10,2,0,0,27,26,38,90,0,16.900000000000002,46,47,15,114,1,25.500000000000007,21,19,17,47,1,70.0,9,17,19,37,0,30.0,A
2022-10-20,Fulham,Aston Villa,3,0,H,8,6,0,1,14,21,40,69,1,10.2,18,18,28,86,0,10.1,13,10,12,68,0,30.0,13,12,10,50,0,30.0,A
2022-10-20,Leicester,Leeds,2,0,H,1,2,0,0,20,34,36,86,0,9.4,24,24,31,76,3,10.900000000000002,15,17,13,59,0,40.0,12,13,17,56,1,30.0,H
2022-10-22,Nottingham,Liverpool,1,0,H,7,7,0,0,6,7,23,27,0,4.300000000000001,42,43,18,109,1,21.200000000000006,0,0,0,0,0,0.0,0,0,0,0,0,0.0,A
2022-10-22,Everton,Crystal Palace,3,0,H,6,2,0,0,24,19,26,70,2,11.300000000000002,28,23,21,84,0,15.700000000000005,20,19,14,56,1,60.0,8,14,19,40,0,20.0,H
2022-10-22,Man City,Brighton,3,1,H,4,2,0,0,47,64,18,129,0,25.40000000000001,33,30,21,102,0,16.900000000000006,27,28,6,73,1,90.0,3,6,28,27,0,10.0,H
2022-10-22,Chelsea,Man United,1,1,D,2,6,0,0,35,34,24,106,2,21.1,30,27,34,98,0,18.300000000000004,7,7,14,52,0,0.0,16,14,7,35,0,30.0,H
2022-10-23,Aston Villa,Brentford,4,0,H,11,3,0,0,18,18,30,91,1,9.3,30,34,28,95,1,15.200000000000005,2,4,6,20,0,0.0,8,6,4,12,0,50.0,A
2022-10-23,Leeds,Fulham,2,3,A,5,5,0,0,24,24,30,77,3,9.900000000000002,17,24,37,77,1,12.0,13,11,10,48,0,50.0,10,10,11,43,0,37.5,H
2022-10-23,Southampton,Arsenal,1,1,D,3,3,0,0,16,17,40,69,0,9.5,42,41,27,117,1,26.700000000000006,9,9,18,46,1,20.0,18,18,9,53,2,50.0,A
2022-10-23,Wolves,Leicester,0,4,A,5,4,0,0,14,14,34,69,2,8.400000000000002,20,34,35,84,0,11.500000000000002,10,4,7,26,0,20.0,16,7,4,42,2,40.0,A
2022-10-23,Tottenham,Newcastle,1,2,A,5,5,0,0,43,44,16,112,1,23.100000000000005,36,30,22,98,0,19.500000000000007,23,24,11,57,0,70.0,5,11,24,22,3,10.0,H
2022-10-24,West Ham,Bournemouth,2,0,H,4,3,0,0,19,21,27,71,1,11.300000000000002,20,17,39,52,2,12.500000000000002,12,20,16,45,1,33.33333333333333,12,16,20,50,1,33.33333333333333,H
2022-10-29,Leicester,Man City,0,1,A,5,5,0,0,23,37,33,86,0,13.400000000000002,49,67,19,129,0,26.20000000000001,3,14,30,35,0,10.0,27,30,14,75,0,90.0,A
2022-10-29,Bournemouth,Tottenham,2,3,A,4,7,0,0,20,17,40,55,2,11.7,40,40,17,111,1,20.90000000000001,1,4,20,15,0,0.0,19,20,4,54,0,85.71428571428571,A
2022-10-29,Brentford,Wolves,1,1,D,3,4,0,1,30,33,30,92,1,13.400000000000002,14,12,35,66,1,7.600000000000002,6,6,4,8,2,50.0,6,4,6,4,0,50.0,H
2022-10-29,Brighton,Chelsea,4,1,H,9,7,0,0,33,31,22,104,0,15.500000000000004,36,34,21,100,2,20.9,6,6,16,31,1,0.0,18,16,6,58,0,40.0,H
2022-10-29,Crystal Palace,Southampton,1,0,H,3,4,0,0,27,23,24,85,0,14.7,16,17,40,66,0,9.8,15,13,15,41,0,40.0,12,15,13,45,0,30.0,H
2022-10-29,Newcastle,Aston Villa,4,0,H,7,0,0,0,39,31,18,102,0,20.90000000000001,21,21,28,97,1,11.3,12,5,10,27,0,30.0,15,10,5,35,0,40.0,H
2022-10-29,Fulham,Everton,0,0,D,6,4,0,0,20,26,37,76,1,14.8,24,21,26,73,2,13.2,4,10,25,46,0,10.0,25,25,10,80,0,80.0,A
2022-10-29,Liverpool,Leeds,1,2,A,10,6,0,0,39,41,19,113,1,19.300000000000008,21,24,32,75,3,8.500000000000002,26,32,8,100,0,80.0,2,8,32,42,2,0.0,H
2022-10-30,Arsenal,Nottingham,5,0,H,10,2,0,0,43,42,25,117,1,25.60000000000001,9,8,23,34,0,7.0,0,0,0,0,0,0.0,0,0,0,0,0,0.0,H
2022-10-30,Man United,West Ham,1,0,H,3,5,0,0,28,25,33,98,0,18.200000000000003,22,22,24,74,1,13.3,22,15,8,55,0,70.0,7,8,15,28,0,20.0,H
2022-11-05,Leeds,Bournemouth,4,3,H,4,6,0,0,21,23,31,75,3,10.500000000000002,19,18,42,55,2,10.500000000000002,0,0,0,0,0,0.0,0,0,0,0,0,0.0,H
2022-11-05,Man City,Fulham,2,1,H,5,2,1,0,49,66,19,128,0,26.70000000000001,21,25,34,75,1,14.300000000000002,26,27,6,92,0,80.0,2,6,27,36,1,0.0,H
2022-11-05,Nottingham,Brentford,2,2,D,7,2,0,0,9,8,28,36,0,6.700000000000001,28,30,30,89,1,13.2,0,0,0,0,0,0.0,0,0,0,0,0,0.0,A
2022-11-05,Wolves,Brighton,2,3,A,5,8,1,0,12,11,35,65,2,8.0,35,35,23,109,0,16.600000000000005,11,9,13,34,0,37.5,11,13,9,34,2,37.5,A
2022-11-05,Everton,Leicester,0,2,A,2,8,0,0,24,20,25,74,2,12.9,22,36,33,88,0,12.500000000000002,18,14,11,39,0,50.0,9,11,14,44,1,20.0,A
2022-11-06,Chelsea,Arsenal,0,1,A,1,2,0,0,33,29,25,93,2,18.6,46,46,23,123,1,26.500000000000007,14,18,19,51,0,40.0,14,19,18,39,1,40.0,A
2022-11-06,Aston Villa,Man United,3,1,H,4,3,0,0,21,21,28,89,1,10.500000000000002,30,25,32,96,0,19.300000000000004,9,11,16,41,1,20.0,18,16,11,55,0,50.0,H
2022-11-06,Southampton,Newcastle,1,4,A,5,4,0,0,16,17,35,69,0,8.9,39,34,18,105,0,21.9,7,13,18,47,0,10.0,19,18,13,40,1,50.0,A
2022-11-06,West Ham,Crystal Palace,1,2,A,2,6,0,0,19,20,24,74,1,12.400000000000002,27,21,24,83,0,15.9,16,20,18,42,0,40.0,10,18,20,36,1,20.0,H
2022-11-06,Tottenham,Liverpool,1,2,A,5,6,0,0,40,39,19,113,1,21.800000000000008,36,40,21,120,1,17.000000000000007,5,12,18,37,0,0.0,20,18,12,69,2,50.0,H
2022-11-12,Man City,Brentford,1,2,A,6,8,0,0,51,66,18,128,1,27.300000000000008,26,30,32,84,1,12.400000000000002,12,6,0,20,0,100.0,0,0,6,8,0,0.0,H
2022-11-12,Bournemouth,Everton,3,0,H,9,3,0,0,19,21,44,59,2,9.7,24,20,25,75,2,11.8,11,16,17,43,1,37.5,11,17,16,36,1,37.5,H
2022-11-12,Liverpool,Southampton,3,1,H,7,5,0,0,38,40,20,122,1,18.40000000000001,13,17,39,71,0,8.200000000000001,27,25,4,52,0,90.0,3,4,25,31,0,10.0,H
2022-11-12,Nottingham,Crystal Palace,1,0,H,2,0,0,0,10,10,30,43,0,7.1000000000000005,30,22,23,86,0,18.000000000000004,0,0,0,0,0,0.0,0,0,0,0,0,0.0,A
2022-11-12,Tottenham,Leeds,4,3,H,8,5,0,1,40,40,20,118,1,19.90000000000001,23,26,33,76,3,12.400000000000004,25,23,8,60,1,80.0,4,8,23,43,0,10.0,H
2022-11-12,West Ham,Leicester,0,2,A,6,6,0,0,19,21,24,75,1,11.1,24,38,33,94,0,14.1,18,23,15,42,1,50.0,9,15,23,36,2,20.0,A
2022-11-12,Newcastle,Chelsea,1,0,H,3,2,0,0,39,36,18,102,0,23.000000000000004,33,27,22,92,2,17.300000000000008,6,5,15,21,0,20.0,24,15,5,43,0,80.0,H
2022-11-12,Wolves,Arsenal,0,2,A,2,4,0,0,12,13,37,68,3,7.200000000000001,49,47,22,119,1,27.300000000000008,9,9,14,47,2,20.0,18,14,9,50,4,50.0,A
2022-11-13,Brighton,Aston Villa,1,2,A,2,2,0,0,35,36,24,114,0,18.200000000000006,23,24,29,90,1,12.200000000000005,5,4,12,25,2,12.5,17,12,4,34,0,62.5,H
2022-11-13,Fulham,Man United,1,2,A,7,9,0,0,21,26,35,74,1,13.800000000000002,30,26,34,95,0,18.40000000000001,2,8,24,59,1,0.0,26,24,8,94,0,80.0,A
2022-12-26,Brentford,Tottenham,2,2,D,5,8,0,0,26,30,32,87,1,14.400000000000002,42,44,23,126,1,20.80000000000001,2,0,4,8,0,0.0,8,4,0,12,0,50.0,A
2022-12-26,Crystal Palace,Fulham,0,3,A,0,11,2,0,30,22,23,84,0,16.200000000000003,20,26,36,80,1,12.2,11,10,10,42,0,42.85714285714285,8,10,10,35,2,28.57142857142857,H
2022-12-26,Everton,Wolves,1,2,A,6,4,0,0,21,19,28,74,2,10.5,12,13,38,66,3,6.800000000000002,14,12,12,51,3,40.0,14,12,12,31,1,40.0,H
2022-12-26,Leicester,Newcastle,0,3,A,2,5,0,0,27,39,30,98,0,16.3,39,36,18,101,0,24.000000000000007,18,25,11,47,0,60.0,12,11,25,35,1,40.0,A
2022-12-26,Southampton,Brighton,1,3,A,4,4,0,0,13,18,40,73,0,7.300000000000002,32,36,26,111,0,16.100000000000005,13,15,13,38,0,20.0,10,13,15,39,1,10.0,A
2022-12-26,Aston Villa,Liverpool,1,3,A,6,9,0,0,23,24,30,86,1,14.4,38,39,21,124,1,19.40000000000001,3,13,23,35,0,10.0,27,23,13,72,0,90.0,A
2022-12-26,Arsenal,West Ham,3,1,H,5,4,0,0,49,45,20,119,1,27.90000000000001,18,20,25,73,1,10.499999999999998,26,23,9,64,0,80.0,2,9,23,29,2,0.0,H
2022-12-27,Chelsea,Bournemouth,2,0,H,5,4,0,0,30,26,23,89,2,15.300000000000002,22,24,40,66,2,11.6,15,13,7,40,0,62.5,9,7,13,22,0,37.5,H
2022-12-27,Man United,Nottingham,3,0,H,8,3,0,0,30,25,33,95,0,19.300000000000004,13,11,30,45,0,9.8,0,0,0,0,0,0.0,0,0,0,0,0,0.0,H
2022-12-28,Leeds,Man City,1,3,A,1,9,0,0,20,26,37,76,4,11.400000000000002,48,64,20,129,1,24.800000000000004,11,10,28,37,1,30.0,17,28,10,91,1,50.0,A
2022-12-30,West Ham,Brentford,0,2,A,5,6,0,0,18,21,27,75,0,9.200000000000005,26,32,34,90,1,13.800000000000002,0,2,8,12,0,0.0,12,8,2,26,0,100.0,H
2022-12-30,Liverpool,Leicester,2,1,H,5,2,0,0,38,40,22,129,1,20.600000000000005,27,38,31,91,0,14.700000000000005,21,18,8,71,0,70.0,9,8,18,21,0,30.0,H
2022-12-31,Wolves,Man United,0,1,A,3,6,0,0,15,15,36,69,3,9.0,33,28,29,102,0,21.4,9,5,12,49,1,20.0,18,12,5,48,0,50.0,A
2022-12-31,Bournemouth,Crystal Palace,0,2,A,2,6,0,0,22,24,39,69,2,10.8,29,22,26,77,2,15.000000000000002,10,9,10,31,0,25.0,10,10,9,30,1,25.0,A
2022-12-31,Fulham,Southampton,2,1,H,2,3,0,0,23,29,34,88,1,14.700000000000005,12,17,41,72,0,6.9,11,11,16,41,0,20.0,14,16,11,53,0,30.0,H
2022-12-31,Man City,Everton,1,1,D,3,1,0,0,48,62,20,130,1,25.200000000000006,18,18,29,76,2,9.4,28,25,5,74,1,90.0,1,5,25,25,1,0.0,H
2022-12-31,Newcastle,Leeds,0,0,D,5,1,0,0,39,36,18,99,0,25.100000000000005,19,27,40,75,4,10.1,15,13,13,62,0,40.0,12,13,13,57,0,30.0,H
2022-12-31,Brighton,Arsenal,2,4,A,5,7,0,0,35,39,24,114,0,17.700000000000006,49,45,20,117,1,28.40000000000001,14,8,9,29,0,44.44444444444444,11,9,8,44,0,33.33333333333333,A
2023-01-01,Tottenham,Aston Villa,0,2,A,2,4,0,0,40,43,24,127,1,19.90000000000001,20,22,32,85,1,12.9,27,26,8,64,0,90.0,3,8,26,39,0,10.0,H
2023-01-01,Nottingham,Chelsea,1,1,D,5,2,0,0,13,11,33,48,0,9.1,32,27,22,88,2,17.000000000000004,0,0,0,0,0,0.0,0,0,0,0,0,0.0,H
2023-01-02,Brentford,Liverpool,3,1,H,7,6,0,0,29,34,31,92,1,15.8,38,41,23,124,1,21.600000000000005,2,6,12,10,0,0.0,8,12,6,38,0,50.0,A
2023-01-03,Arsenal,Newcastle,0,0,D,4,1,0,0,49,47,21,117,1,29.000000000000007,40,36,17,102,0,24.100000000000005,21,17,7,41,0,70.0,9,7,17,30,1,30.0,H
2023-01-03,Everton,Brighton,1,4,A,4,8,0,0,18,19,30,72,2,9.400000000000002,34,39,26,114,0,15.900000000000004,19,20,12,47,0,60.0,10,12,20,35,1,30.0,A
2023-01-03,Leicester,Fulham,0,1,A,6,2,0,0,24,36,33,85,0,13.6,26,31,33,87,1,16.200000000000003,6,4,7,31,0,14.285714285714285,12,7,4,29,0,42.85714285714285,H
2023-01-03,Man United,Bournemouth,3,0,H,6,4,0,0,36,28,26,103,0,22.3,22,24,40,68,1,9.400000000000002,16,13,7,42,0,62.5,7,7,13,31,1,25.0,H
2023-01-04,Southampton,Nottingham,0,1,A,0,1,0,0,12,17,41,72,0,6.000000000000001,14,12,34,53,0,9.500000000000002,0,0,0,0,0,0.0,0,0,0,0,0,0.0,H
2023-01-04,Leeds,West Ham,2,2,D,6,2,0,0,20,27,36,74,4,10.400000000000002,18,20,27,77,0,8.700000000000003,16,17,15,59,0,50.0,13,15,17,56,1,40.0,H
2023-01-04,Aston Villa,Wolves,1,1,D,4,3,0,0,23,23,30,85,1,15.1,14,13,35,68,3,8.600000000000001,8,11,15,42,0,20.0,20,15,11,48,1,60.0,H
2023-01-04,Crystal Palace,Tottenham,0,4,A,4,6,0,0,29,22,25,78,2,16.200000000000003,39,42,25,126,1,17.60000000000001,7,8,18,30,2,20.0,22,18,8,38,2,70.0,A
2023-01-05,Chelsea,Man City,0,1,A,2,3,0,0,33,28,22,85,2,16.300000000000004,46,59,21,127,1,24.000000000000007,6,6,12,18,0,20.0,24,12,6,47,0,80.0,A
2023-01-12,Fulham,Chelsea,2,1,H,3,10,0,1,29,31,30,86,1,18.4,32,26,21,81,2,14.800000000000002,4,3,15,51,1,0.0,22,15,3,89,0,60.0,A
2023-01-13,Aston Villa,Leeds,2,1,H,5,4,0,0,23,23,30,85,1,14.9,21,28,36,78,3,10.2,16,16,12,58,2,40.0,10,12,16,43,1,20.0,H
2023-01-14,Man United,Man City,2,1,H,4,1,0,0,38,30,25,106,0,24.1,46,55,21,121,1,24.40000000000001,10,13,24,34,0,30.0,19,24,13,64,0,60.0,A
2023-01-14,Brighton,Liverpool,3,0,H,9,2,0,0,34,40,27,113,0,17.200000000000006,37,41,25,127,1,19.800000000000004,7,10,19,39,0,10.0,19,19,10,60,1,50.0,A
2023-01-14,Everton,Southampton,1,2,A,4,5,0,0,18,18,31,71,0,8.600000000000003,12,17,39,68,0,5.700000000000001,19,14,12,35,1,60.0,10,12,14,53,1,30.0,H
2023-01-14,Nottingham,Leicester,2,0,H,5,1,0,0,17,13,34,54,0,11.8,21,31,33,84,0,12.0,0,0,4,3,0,0.0,3,4,0,7,0,100.0,A
2023-01-14,Wolves,West Ham,1,0,H,4,4,0,0,15,13,31,68,3,8.5,16,18,29,74,0,8.4,12,7,13,46,0,40.0,18,13,7,44,0,60.0,A
2023-01-14,Brentford,Bournemouth,2,0,H,4,2,0,0,29,34,32,94,1,17.200000000000006,19,21,42,69,1,8.600000000000001,1,0,0,4,0,0.0,1,0,0,1,0,0.0,H
2023-01-15,Chelsea,Crystal Palace,1,0,H,5,5,0,0,29,24,23,87,3,13.000000000000002,26,21,29,75,2,15.1,30,25,4,59,0,100.0,0,4,25,11,0,0.0,H
2023-01-15,Newcastle,Fulham,1,0,H,5,0,0,0,41,36,12,100,0,23.200000000000006,31,32,30,84,1,19.6,16,14,12,75,0,50.0,13,12,14,45,2,40.0,H
2023-01-15,Tottenham,Arsenal,0,2,A,7,5,0,0,39,43,25,126,1,18.90000000000001,47,45,20,112,1,27.500000000000007,13,17,17,50,3,40.0,16,17,17,52,2,50.0,H
2023-01-18,Crystal Palace,Man United,1,1,D,5,4,0,0,25,20,29,76,2,13.300000000000002,38,29,26,105,0,24.700000000000003,14,9,11,27,0,40.0,14,11,9,42,0,40.0,A
2023-01-19,Man City,Tottenham,4,2,H,6,3,0,0,43,51,22,117,1,22.40000000000001,36,42,27,125,1,16.700000000000006,10,13,15,54,1,30.0,19,15,13,30,0,60.0,H
2023-01-21,Liverpool,Chelsea,0,0,D,3,2,0,0,34,39,27,123,1,17.800000000000004,31,24,22,85,3,14.600000000000003,12,12,11,51,0,20.0,12,11,12,39,3,20.0,H
2023-01-21,Bournemouth,Nottingham,1,1,D,4,5,0,0,16,19,43,65,0,7.200000000000002,20,15,34,59,0,14.1,3,3,2,3,0,100.0,0,2,3,3,0,0.0,H
2023-01-21,Leicester,Brighton,2,2,D,2,4,0,0,20,30,34,84,0,11.2,34,39,27,116,0,18.500000000000007,15,16,13,46,2,40.0,12,13,16,43,0,30.0,A
2023-01-21,Southampton,Aston Villa,0,1,A,5,5,0,0,15,18,38,71,0,7.800000000000001,25,24,30,81,1,16.800000000000004,16,14,17,38,0,50.0,13,17,14,56,0,40.0,H
2023-01-21,West Ham,Everton,2,0,H,4,2,0,0,15,16,28,76,0,7.900000000000001,15,16,31,69,0,7.600000000000001,19,11,8,41,0,60.0,10,8,11,32,2,30.0,H
2023-01-21,Crystal Palace,Newcastle,0,0,D,1,7,0,0,26,19,27,76,2,13.500000000000002,41,35,12,101,0,24.1,8,5,9,39,0,10.0,17,9,5,44,0,40.0,A
2023-01-22,Leeds,Brentford,0,0,D,5,0,0,0,21,29,35,82,2,9.4,29,33,30,91,1,18.90000000000001,8,10,11,30,0,40.0,5,11,10,24,2,20.0,A
2023-01-22,Man City,Wolves,3,0,H,7,1,0,0,45,53,22,115,1,22.800000000000004,17,13,30,68,3,11.200000000000005,22,25,10,67,1,70.0,7,10,25,23,3,20.0,H
2023-01-22,Arsenal,Man United,3,2,H,5,4,0,0,50,47,17,113,0,28.10000000000001,39,30,23,104,0,24.300000000000008,15,17,14,51,0,40.0,12,14,17,56,0,30.0,H
2023-01-23,Fulham,Tottenham,0,1,A,5,3,0,0,31,32,29,84,1,18.500000000000007,33,39,31,115,1,15.000000000000002,4,7,20,54,0,10.0,25,20,7,68,0,80.0,A
2023-02-03,Chelsea,Fulham,0,0,D,3,4,0,0,29,22,21,79,3,14.100000000000003,30,30,28,86,1,16.500000000000004,21,16,5,90,1,60.0,6,5,16,46,1,10.0,H
2023-02-04,Everton,Arsenal,1,0,H,4,3,0,0,15,15,28,69,0,6.800000000000001,53,50,17,116,0,28.80000000000001,13,12,25,28,1,40.0,16,25,12,57,0,50.0,A
2023-02-04,Aston Villa,Leicester,2,4,A,4,5,0,0,28,23,27,84,1,18.6,18,28,35,80,0,10.900000000000002,12,10,13,32,1,30.0,15,13,10,48,1,40.0,H
2023-02-04,Brentford,Southampton,3,0,H,4,6,0,0,30,32,28,86,0,18.300000000000004,15,17,35,74,0,7.500000000000002,6,8,8,18,0,50.0,6,8,8,20,0,50.0,H
2023-02-04,Brighton,Bournemouth,1,0,H,6,2,0,0,34,40,28,114,0,17.800000000000004,17,19,42,67,0,7.700000000000002,4,6,7,22,0,25.0,7,7,6,16,0,50.0,H
2023-02-04,Man United,Crystal Palace,2,1,H,5,3,1,0,39,32,25,104,0,21.90000000000001,24,18,27,74,2,12.800000000000002,12,8,10,39,0,30.0,15,10,8,31,0,40.0,H
2023-02-04,Wolves,Liverpool,3,0,H,6,4,0,0,17,12,30,64,3,10.000000000000002,32,37,26,121,1,17.100000000000005,0,4,21,32,0,0.0,30,21,4,65,0,100.0,A
2023-02-04,Newcastle,West Ham,1,1,D,2,1,0,0,39,33,11,102,0,23.1,18,17,25,78,0,9.800000000000002,17,20,19,47,0,50.0,11,19,20,52,1,30.0,H
2023-02-05,Nottingham,Leeds,1,0,H,2,4,0,0,21,16,35,64,0,14.1,21,28,34,82,2,9.1,0,0,0,0,0,0.0,0,0,0,0,0,0.0,H
2023-02-05,Tottenham,Man City,1,0,H,3,5,1,0,33,36,30,110,1,16.1,45,53,20,117,1,24.100000000000005,19,16,14,30,0,60.0,10,14,16,54,1,30.0,A
2023-02-08,Man United,Leeds,2,2,D,7,2,0,0,42,33,24,104,1,23.4,18,26,34,80,2,8.300000000000002,23,28,11,76,0,70.0,5,11,28,37,0,10.0,H
2023-02-11,West Ham,Chelsea,1,1,D,2,4,0,0,19,18,24,78,0,10.400000000000002,27,21,21,76,3,13.500000000000002,11,9,13,26,3,30.0,17,13,9,58,0,50.0,H
2023-02-11,Arsenal,Brentford,1,1,D,7,2,0,0,50,45,17,110,0,26.100000000000005,32,33,26,87,0,20.0,9,7,6,31,0,60.0,6,6,7,12,0,40.0,H
2023-02-11,Crystal Palace,Brighton,1,1,D,1,7,0,0,24,19,27,75,2,11.900000000000004,34,38,27,113,0,19.10000000000001,13,12,12,32,0,20.0,10,12,12,44,2,10.0,A
2023-02-11,Fulham,Nottingham,2,0,H,3,1,0,0,30,30,28,87,1,16.400000000000002,24,17,33,66,0,16.1,3,3,2,7,0,100.0,0,2,3,3,0,0.0,H
2023-02-11,Leicester,Tottenham,4,1,H,7,4,0,0,20,30,35,80,0,13.2,35,35,28,108,2,17.700000000000006,6,18,30,48,0,20.0,24,30,18,64,0,80.0,A
2023-02-11,Southampton,Wolves,1,2,A,2,2,0,1,15,16,34,78,0,6.3000000000000025,20,14,28,64,3,12.499999999999998,2,7,18,54,0,0.0,26,18,7,42,0,80.0,A
2023-02-11,Bournemouth,Newcastle,1,1,D,5,7,0,0,14,17,43,66,0,6.600000000000001,37,32,12,94,0,22.000000000000004,8,9,9,31,0,28.57142857142857,11,9,9,34,0,42.85714285714285,A
2023-02-12,Leeds,Man United,0,2,A,6,5,0,0,16,26,35,78,2,8.000000000000002,43,35,22,107,1,22.000000000000007,3,12,30,37,0,0.0,24,30,12,78,0,70.0,A
2023-02-12,Man City,Aston Villa,3,1,H,9,2,0,0,42,51,21,120,1,21.30000000000001,28,25,29,86,1,17.300000000000004,28,28,9,70,2,90.0,1,9,28,25,1,0.0,H
2023-02-13,Liverpool,Everton,2,0,H,6,1,0,0,29,34,28,117,1,15.4,18,16,27,69,0,9.1,21,20,8,55,0,60.0,6,8,20,28,1,10.0,H
2023-02-15,Arsenal,Man City,1,3,A,1,6,0,0,48,44,18,115,0,24.500000000000007,42,50,22,122,1,22.60000000000001,0,3,27,20,4,0.0,30,27,3,57,0,100.0,A
2023-02-18,Aston Villa,Arsenal,2,4,A,5,5,0,0,25,24,31,84,1,15.800000000000002,45,41,19,109,0,22.10000000000001,6,9,19,40,0,20.0,24,19,9,55,1,80.0,A
2023-02-18,Brentford,Crystal Palace,1,1,D,5,4,0,0,30,30,27,82,0,19.3,24,19,27,73,2,11.400000000000002,5,1,1,13,0,0.0,5,1,1,14,0,0.0,H
2023-02-18,Brighton,Fulham,0,1,A,7,2,0,0,32,37,27,116,0,18.40000000000001,30,29,26,81,1,17.5,3,3,4,18,0,0.0,6,4,3,15,0,25.0,H
2023-02-18,Chelsea,Southampton,0,1,A,5,5,0,0,27,20,20,77,3,13.200000000000005,14,15,34,76,0,6.000000000000003,20,30,11,74,0,60.0,8,11,30,32,2,20.0,H
2023-02-18,Everton,Leeds,1,0,H,6,0,0,0,18,15,27,66,0,8.3,15,24,35,79,2,7.500000000000002,19,20,8,70,0,50.0,7,8,20,38,0,10.0,H
2023-02-18,Nottingham,Man City,1,1,D,1,6,0,0,21,16,35,61,0,15.0,44,50,20,118,1,23.100000000000005,0,0,6,1,0,0.0,3,6,0,9,0,100.0,A
2023-02-18,Wolves,Bournemouth,0,1,A,4,1,0,0,22,16,29,65,4,14.3,15,18,40,70,0,7.000000000000001,4,2,1,11,0,50.0,1,1,2,4,1,0.0,H
2023-02-18,Newcastle,Liverpool,0,2,A,4,7,1,0,37,33,13,100,0,21.200000000000003,31,34,26,119,1,16.900000000000006,3,6,17,24,0,0.0,24,17,6,69,0,70.0,H
2023-02-19,Man United,Leicester,3,0,H,8,3,0,0,43,35,21,108,1,23.200000000000003,23,32,32,85,0,15.1,13,15,17,46,0,30.0,13,17,15,45,1,30.0,H
2023-02-19,Tottenham,West Ham,2,0,H,6,1,0,0,32,35,32,108,2,15.800000000000002,20,19,24,75,0,10.000000000000002,15,16,13,46,0,40.0,12,13,16,31,0,30.0,H
2023-02-24,Fulham,Wolves,1,1,D,5,2,0,0,33,29,24,80,1,19.4,22,16,29,66,4,13.500000000000002,9,10,10,52,0,20.0,18,10,10,39,1,50.0,H
2023-02-25,Everton,Aston Villa,0,2,A,5,5,0,0,20,15,26,64,0,10.3,25,25,32,84,1,14.500000000000002,7,9,15,33,0,20.0,22,15,9,34,0,70.0,H
2023-02-25,Leeds,Southampton,1,0,H,4,2,0,0,12,21,36,73,2,6.400000000000002,14,14,33,78,0,7.800000000000002,10,12,11,40,1,20.0,16,11,12,55,0,40.0,H
2023-02-25,Leicester,Arsenal,0,1,A,0,2,0,0,23,31,33,87,0,14.200000000000005,45,42,21,108,0,22.700000000000006,9,10,19,48,0,30.0,21,19,10,55,1,70.0,A
2023-02-25,West Ham,Nottingham,4,0,H,5,3,0,0,20,19,24,73,0,9.500000000000002,21,16,35,57,0,14.700000000000005,0,0,1,5,0,0.0,3,1,0,6,0,100.0,H
2023-02-25,Bournemouth,Man City,1,4,A,2,5,0,0,18,19,37,70,0,9.2,42,47,19,119,1,22.40000000000001,0,4,31,19,0,0.0,27,31,4,66,2,100.0,A
2023-02-25,Crystal Palace,Liverpool,0,0,D,0,4,0,0,22,17,27,68,2,11.500000000000002,33,35,25,122,0,18.500000000000004,1,5,28,35,1,0.0,28,28,5,67,1,90.0,A
2023-02-26,Tottenham,Chelsea,2,0,H,3,2,0,0,32,35,32,107,2,17.200000000000006,27,20,18,79,2,11.800000000000002,8,8,17,35,1,20.0,20,17,8,51,0,60.0,H
2023-03-01,Arsenal,Everton,4,0,H,5,5,0,0,45,41,20,102,0,23.60000000000001,19,14,27,62,0,9.5,13,20,11,46,0,40.0,16,11,20,29,0,50.0,H
2023-03-01,Liverpool,Wolves,2,0,H,6,1,0,0,34,34,23,121,0,17.800000000000004,22,16,29,64,4,13.1,27,19,6,63,0,90.0,3,6,19,32,0,10.0,H
2023-03-04,Man City,Newcastle,2,0,H,3,2,0,0,42,45,20,115,1,22.700000000000006,36,30,12,98,1,19.300000000000004,26,34,10,80,0,80.0,2,10,34,30,0,0.0,H
2023-03-04,Arsenal,Bournemouth,3,2,H,9,4,0,0,45,43,19,98,0,24.200000000000003,18,20,32,70,0,8.5,23,21,8,43,0,70.0,5,8,21,34,1,10.0,H
2023-03-04,Aston Villa,Crystal Palace,1,0,H,1,0,0,1,28,27,31,86,1,16.300000000000004,23,15,23,66,2,11.000000000000002,14,14,13,41,2,40.0,14,13,14,49,0,40.0,H
2023-03-04,Brighton,West Ham,4,0,H,9,2,0,0,31,37,28,116,0,16.700000000000006,20,22,24,76,0,11.000000000000002,18,18,11,42,0,40.0,6,11,18,39,0,0.0,H
2023-03-04,Chelsea,Leeds,1,0,H,3,2,0,0,24,18,19,78,1,10.500000000000002,15,22,35,75,2,9.0,23,20,11,68,1,70.0,5,11,20,32,2,10.0,H
2023-03-04,Wolves,Tottenham,1,0,H,5,6,0,0,21,16,31,61,4,12.300000000000002,34,36,31,106,2,18.600000000000005,8,9,12,53,0,20.0,20,12,9,69,0,60.0,H
2023-03-04,Southampton,Leicester,1,0,H,5,0,0,0,14,14,33,75,0,7.600000000000001,23,30,32,82,0,12.800000000000002,9,12,28,45,3,20.0,18,28,12,64,0,50.0,A
2023-03-05,Nottingham,Everton,2,2,D,4,3,0,0,21,16,37,59,0,13.900000000000002,18,13,30,65,0,8.300000000000002,1,1,1,5,0,0.0,1,1,1,8,0,0.0,H
2023-03-05,Liverpool,Man United,7,0,H,8,4,0,0,34,27,23,115,0,19.20000000000001,43,37,21,110,1,23.700000000000006,20,27,7,53,0,60.0,8,7,27,29,2,20.0,A
2023-03-06,Brentford,Fulham,3,2,H,6,5,0,0,31,29,25,82,0,18.800000000000004,31,28,24,82,1,18.500000000000007,0,2,3,5,0,0.0,3,3,2,9,0,100.0,H
2023-03-11,Bournemouth,Liverpool,1,0,H,2,6,0,0,17,22,35,72,0,7.400000000000002,34,32,22,117,0,20.40000000000001,4,7,31,24,0,11.11111111111111,22,31,7,58,0,77.77777777777779,A
2023-03-11,Everton,Brentford,1,0,H,6,4,0,0,18,15,32,65,0,8.600000000000003,33,31,26,83,0,20.3,1,5,9,27,4,0.0,13,9,5,27,0,80.0,A
2023-03-11,Leeds,Brighton,2,2,D,4,2,0,0,14,21,35,72,2,8.2,31,39,28,123,0,18.200000000000003,4,2,6,24,0,0.0,13,6,2,31,0,42.85714285714285,A
2023-03-11,Leicester,Chelsea,1,3,A,7,6,1,0,23,30,32,80,0,11.900000000000002,27,18,17,77,1,12.1,8,9,15,30,1,10.0,17,15,9,57,1,40.0,H
2023-03-11,Tottenham,Nottingham,3,1,H,7,5,0,0,31,34,31,102,2,17.000000000000007,22,18,33,62,0,13.6,3,2,0,7,0,100.0,0,0,2,1,0,0.0,H
2023-03-11,Crystal Palace,Man City,0,1,A,0,4,0,0,22,14,23,62,3,10.3,44,46,19,114,1,24.20000000000001,10,8,14,20,0,20.0,16,14,8,48,2,40.0,A
2023-03-12,Fulham,Arsenal,0,3,A,2,7,0,0,31,29,25,84,1,17.100000000000005,48,45,18,104,0,25.100000000000005,6,10,22,43,1,10.0,21,22,10,79,2,60.0,A
2023-03-12,Man United,Southampton,0,0,D,4,4,0,0,40,36,28,112,1,21.90000000000001,14,13,32,73,0,9.400000000000002,16,20,9,66,0,30.0,7,9,20,36,3,0.0,H
2023-03-12,West Ham,Aston Villa,1,1,D,6,4,0,0,19,21,27,74,0,10.500000000000002,31,27,29,84,1,18.0,26,21,7,51,1,80.0,2,7,21,46,3,0.0,A
2023-03-12,Newcastle,Wolves,2,1,H,8,4,0,0,35,29,13,94,1,17.500000000000007,21,16,31,64,4,13.9,11,10,11,34,2,20.0,14,11,10,36,0,30.0,H
2023-03-15,Brighton,Crystal Palace,1,0,H,5,3,0,0,29,40,30,121,0,17.6,21,14,24,53,3,8.700000000000001,10,13,13,47,2,10.0,13,13,13,29,0,20.0,H
2023-03-15,Southampton,Brentford,0,2,A,1,5,0,0,15,13,31,76,0,10.2,32,30,26,84,0,18.700000000000003,6,8,11,26,0,40.0,9,11,8,22,0,60.0,A
2023-03-17,Nottingham,Newcastle,1,2,A,3,4,0,0,22,17,33,64,0,12.800000000000002,38,30,12,100,1,18.70000000000001,0,0,2,0,0,0.0,3,2,0,10,0,100.0,A
2023-03-18,Aston Villa,Bournemouth,3,0,H,9,3,0,0,31,27,29,87,1,17.500000000000004,17,20,33,71,0,9.7,3,4,8,18,0,20.0,12,8,4,18,1,80.0,H
2023-03-18,Brentford,Leicester,1,1,D,2,1,1,0,32,27,24,81,0,20.0,23,29,30,83,1,10.500000000000004,1,6,10,25,0,0.0,13,10,6,25,0,80.0,H
2023-03-18,Southampton,Tottenham,3,3,D,7,3,0,0,15,13,32,76,0,9.0,31,31,30,98,2,18.200000000000006,11,15,22,52,2,30.0,17,22,15,62,1,50.0,A
2023-03-18,Wolves,Leeds,2,4,A,8,4,1,0,21,17,30,67,3,13.2,15,21,32,70,2,8.500000000000002,11,13,15,47,2,33.33333333333333,14,15,13,45,1,44.44444444444444,H
2023-03-18,Chelsea,Everton,2,2,D,7,3,0,0,27,19,17,80,1,14.1,18,15,32,69,0,10.500000000000002,10,6,8,64,0,20.0,16,8,6,31,0,40.0,H
2023-03-19,Arsenal,Crystal Palace,4,1,H,5,4,0,0,48,45,18,104,0,25.700000000000003,21,13,23,53,3,8.100000000000003,12,14,16,39,1,20.0,12,16,14,42,0,20.0,H
2023-04-01,Man City,Liverpool,4,1,H,8,1,0,0,44,44,19,111,1,24.500000000000007,33,32,23,115,0,18.800000000000004,9,17,18,38,0,10.0,15,18,17,38,0,30.0,H
2023-04-01,Arsenal,Leeds,4,1,H,6,5,0,0,48,46,18,100,0,26.300000000000004,17,25,34,73,1,10.8,25,28,10,87,1,80.0,4,10,28,34,2,10.0,H
2023-04-01,Bournemouth,Fulham,2,1,H,7,2,0,0,16,19,35,71,0,8.700000000000001,28,26,26,79,1,15.4,4,5,2,11,0,50.0,1,2,5,5,1,0.0,A
2023-04-01,Brighton,Brentford,3,3,D,15,5,0,0,32,40,28,122,0,19.1,33,28,22,81,1,19.500000000000004,12,6,2,21,0,80.0,3,2,6,17,0,20.0,H
2023-04-01,Crystal Palace,Leicester,2,1,H,9,2,0,0,18,12,26,52,3,6.600000000000003,24,28,25,77,1,10.6,10,16,13,36,0,20.0,16,13,16,37,2,40.0,A
2023-04-01,Nottingham,Wolves,1,1,D,7,1,0,0,22,16,32,64,0,11.400000000000002,21,19,32,71,4,11.800000000000002,0,0,1,2,0,0.0,3,1,0,2,0,100.0,H
2023-04-01,Chelsea,Aston Villa,0,2,A,8,2,0,0,25,19,18,84,1,13.4,31,29,29,93,1,18.90000000000001,25,24,6,52,1,80.0,4,6,24,34,1,10.0,H
2023-04-02,West Ham,Southampton,1,0,H,2,3,0,0,20,21,26,77,0,10.0,16,15,33,77,0,9.7,13,14,10,47,3,30.0,13,10,14,41,0,30.0,H
2023-04-02,Newcastle,Man United,2,0,H,6,1,0,0,40,32,13,98,1,20.000000000000007,38,33,27,110,1,20.40000000000001,6,10,24,46,0,10.0,21,24,10,68,0,60.0,H
2023-04-03,Everton,Tottenham,1,1,D,6,2,1,1,16,15,33,67,0,10.8,32,33,30,98,1,17.900000000000006,7,4,22,19,2,10.0,19,22,4,47,1,50.0,A
2023-04-04,Bournemouth,Brighton,0,2,A,3,6,0,0,18,21,36,77,0,11.000000000000002,30,38,29,126,0,18.700000000000003,7,7,7,18,0,40.0,7,7,7,28,0,40.0,A
2023-04-04,Leeds,Nottingham,2,1,H,6,1,0,0,17,25,36,74,1,10.000000000000002,23,17,29,68,0,11.6,0,0,1,4,0,0.0,3,1,0,2,0,100.0,H
2023-04-04,Leicester,Aston Villa,1,2,A,4,5,1,0,21,25,27,72,1,9.2,33,31,29,88,1,20.40000000000001,15,16,12,50,0,40.0,12,12,16,35,0,30.0,H
2023-04-04,Chelsea,Liverpool,0,0,D,3,4,0,0,22,16,20,85,1,12.400000000000002,32,30,24,109,0,17.000000000000007,12,10,11,38,3,20.0,12,11,10,50,0,20.0,A
2023-04-05,Man United,Brentford,1,0,H,3,1,0,0,38,30,23,103,1,18.90000000000001,33,31,25,82,1,18.8,12,12,6,24,0,80.0,3,6,12,31,0,20.0,H
2023-04-05,West Ham,Newcastle,1,5,A,2,8,0,0,23,22,25,75,0,12.6,42,33,12,97,1,20.90000000000001,12,20,18,50,1,30.0,15,18,20,41,0,40.0,A
2023-04-08,Man United,Everton,2,0,H,11,1,0,0,38,29,22,102,1,19.600000000000005,17,15,32,71,1,10.7,16,15,11,58,0,40.0,10,11,15,25,0,20.0,H
2023-04-08,Aston Villa,Nottingham,2,0,H,3,2,0,0,35,32,29,91,1,21.800000000000004,22,17,30,66,0,10.2,1,1,1,2,0,0.0,1,1,1,3,0,0.0,H
2023-04-08,Brentford,Newcastle,1,2,A,6,4,0,0,33,30,21,80,1,17.200000000000006,42,34,12,95,1,22.000000000000007,2,7,15,13,2,0.0,11,15,7,46,0,60.0,A
2023-04-08,Fulham,West Ham,0,1,A,3,5,0,0,28,26,24,80,0,14.000000000000002,20,21,30,72,0,11.000000000000002,11,11,18,51,0,30.0,17,18,11,64,2,50.0,H
2023-04-08,Leicester,Bournemouth,0,1,A,4,7,0,0,21,25,27,71,2,8.200000000000001,15,19,37,76,0,10.1,8,9,11,36,1,11.11111111111111,14,11,9,27,1,33.33333333333333,H
2023-04-08,Tottenham,Brighton,2,1,H,3,4,0,0,30,33,31,97,2,17.100000000000005,32,37,26,126,0,19.9,18,11,9,39,0,60.0,12,9,11,36,0,40.0,A
2023-04-08,Wolves,Chelsea,1,0,H,4,1,0,0,22,20,30,70,4,12.1,20,14,20,84,1,11.9,11,11,16,27,0,20.0,14,16,11,48,0,30.0,H
2023-04-08,Southampton,Man City,1,4,A,1,8,0,0,16,15,30,80,0,8.5,44,42,17,109,1,25.800000000000004,4,6,21,31,0,0.0,22,21,6,49,0,60.0,A
2023-04-09,Leeds,Crystal Palace,1,5,A,7,8,0,0,20,27,36,76,1,12.1,20,14,27,60,3,9.000000000000002,11,6,6,24,0,42.85714285714285,8,6,6,30,0,28.57142857142857,H
2023-04-09,Liverpool,Arsenal,2,2,D,6,5,0,0,33,28,21,110,0,16.500000000000004,48,47,17,99,0,26.90000000000001,23,27,9,60,0,70.0,5,9,27,33,0,10.0,A
2023-04-15,Aston Villa,Newcastle,3,0,H,6,2,0,0,38,34,27,87,1,23.1,42,31,12,93,1,22.700000000000006,15,10,8,32,0,40.0,12,8,10,29,0,30.0,A
2023-04-15,Chelsea,Brighton,1,2,A,2,10,0,0,19,14,21,80,1,11.2,32,38,27,126,0,18.700000000000006,15,15,10,57,0,30.0,9,10,15,39,1,10.0,A
2023-04-15,Everton,Fulham,1,3,A,7,7,0,0,17,15,32,72,1,10.2,28,25,22,81,0,12.600000000000003,23,23,9,72,0,70.0,5,9,23,46,0,10.0,H
2023-04-15,Southampton,Crystal Palace,0,2,A,4,2,0,0,15,15,33,73,0,8.100000000000001,20,17,27,64,3,10.8,12,14,12,46,0,30.0,15,12,14,40,0,40.0,H
2023-04-15,Tottenham,Bournemouth,2,3,A,8,6,0,0,30,33,32,93,2,18.700000000000006,17,18,35,77,0,12.2,22,23,6,61,0,87.5,1,6,23,19,0,0.0,H
2023-04-15,Wolves,Brentford,2,0,H,9,3,0,0,22,20,30,72,4,13.7,30,29,23,83,1,15.500000000000004,7,5,7,8,1,40.0,7,7,5,11,2,40.0,H
2023-04-15,Man City,Leicester,3,1,H,4,4,0,0,44,42,18,109,1,26.100000000000005,20,25,28,70,2,7.100000000000002,27,29,13,75,0,90.0,3,13,29,36,0,10.0,H
2023-04-16,West Ham,Arsenal,2,2,D,3,5,0,0,20,19,29,69,0,13.3,46,48,19,100,0,25.50000000000001,1,10,26,33,2,0.0,28,26,10,66,0,90.0,A
2023-04-16,Nottingham,Man United,0,2,A,0,8,0,0,22,17,31,66,0,9.300000000000002,40,31,22,111,1,21.10000000000001,0,0,3,3,0,0.0,3,3,0,8,0,100.0,A
2023-04-17,Leeds,Liverpool,1,6,A,3,7,0,0,20,28,39,81,1,11.3,31,29,23,114,0,15.800000000000004,5,10,32,43,2,10.0,23,32,10,104,0,70.0,A
2023-04-21,Arsenal,Southampton,3,3,D,6,6,0,0,46,49,20,102,0,24.10000000000001,12,14,35,74,0,6.900000000000001,16,17,10,52,2,40.0,10,10,17,46,1,20.0,H
2023-04-22,Fulham,Leeds,2,1,H,5,2,0,0,30,26,21,84,0,14.200000000000005,20,27,42,79,1,10.100000000000003,13,13,13,48,0,44.44444444444444,13,13,13,53,0,44.44444444444444,H
2023-04-22,Brentford,Aston Villa,1,1,D,5,2,0,0,29,29,25,81,1,13.900000000000002,41,37,24,87,0,24.300000000000004,8,6,8,15,0,40.0,5,8,6,31,0,20.0,A
2023-04-22,Crystal Palace,Everton,0,0,D,2,5,0,1,23,19,24,64,3,13.0,17,16,34,79,1,9.000000000000002,8,13,19,38,0,20.0,20,19,13,57,1,60.0,H
2023-04-22,Leicester,Wolves,2,1,H,8,3,0,0,17,24,31,73,2,6.100000000000003,25,21,28,77,4,15.900000000000002,18,11,4,40,2,50.0,9,4,11,28,0,20.0,H
2023-04-22,Liverpool,Nottingham,3,2,H,6,5,0,0,31,34,24,114,0,17.200000000000006,21,17,33,66,0,8.000000000000002,0,0,1,7,0,0.0,3,1,0,7,0,100.0,H
2023-04-23,Bournemouth,West Ham,0,4,A,5,10,0,0,20,21,36,80,0,14.6,20,20,30,68,0,13.0,12,16,22,53,1,30.0,15,22,16,49,1,40.0,H
2023-04-23,Newcastle,Tottenham,6,1,H,8,3,0,0,41,31,15,93,1,20.800000000000008,30,35,33,99,2,17.100000000000005,8,13,23,24,2,20.0,20,23,13,56,0,60.0,H
2023-04-25,Wolves,Crystal Palace,2,0,H,3,4,0,0,25,22,26,75,4,14.500000000000002,21,18,24,63,3,12.8,7,5,12,33,1,22.22222222222222,19,12,5,44,1,66.66666666666666,H
2023-04-25,Aston Villa,Fulham,1,0,H,3,0,0,0,39,34,25,78,0,23.300000000000004,30,25,22,81,0,15.800000000000004,12,11,12,48,1,30.0,15,12,11,66,0,40.0,H
2023-04-25,Leeds,Leicester,1,1,D,3,3,0,0,17,26,43,75,1,9.300000000000002,17,22,32,77,2,8.100000000000001,11,11,17,51,1,30.0,17,17,11,56,0,50.0,H
2023-04-26,Nottingham,Brighton,3,1,H,5,7,0,0,18,18,36,64,0,7.100000000000002,35,40,26,129,0,19.700000000000006,1,0,0,0,0,0.0,1,0,0,7,0,0.0,A
2023-04-26,Chelsea,Brentford,0,2,A,4,1,0,0,18,14,22,80,1,9.900000000000002,30,30,22,83,1,13.5,7,4,8,23,0,40.0,7,8,4,31,0,40.0,A
2023-04-26,West Ham,Liverpool,1,2,A,2,4,0,0,23,24,29,75,0,15.300000000000002,34,37,25,113,0,18.700000000000006,6,9,22,34,0,20.0,24,22,9,62,0,80.0,A
2023-04-26,Man City,Arsenal,4,1,H,9,2,0,0,47,45,18,107,1,27.40000000000001,44,47,23,98,0,22.90000000000001,30,27,3,58,0,100.0,0,3,27,18,4,0.0,H
2023-04-27,Everton,Newcastle,1,4,A,5,8,0,0,15,13,34,78,2,9.500000000000002,41,36,16,97,1,21.500000000000007,11,10,15,39,2,30.0,17,15,10,53,0,50.0,A
2023-04-27,Southampton,Bournemouth,0,1,A,2,2,0,0,12,16,37,77,0,7.6,20,21,38,82,0,13.500000000000002,15,10,8,38,1,44.44444444444444,9,8,10,34,0,22.22222222222222,A
2023-04-27,Tottenham,Man United,2,2,D,7,8,0,0,30,35,37,97,2,15.7,40,31,22,109,1,21.800000000000004,9,17,20,35,0,30.0,21,20,17,54,1,70.0,A
2023-04-29,Crystal Palace,West Ham,4,3,H,6,4,0,0,18,16,25,61,3,11.7,20,23,31,73,0,14.000000000000002,12,19,20,39,1,30.0,15,20,19,41,0,40.0,H
2023-04-29,Brentford,Nottingham,2,1,H,8,3,0,0,32,31,21,81,1,15.000000000000002,21,21,32,67,0,8.900000000000002,1,2,2,2,0,0.0,1,2,2,7,0,0.0,H
2023-04-29,Brighton,Wolves,6,0,H,8,2,0,0,34,41,29,129,0,18.500000000000004,27,23,25,74,3,16.400000000000002,14,16,11,42,2,44.44444444444444,11,11,16,39,1,33.33333333333333,H
2023-04-30,Bournemouth,Leeds,4,1,H,7,6,0,0,23,20,35,80,0,15.6,15,23,41,74,1,9.1,0,3,4,6,0,0.0,3,4,3,4,0,100.0,H
2023-04-30,Fulham,Man City,1,2,A,1,9,0,0,27,22,21,76,0,14.200000000000005,47,46,18,112,1,27.700000000000006,1,6,28,33,1,0.0,28,28,6,93,1,90.0,A
2023-04-30,Man United,Aston Villa,1,0,H,6,1,0,0,40,32,23,111,1,21.10000000000001,42,35,21,81,0,24.200000000000006,15,14,13,51,0,40.0,12,13,14,43,1,30.0,H
2023-04-30,Newcastle,Southampton,3,1,H,5,3,0,0,41,38,16,100,1,22.700000000000003,12,16,37,75,0,6.700000000000001,21,20,12,39,1,60.0,6,12,20,50,0,10.0,H
2023-04-30,Liverpool,Tottenham,4,3,H,4,7,0,0,37,38,24,107,0,20.100000000000005,28,34,37,97,2,15.100000000000003,22,18,11,72,2,60.0,4,11,18,36,0,0.0,H
2023-05-01,Leicester,Everton,2,2,D,6,8,0,0,18,23,32,75,2,8.400000000000002,14,14,38,79,2,8.3,9,11,14,49,1,20.0,18,14,11,39,0,50.0,H
2023-05-02,Arsenal,Chelsea,3,1,H,10,4,0,0,41,47,27,98,0,20.500000000000007,18,13,20,77,1,9.3,16,18,16,35,1,50.0,13,16,18,46,0,40.0,H
2023-05-03,Liverpool,Fulham,1,0,H,3,3,0,0,37,40,26,105,0,21.300000000000004,26,23,23,71,0,12.8,17,19,9,77,1,50.0,11,9,19,49,0,30.0,H
2023-05-03,Man City,West Ham,3,0,H,7,2,0,0,47,47,19,116,1,28.700000000000006,20,26,34,72,0,13.000000000000002,24,24,8,68,0,70.0,3,8,24,20,0,0.0,H
2023-05-04,Brighton,Man United,1,0,H,6,5,0,0,37,46,26,135,0,19.200000000000006,40,32,23,114,1,21.800000000000008,15,18,15,39,2,50.0,15,15,18,56,0,50.0,H
2023-05-06,Bournemouth,Chelsea,1,3,A,4,5,0,0,26,21,32,81,0,17.5,18,14,22,80,1,8.100000000000001,9,7,15,26,0,33.33333333333333,18,15,7,45,0,66.66666666666666,A
2023-05-06,Man City,Leeds,2,1,H,6,2,0,0,47,48,18,118,0,29.000000000000007,15,21,41,75,0,8.6,20,31,8,90,1,60.0,8,8,31,30,1,20.0,H
2023-05-06,Tottenham,Crystal Palace,1,0,H,3,2,0,0,28,36,39,99,2,13.700000000000005,21,20,27,67,3,13.700000000000005,22,21,8,42,2,70.0,7,8,21,31,2,20.0,H
2023-05-06,Wolves,Aston Villa,1,0,H,2,3,0,0,27,21,28,71,2,15.000000000000004,39,32,21,78,0,22.40000000000001,18,15,12,46,1,50.0,9,12,15,41,0,20.0,H
2023-05-06,Liverpool,Brentford,1,0,H,5,1,0,0,37,38,25,101,0,22.4,34,31,20,87,1,16.500000000000007,8,13,9,44,0,40.0,5,9,13,17,0,20.0,H
2023-05-07,Newcastle,Arsenal,0,2,A,5,6,0,0,41,37,17,98,1,23.4,41,48,28,104,0,21.500000000000004,7,5,16,27,1,20.0,22,16,5,42,0,70.0,A
2023-05-07,West Ham,Man United,1,0,H,4,4,0,0,20,25,35,72,0,12.0,40,31,21,116,1,20.10000000000001,7,8,12,32,0,20.0,22,12,8,52,0,70.0,A
2023-05-08,Fulham,Leicester,5,3,H,7,9,0,0,26,22,22,72,0,11.500000000000002,16,23,34,73,2,8.400000000000002,15,8,4,31,0,50.0,6,4,8,37,0,12.5,H
2023-05-08,Brighton,Everton,1,5,A,5,5,0,0,37,43,25,132,0,21.1,15,16,38,85,2,9.0,13,16,19,39,0,40.0,16,19,16,48,0,50.0,H
2023-05-08,Nottingham,Southampton,4,3,H,4,5,0,0,20,20,32,63,0,8.300000000000002,12,16,36,73,0,6.4,3,1,0,1,0,100.0,0,0,1,0,0,0.0,H
2023-05-13,Leeds,Newcastle,2,2,D,4,5,1,0,15,21,40,76,0,7.600000000000001,38,33,18,99,1,21.6,10,11,13,52,0,20.0,16,13,11,56,0,40.0,A
2023-05-13,Aston Villa,Tottenham,2,1,H,4,2,0,0,36,30,21,79,0,20.000000000000004,28,33,36,94,2,15.300000000000002,6,9,23,41,0,20.0,24,23,9,60,0,80.0,H
2023-05-13,Chelsea,Nottingham,2,2,D,6,2,0,0,21,17,22,83,1,10.500000000000004,20,23,35,65,0,9.8,1,1,1,2,0,0.0,1,1,1,5,0,0.0,H
2023-05-13,Crystal Palace,Bournemouth,2,0,H,5,0,0,0,21,20,25,69,1,12.900000000000002,23,19,35,76,0,16.300000000000004,13,12,9,36,1,33.33333333333333,10,9,12,33,0,22.22222222222222,H
2023-05-13,Man United,Wolves,2,0,H,9,0,0,0,37,29,21,111,1,17.800000000000004,30,22,26,71,2,16.700000000000003,18,8,5,36,0,50.0,9,5,8,49,0,20.0,H
2023-05-13,Southampton,Fulham,0,2,A,1,4,0,0,12,18,37,73,0,5.500000000000002,29,26,23,72,0,13.200000000000005,13,17,13,50,0,30.0,13,13,17,35,0,30.0,H
2023-05-14,Brentford,West Ham,2,0,H,10,4,0,0,31,29,20,80,1,14.800000000000002,23,26,33,70,0,14.000000000000002,15,10,2,32,0,100.0,0,2,10,17,0,0.0,H
2023-05-14,Everton,Man City,0,3,A,3,4,0,0,18,21,36,87,2,10.900000000000002,50,49,17,118,0,30.00000000000001,1,5,25,24,0,0.0,28,25,5,71,0,90.0,A
2023-05-14,Arsenal,Brighton,0,3,A,2,6,0,0,41,47,27,105,0,22.40000000000001,34,41,28,129,0,18.500000000000007,14,13,10,51,0,40.0,14,10,13,34,0,40.0,H
2023-05-15,Leicester,Liverpool,0,3,A,4,5,0,0,13,24,39,76,2,7.6,37,36,24,97,0,23.6,9,8,18,22,0,30.0,21,18,8,70,0,70.0,A
2023-05-18,Newcastle,Brighton,4,1,H,9,2,0,0,36,34,20,101,1,20.300000000000004,37,43,26,133,0,20.40000000000001,11,6,11,24,0,20.0,14,11,6,45,3,30.0,A
2023-05-20,Tottenham,Brentford,1,3,A,8,4,0,0,27,32,36,88,2,13.900000000000004,33,29,18,85,1,16.1,9,6,2,20,0,40.0,3,2,6,13,0,0.0,A
2023-05-20,Bournemouth,Man United,0,1,A,4,5,0,0,23,19,35,72,0,14.900000000000002,37,28,21,112,1,19.1,7,7,16,35,1,22.22222222222222,19,16,7,48,0,66.66666666666666,A
2023-05-20,Fulham,Crystal Palace,2,2,D,4,5,0,0,29,25,23,65,0,14.900000000000004,21,20,25,68,1,14.6,11,13,10,46,2,37.5,11,10,13,42,2,37.5,H
2023-05-20,Liverpool,Aston Villa,1,1,D,5,3,0,0,37,37,23,97,0,24.700000000000003,39,31,19,77,0,21.500000000000004,27,24,14,76,0,90.0,3,14,24,37,0,10.0,H
2023-05-20,Wolves,Everton,1,1,D,5,4,0,0,27,20,27,67,2,15.3,18,20,37,84,2,10.500000000000002,17,13,11,34,1,50.0,11,11,13,48,3,30.0,H
2023-05-20,Nottingham,Arsenal,1,0,H,2,3,0,0,21,25,34,64,0,10.3,38,43,28,100,0,20.40000000000001,0,0,5,2,0,0.0,3,5,0,10,0,100.0,A
2023-05-21,West Ham,Leeds,3,1,H,9,3,0,0,23,25,32,70,0,13.000000000000004,15,23,42,79,1,8.1,13,17,19,55,1,40.0,16,19,17,61,0,50.0,H
2023-05-21,Brighton,Southampton,3,1,H,8,1,0,0,34,41,29,131,0,18.100000000000005,12,17,36,70,0,5.200000000000002,12,15,15,41,1,20.0,12,15,15,41,0,20.0,H
2023-05-21,Man City,Chelsea,1,0,H,2,6,0,0,50,49,16,113,0,30.300000000000008,19,17,24,84,1,10.300000000000002,24,12,6,44,0,80.0,6,6,12,18,0,20.0,H
2023-05-22,Newcastle,Leicester,0,0,D,4,1,0,0,36,35,21,105,1,21.800000000000008,13,24,39,78,2,6.800000000000002,12,12,24,36,1,40.0,18,24,12,48,0,60.0,H
2023-05-24,Brighton,Man City,1,1,D,7,4,0,0,37,42,26,134,0,19.700000000000003,52,49,15,112,0,31.000000000000007,3,7,29,27,0,10.0,27,29,7,73,1,90.0,A
2023-05-25,Man United,Chelsea,4,1,H,9,5,0,0,37,28,21,111,1,20.100000000000005,18,16,24,88,1,9.4,14,13,7,36,0,20.0,8,7,13,47,0,0.0,H
2023-05-28,Arsenal,Wolves,5,0,H,8,0,0,0,37,43,29,99,0,18.300000000000004,28,21,27,69,2,14.7,20,15,8,37,4,60.0,8,8,15,45,1,20.0,H
2023-05-28,Aston Villa,Brighton,2,1,H,5,4,0,0,37,30,20,76,0,20.40000000000001,35,39,26,133,0,18.700000000000006,20,14,5,36,0,66.66666666666666,5,5,14,27,2,11.11111111111111,A
2023-05-28,Brentford,Man City,1,0,H,4,3,0,0,33,30,19,83,1,17.700000000000003,50,49,16,113,0,29.300000000000008,3,2,7,16,0,20.0,12,7,2,26,0,80.0,A
2023-05-28,Chelsea,Newcastle,1,1,D,5,4,0,0,18,17,27,91,1,8.400000000000002,36,35,21,104,1,20.700000000000003,24,15,3,43,0,80.0,6,3,15,18,0,20.0,A
2023-05-28,Crystal Palace,Nottingham,1,1,D,4,4,0,0,22,22,23,69,1,14.8,23,25,33,61,0,11.800000000000002,0,0,1,0,0,0.0,3,1,0,2,0,100.0,H
2023-05-28,Everton,Bournemouth,1,0,H,6,2,0,0,18,20,37,87,2,10.1,23,19,34,74,0,14.000000000000002,11,17,19,39,1,33.33333333333333,14,19,17,52,1,44.44444444444444,H
2023-05-28,Leeds,Tottenham,1,4,A,2,7,0,0,14,22,43,76,1,7.100000000000002,27,33,37,94,2,12.500000000000002,4,11,25,44,1,10.0,25,25,11,62,1,80.0,A
2023-05-28,Leicester,West Ham,2,1,H,4,3,0,0,14,23,37,77,2,7.300000000000002,26,28,31,74,0,14.7,12,17,21,40,2,30.0,15,21,17,45,1,40.0,A
2023-05-28,Man United,Fulham,2,1,H,8,3,0,0,37,29,22,114,1,21.40000000000001,27,25,24,67,0,14.300000000000004,26,24,9,91,0,80.0,2,9,24,61,1,0.0,H
2023-05-28,Southampton,Liverpool,4,4,D,10,8,0,0,12,17,37,68,0,4.300000000000002,38,37,21,96,0,23.90000000000001,3,5,26,32,0,10.0,27,26,5,55,0,90.0,A
